timestamp,normalized_entropy,event_rate,unique_extension_rate,honeypot_flag,rename_ratio,create_ratio,modified_ratio,high_entropy_ratio,bytes_per_second,burst_duration,entropy_delta,delete_ratio,label,filepath,run_id
2026-08-16T09:53:37Z,0.48168099172658607,0.15129197169386158,0.17033144028368832,0.0,0.017464096287681502,1.0,0.0,0.03728503183794071,0.056288647588256156,0.0,0.5161246683194632,0.0,0,C:\Users\LOQ\Downloads\Rakshak AI\ml\..\ml\..\data\dataset_runs\benign_000\file_0.txt,benign_000
2026-08-16T09:53:38Z,0.5004558675590839,0.18093979934633947,0.21889089117082333,0.0,0.0,0.9921203516185838,0.0,0.0089043056766706,0.0,0.08922032623125248,0.5172162364679406,0.0,0,C:\Users\LOQ\Downloads\Rakshak AI\ml\..\ml\..\data\dataset_runs\benign_000\file_1.txt,benign_000
2026-08-16T09:53:43Z,0.4759231100250052,0.3140166336634255,0.1745101846825861,0.0,0.009365032247868313,0.6719068804022844,0.3527371894990774,0.0,0.0,0.592369632854515,0.49649041683174755,0.0,0,C:\Users\LOQ\Downloads\Rakshak AI\ml\..\ml\..\data\dataset_runs\benign_000\file_1.txt,benign_000
2026-08-16T09:53:45Z,0.47676432670022706,0.40470559972917164,0.21172007394635817,0.0,0.0175425523332777,0.7417449404696673,0.24277302054626407,0.045185392665617316,0.004326198752942834,0.7301662511561774,0.4905088283707208,0.0,0,C:\Users\LOQ\Downloads\Rakshak AI\ml\..\ml\..\data\dataset_runs\benign_000\file_2.txt,benign_000
2026-08-16T09:53:37Z,0.4779680629421621,0.08734813278244237,0.2229940650377431,0.0,0.0,0.9914648964555658,0.0018886805622773276,4.673047350667948e-05,0.12021912784146968,0.004792480273185345,0.4993755079710147,0.0,0,C:\Users\LOQ\Downloads\Rakshak AI\ml\..\ml\..\data\dataset_runs\benign_001\file_0.txt,benign_001
2026-08-16T09:53:38Z,0.5048055131160882,0.15764896610623955,0.19144193683064709,0.0,0.01361944282793831,0.9817334868927138,0.0,0.039688335524557736,0.010289480964371798,0.11911001907111776,0.5117700737516903,0.020530056886730503,0,C:\Users\LOQ\Downloads\Rakshak AI\ml\..\ml\..\data\dataset_runs\benign_001\file_1.txt,benign_001
2026-08-16T09:53:43Z,0.5033808869568708,0.28164300737374026,0.20885097626155688,0.0,0.0,0.6424666547293933,0.3309967753295376,0.0,0.003935263725119536,0.5640137831046227,0.47256097495683586,0.0,0,C:\Users\LOQ\Downloads\Rakshak AI\ml\..\ml\..\data\dataset_runs\benign_001\file_1.txt,benign_001
2026-08-16T09:53:42Z,0.7835852940719664,0.4020843183512778,0.23349955456444332,0.0,0.0,0.7461580516407342,0.2683523427921836,0.0067402112730255625,0.020039385314412565,0.4813880515905377,0.6108520836562163,0.0,0,C:\Users\LOQ\Downloads\Rakshak AI\ml\..\ml\..\data\dataset_runs\benign_001\file_2.txt,benign_001
2026-08-16T09:53:42Z,0.8027577443373074,0.5235931466209086,0.19551644614397304,0.0,0.0,0.6210898968843929,0.3437992138246867,0.0,0.0,0.42694920898666017,0.5866259456965152,0.0,0,C:\Users\LOQ\Downloads\Rakshak AI\ml\..\ml\..\data\dataset_runs\benign_001\file_2.txt,benign_001
2026-08-16T09:53:46Z,0.4831654978447075,0.5883024633531634,0.18118697851053828,0.0,0.0,0.6593034003624914,0.33448909274437855,0.005730494339323842,0.013671362951341305,0.9123159467876204,0.455305632837004,0.0,0,C:\Users\LOQ\Downloads\Rakshak AI\ml\..\ml\..\data\dataset_runs\benign_001\file_3.txt,benign_001
2026-08-16T09:53:54Z,0.4869765549289248,0.23388804601045185,0.2127080029896919,0.0,0.0018046605362453836,0.997136313423208,0.0,0.0,0.0,0.730658064577457,0.4988845661677725,0.006273874042619363,0,C:\Users\LOQ\Downloads\Rakshak AI\ml\..\ml\..\data\dataset_runs\benign_001\file_4.txt,benign_001
2026-08-16T09:53:37Z,0.5008024261578674,0.07259325468816753,0.178472701248401,0.0,0.0,1.0,0.0,0.018828724416284272,0.08744707023822075,0.009721787196383882,0.5139141185433124,0.0,0,C:\Users\LOQ\Downloads\Rakshak AI\ml\..\ml\..\data\dataset_runs\benign_002\file_0.txt,benign_002
2026-08-16T09:53:39Z,0.5029923097893816,0.15666373397669697,0.18824283268753392,0.0,0.06412258111531811,0.9861907487374123,0.0,0.002518205211339818,0.02113191880680657,0.16280294750753943,0.4811233040361671,0.001132026035965389,0,C:\Users\LOQ\Downloads\Rakshak AI\ml\..\ml\..\data\dataset_runs\benign_002\file_1.txt,benign_002
2026-08-16T09:53:39Z,0.508731077405919,0.302798294362642,0.17197952789998747,0.0,0.003131986346525455,1.0,0.0,0.015054410706403705,0.016701408061334973,0.16802443327441394,0.4864476973833953,0.026377983475776655,0,C:\Users\LOQ\Downloads\Rakshak AI\ml\..\ml\..\data\dataset_runs\benign_002\file_2.txt,benign_002
2026-08-16T09:53:37Z,0.4932556294456506,0.11155367800138859,0.21151172985397115,0.0,0.0,0.9834483108375865,0.009898268730567709,0.004456245126896249,0.035069691006821994,0.017594205908165513,0.48920535158244316,0.009459564317388378,0,C:\Users\LOQ\Downloads\Rakshak AI\ml\..\ml\..\data\dataset_runs\benign_003\file_0.txt,benign_003
2026-08-16T09:53:38Z,0.5139336899484966,0.17039277508176653,0.1562224765122438,0.0,0.0,0.512198592045087,0.5031123481997977,0.0,0.0,0.10719157366665372,0.520691985408939,0.0,0,C:\Users\LOQ\Downloads\Rakshak AI\ml\..\ml\..\data\dataset_runs\benign_003\file_0.txt,benign_003
2026-08-16T09:53:42Z,0.7875953139831913,0.3205065267485107,0.22498660515208352,0.0,0.0,0.6452391466914906,0.32803775670323104,0.0,0.0,0.47226669559854006,0.6259235681810645,0.0,0,C:\Users\LOQ\Downloads\Rakshak AI\ml\..\ml\..\data\dataset_runs\benign_003\file_1.txt,benign_003
2026-08-16T09:53:44Z,0.48563638522568864,0.3728702755238856,0.19466184514647633,0.0,0.006424645648915549,0.7421020773125263,0.24964668020573208,0.02252721730714255,0.022046613168634592,0.6918559594215479,0.5141172912892868,0.024253374271298946,0,C:\Users\LOQ\Downloads\Rakshak AI\ml\..\ml\..\data\dataset_runs\benign_003\file_2.txt,benign_003
2026-08-16T09:53:41Z,0.5239718884716268,0.5166239771940616,0.22707241580240695,0.0,0.0,0.625550253383444,0.380034170146143,0.009821094626684016,0.010528793098067524,0.39600138357174736,0.4420606126914685,0.027375644095519416,0,C:\Users\LOQ\Downloads\Rakshak AI\ml\..\ml\..\data\dataset_runs\benign_003\file_2.txt,benign_003
2026-08-16T09:53:52Z,0.45311690736819205,0.3151553795461066,0.22768591913842479,0.0,0.007078335528589997,0.9937375665660128,0.0,0.016855429704816762,0.0,0.9370270230202546,0.4190568709444771,0.0,0,C:\Users\LOQ\Downloads\Rakshak AI\ml\..\ml\..\data\dataset_runs\benign_003\file_3.txt,benign_003
2026-08-16T09:53:55Z,0.5154730723835693,0.19990021446935724,0.18301630703353294,0.0,0.0,0.9899445967909122,0.023561880321702016,0.0,0.008115030750516243,0.33366285699780596,0.4741258924264,0.002345938943275166,0,C:\Users\LOQ\Downloads\Rakshak AI\ml\..\ml\..\data\dataset_runs\benign_003\file_4.txt,benign_003
2026-08-16T09:53:54Z,0.46219063971179575,0.27996557467373245,0.20335126110214777,0.0,0.025147243019295468,0.6890266243263151,0.35654659300253816,0.0,0.008274777012997819,0.2914067272503923,0.4976103299824922,0.0,0,C:\Users\LOQ\Downloads\Rakshak AI\ml\..\ml\..\data\dataset_runs\benign_003\file_4.txt,benign_003
2026-08-16T09:53:46Z,0.5201525056824724,0.3626826055496072,0.22928113640715003,0.0,0.0019396629537718993,0.7405076448900416,0.23495491511220504,0.0,0.48082807556077617,0.0,0.505491057252609,0.0,0,C:\Users\LOQ\Downloads\Rakshak AI\ml\..\ml\..\data\dataset_runs\benign_003\file_5.txt,benign_003
2026-08-16T09:53:49Z,0.4969658642795994,0.5006115345194151,0.1771356170141673,0.0,0.04084755737767546,0.6147274159255044,0.3894862335427594,0.0029777970501167934,0.029368887086586762,0.2307679887982207,0.4961688920629156,0.03210230986599136,0,C:\Users\LOQ\Downloads\Rakshak AI\ml\..\ml\..\data\dataset_runs\benign_003\file_5.txt,benign_003
2026-08-16T09:53:53Z,0.7601798352267711,0.6239516832330005,0.18431219350824052,0.0,0.0,0.6839858523733592,0.3022729614519644,0.0,0.0073908568235237304,0.6502251874436731,0.6487769112494088,0.004834418020308204,0,C:\Users\LOQ\Downloads\Rakshak AI\ml\..\ml\..\data\dataset_runs\benign_003\file_6.txt,benign_003
2026-08-16T09:53:38Z,0.8047404036383086,0.08850553331096297,0.1814867094602179,0.0,0.006277222027881707,1.0,0.0026692962221930437,0.0,0.0654417945313737,0.009802317434965664,0.4912512022618739,0.0,0,C:\Users\LOQ\Downloads\Rakshak AI\ml\..\ml\..\data\dataset_runs\benign_004\file_0.txt,benign_004
2026-08-16T09:53:40Z,0.4708377215510627,0.21315806411863195,0.19025899303372695,0.0,0.0,0.9647164868904018,0.058227382494854936,0.01895928886065224,0.0020390910794653655,0.2175755611163778,0.3614921262823584,0.0,0,C:\Users\LOQ\Downloads\Rakshak AI\ml\..\ml\..\data\dataset_runs\benign_004\file_1.txt,benign_004
2026-08-16T09:53:41Z,0.7331107287496973,0.3315356150178838,0.2086743231766271,0.0,0.0,1.0,0.011847006855448301,0.0,0.0,0.31551128434810316,0.5898083219501705,0.03427333895202291,0,C:\Users\LOQ\Downloads\Rakshak AI\ml\..\ml\..\data\dataset_runs\benign_004\file_2.txt,benign_004
2026-08-16T09:53:42Z,0.5100766816356687,0.39990631373274627,0.2116413825259486,0.0,0.0,0.9899500874270736,0.0,0.0,0.012619679781048979,0.3746868385747252,0.3972678037352215,0.0,0,C:\Users\LOQ\Downloads\Rakshak AI\ml\..\ml\..\data\dataset_runs\benign_004\file_3.txt,benign_004
2026-08-16T09:53:44Z,0.4947176720282295,0.49962073854998557,0.1790756050991798,0.0,0.005787290512346201,1.0,0.0,0.0,0.011243655509149816,0.6690231134895398,0.4518676435529561,0.0060588969682158576,0,C:\Users\LOQ\Downloads\Rakshak AI\ml\..\ml\..\data\dataset_runs\benign_004\file_4.txt,benign_004
2026-08-16T09:53:47Z,0.7547291641961142,0.5882400658310367,0.20294328353616298,0.0,0.0,1.0,0.015042548364185438,0.0,0.010943105331398433,0.9247178522927675,0.5506596972350116,0.005073294951081958,0,C:\Users\LOQ\Downloads\Rakshak AI\ml\..\ml\..\data\dataset_runs\benign_004\file_5.txt,benign_004
2026-08-16T09:53:43Z,0.5003148122357107,0.6709665927945491,0.21678145427862533,0.0,0.02229997543630263,1.0,0.02383565984538398,0.0,0.019462746922054998,0.5254179815257575,0.4437204859933884,0.0,0,C:\Users\LOQ\Downloads\Rakshak AI\ml\..\ml\..\data\dataset_runs\benign_004\file_6.txt,benign_004
2026-08-16T09:53:38Z,0.46476141360095674,0.07939846618224977,0.1993739597370517,0.0,0.003429311149284147,1.0,0.03315796124755335,0.028880250843816666,0.09423662222727566,0.033064692362328195,0.49333832138265765,0.0,0,C:\Users\LOQ\Downloads\Rakshak AI\ml\..\ml\..\data\dataset_runs\benign_005\file_0.txt,benign_005
2026-08-16T09:53:40Z,0.4849273907733671,0.17979423101702288,0.19533294057318581,0.0,0.00461547586431505,1.0,0.03352309911142112,0.0,0.0,0.24549980258926446,0.4785835810158255,0.012626895812598371,0,C:\Users\LOQ\Downloads\Rakshak AI\ml\..\ml\..\data\dataset_runs\benign_005\file_1.txt,benign_005
2026-08-16T09:53:40Z,0.4908003838862146,0.3084029800206513,0.18824566688700375,0.0,0.007155740617234416,0.683126548256707,0.33243757157870507,0.0,0.0,0.22680606866880132,0.504428803422549,0.0,0,C:\Users\LOQ\Downloads\Rakshak AI\ml\..\ml\..\data\dataset_runs\benign_005\file_1.txt,benign_005
2026-08-16T09:53:40Z,0.4967842043335837,0.42164313274864473,0.20769375394851447,0.0,0.0,0.7671262242618453,0.24308755743491586,0.0,0.0,0.21855745003899085,0.4983090489163612,0.014512013749273448,0,C:\Users\LOQ\Downloads\Rakshak AI\ml\..\ml\..\data\dataset_runs\benign_005\file_2.txt,benign_005
2026-08-16T09:53:40Z,0.49245000368155073,0.5057164741395038,0.1914090004890143,0.0,0.009334790593845897,0.7915355467248103,0.20041152798501505,0.00419933806147618,0.0,0.2679477781287722,0.5021386476978701,0.017182680895104583,0,C:\Users\LOQ\Downloads\Rakshak AI\ml\..\ml\..\data\dataset_runs\benign_005\file_3.txt,benign_005
2026-08-16T09:53:38Z,0.4894918096550649,0.0916766764215838,0.2126769330935767,0.0,0.0,0.9958498369671686,0.0,0.008867948344883544,0.11837124199818455,0.017237104971201223,0.4958216609583761,0.012169541417580563,0,C:\Users\LOQ\Downloads\Rakshak AI\ml\..\ml\..\data\dataset_runs\benign_006\file_0.txt,benign_006
2026-08-16T09:53:40Z,0.4853236038294424,0.23946558665436568,0.21122589403673434,0.0,0.012880363707002374,0.5250540727356678,0.5290539272535154,0.0,0.0,0.22069437887694346,0.49787152805640467,0.006462311496313921,0,C:\Users\LOQ\Downloads\Rakshak AI\ml\..\ml\..\data\dataset_runs\benign_006\file_0.txt,benign_006
2026-08-16T09:53:42Z,0.5057759022856126,0.283306495918374,0.21832618756219366,0.0,0.0,0.6733952810431066,0.3603790373517081,0.0,0.0,0.38655885897235376,0.4662620624162445,0.011001283697477793,0,C:\Users\LOQ\Downloads\Rakshak AI\ml\..\ml\..\data\dataset_runs\benign_006\file_1.txt,benign_006
2026-08-16T09:53:42Z,0.7246950311494571,0.4353501769400937,0.19254043441381927,0.0,0.0,0.7419940903617871,0.24384693103011748,0.0,0.0,0.3628717051938448,0.6083576106955655,0.0,0,C:\Users\LOQ\Downloads\Rakshak AI\ml\..\ml\..\data\dataset_runs\benign_006\file_2.txt,benign_006
2026-08-16T09:53:40Z,0.7531383326582595,0.5181800098485574,0.2289841174053859,0.0,0.0009473404937168605,0.8254956206254042,0.18776027634469064,0.021414512042581626,0.0,0.23551598526538062,0.5884981255578181,0.0194729916309478,0,C:\Users\LOQ\Downloads\Rakshak AI\ml\..\ml\..\data\dataset_runs\benign_006\file_3.txt,benign_006
2026-08-16T09:53:41Z,0.7792689106140321,0.628873205232342,0.2189362842806823,0.0,0.0,0.6502981422446317,0.32011098378213654,0.0,0.010191874146898967,0.2815464535217101,0.5589001307465369,0.0,0,C:\Users\LOQ\Downloads\Rakshak AI\ml\..\ml\..\data\dataset_runs\benign_006\file_3.txt,benign_006
2026-08-16T09:53:52Z,0.5052804864025878,0.0995766390013048,0.19120721564513507,0.0,0.0,1.0,0.0,0.0397629879427601,0.1419432838861998,0.0,0.49258435022838387,0.0,0,C:\Users\LOQ\Downloads\Rakshak AI\ml\..\ml\..\data\dataset_runs\benign_006\file_4.txt,benign_006
2026-08-16T09:53:45Z,0.508521157787679,0.2283508158224313,0.18373578038988309,0.0,0.0,0.990774986518804,0.001146211076052289,0.007794358330363391,0.18413049059850028,0.004707499282472244,0.5032703512555251,0.012851084408143632,0,C:\Users\LOQ\Downloads\Rakshak AI\ml\..\ml\..\data\dataset_runs\benign_006\file_5.txt,benign_006
2026-08-16T09:53:46Z,0.4691217519789303,0.2821958371655612,0.19436044626195903,0.0,3.742120369304038e-05,0.6826244768197866,0.30401445990849296,0.0,0.0,0.049035306571955053,0.5192168996998735,0.00928792530820807,0,C:\Users\LOQ\Downloads\Rakshak AI\ml\..\ml\..\data\dataset_runs\benign_006\file_5.txt,benign_006
2026-08-16T09:53:43Z,0.5385871703132736,0.46043212972873343,0.18441799160855923,0.0,0.00786788369478995,0.7597371153695879,0.2677818284391998,0.0,0.3391112966859632,0.008652888498529162,0.49582424385802243,0.0025929790729389435,0,C:\Users\LOQ\Downloads\Rakshak AI\ml\..\ml\..\data\dataset_runs\benign_006\file_6.txt,benign_006
2026-08-16T09:53:38Z,0.487436102539368,0.09962338390007554,0.1870386412496534,0.0,0.0,0.9911184500904534,0.005514796896032205,0.0,0.0833226030441629,0.0,0.5207371419308633,0.03875297016252454,0,C:\Users\LOQ\Downloads\Rakshak AI\ml\..\ml\..\data\dataset_runs\benign_007\file_0.txt,benign_007
2026-08-16T09:53:40Z,0.4988312979202815,0.2011255399536007,0.19535439716892392,0.0,0.022759531629896534,1.0,0.0013326617232888346,0.013445342741056908,0.008407951744816074,0.21406202132360655,0.484948038817807,0.0,0,C:\Users\LOQ\Downloads\Rakshak AI\ml\..\ml\..\data\dataset_runs\benign_007\file_1.txt,benign_007
2026-08-16T09:53:44Z,0.7650611148565802,0.2994602518519639,0.19962427602770944,0.0,0.0,1.0,0.0,0.0,0.008673400362779502,0.5735794667005669,0.67477842070303,0.0,0,C:\Users\LOQ\Downloads\Rakshak AI\ml\..\ml\..\data\dataset_runs\benign_007\file_2.txt,benign_007
2026-08-16T09:53:45Z,0.5129925923124136,0.4083245797952139,0.20376565455494342,0.0,0.01046917424939389,0.9993763234920858,0.025482459204469357,0.01515906597758796,0.0,0.7408040287626554,0.44329853114436185,0.0,0,C:\Users\LOQ\Downloads\Rakshak AI\ml\..\ml\..\data\dataset_runs\benign_007\file_3.txt,benign_007
2026-08-16T09:53:41Z,0.7449256567636737,0.4961331931849491,0.19430944174337544,0.0,0.0,1.0,0.0009948645088321962,0.0033927908665749872,0.009128403566965933,0.3369730949002677,0.5624378349139256,0.0,0,C:\Users\LOQ\Downloads\Rakshak AI\ml\..\ml\..\data\dataset_runs\benign_007\file_4.txt,benign_007
2026-08-16T09:53:49Z,0.7366635335942435,0.5520140887735322,0.19442326708121374,0.0,0.0,0.840014846706131,0.20902294325538542,0.0024832930959392493,0.004115698553358798,0.9993626109027429,0.5949731259243933,0.017268682648982025,0,C:\Users\LOQ\Downloads\Rakshak AI\ml\..\ml\..\data\dataset_runs\benign_007\file_4.txt,benign_007
2026-08-16T09:53:48Z,0.5125043095309966,0.6070830595456408,0.21987198424194898,0.0,0.0,0.7929152090295628,0.15262287715710793,0.0,0.003567985136423771,0.7816057977318772,0.3835059253907387,0.0,0,C:\Users\LOQ\Downloads\Rakshak AI\ml\..\ml\..\data\dataset_runs\benign_007\file_5.txt,benign_007
2026-08-16T09:53:57Z,0.5095734947014878,0.30755735924023914,0.18054622043611285,0.0,0.0,0.31715004368191424,0.6466004643708443,0.019615556269962604,0.0,0.9078959830509431,0.41496349036994423,0.010210317144025777,0,C:\Users\LOQ\Downloads\Rakshak AI\ml\..\ml\..\data\dataset_runs\benign_007\file_5.txt,benign_007
2026-08-16T09:53:50Z,0.49868212296352565,0.4411417548554526,0.2055174136839147,0.0,0.0,0.4932906751512012,0.48422239557004954,0.0,0.004022092739685712,0.17009387828794928,0.47028725631704665,0.0,0,C:\Users\LOQ\Downloads\Rakshak AI\ml\..\ml\..\data\dataset_runs\benign_007\file_6.txt,benign_007
2026-08-16T09:53:38Z,0.7421285588599201,0.1069497119645587,0.24259811356634015,0.0,0.0,1.0,0.0,0.04989853706184044,0.09637644447517815,0.010609158425700586,0.5172234238362373,0.029406029107408197,0,C:\Users\LOQ\Downloads\Rakshak AI\ml\..\ml\..\data\dataset_runs\benign_008\file_0.txt,benign_008
2026-08-16T09:53:39Z,0.4930970332865903,0.24048304236581391,0.18808233304684135,0.0,0.02877699514061887,0.989644441061038,0.0,0.004351484123103348,0.008725353340621047,0.07316369343871174,0.33661186235999646,0.0,0,C:\Users\LOQ\Downloads\Rakshak AI\ml\..\ml\..\data\dataset_runs\benign_008\file_1.txt,benign_008
2026-08-16T09:53:43Z,0.5066708190823698,0.2999127640612727,0.22180090245628273,0.0,0.0,1.0,0.0015000597874359305,0.022962393081634353,0.006877664910663999,0.4303117848703724,0.4118723684832784,0.014380875179219155,0,C:\Users\LOQ\Downloads\Rakshak AI\ml\..\ml\..\data\dataset_runs\benign_008\file_2.txt,benign_008
2026-08-16T09:53:41Z,0.48117879403271624,0.41465909086961295,0.20163461976455727,0.0,0.0,0.9630331315024977,0.0,0.0044740181451086896,0.02490691007156168,0.3065041594394308,0.45097315152373696,0.005772771979947209,0,C:\Users\LOQ\Downloads\Rakshak AI\ml\..\ml\..\data\dataset_runs\benign_008\file_3.txt,benign_008
2026-08-16T09:53:47Z,0.7211261492632931,0.47616962369682164,0.17441188987798872,0.0,0.02255911049160898,0.9861504159344696,0.005597253712735471,0.014745115006637404,0.037131289678213684,0.8519436188506921,0.6051332086194038,0.0003870474767504982,0,C:\Users\LOQ\Downloads\Rakshak AI\ml\..\ml\..\data\dataset_runs\benign_008\file_4.txt,benign_008
2026-08-16T09:53:38Z,0.5036354331575412,0.1377940600551751,0.18102864279067798,0.0,0.009977467828889383,0.978594480470198,0.0,0.013728708613016132,0.08829024662597854,0.0,0.4788071402255728,0.00031444901551011875,0,C:\Users\LOQ\Downloads\Rakshak AI\ml\..\ml\..\data\dataset_runs\benign_009\file_0.txt,benign_009
2026-08-16T09:53:41Z,0.47775438093741746,0.19684836285198196,0.21188233084634017,0.0,0.0,1.0,0.0,0.006831606047757487,0.0007166865323076398,0.3002886739475204,0.47698859354017503,0.0,0,C:\Users\LOQ\Downloads\Rakshak AI\ml\..\ml\..\data\dataset_runs\benign_009\file_1.txt,benign_009
2026-08-16T09:53:39Z,0.4785728815630788,0.297761133843393,0.21114817426503246,0.0,0.016986214784443437,1.0,0.0,0.0,0.0,0.12935224859528632,0.5232262911715764,0.0,0,C:\Users\LOQ\Downloads\Rakshak AI\ml\..\ml\..\data\dataset_runs\benign_009\file_2.txt,benign_009
2026-08-16T09:53:47Z,0.49745600488607283,0.3907818842643722,0.22743860281624162,0.0,0.0,1.0,0.0,0.011143366421837424,0.0,0.8872232977474346,0.5311741020949735,0.0,0,C:\Users\LOQ\Downloads\Rakshak AI\ml\..\ml\..\data\dataset_runs\benign_009\file_3.txt,benign_009
2026-08-16T09:53:41Z,0.7477500461482989,0.4976567049357856,0.1969773931863797,0.0,0.00723410023115719,0.9693769808941702,0.0,0.0012774518686193132,8.612014188201031e-05,0.3507439953322639,0.6417124129592001,0.0,0,C:\Users\LOQ\Downloads\Rakshak AI\ml\..\ml\..\data\dataset_runs\benign_009\file_4.txt,benign_009
2026-08-16T09:53:48Z,0.5159232751129185,0.48033431609373045,0.15696719471586956,0.0,0.026734781202022915,0.9989159492466834,0.0,0.002234808505129004,0.01971700579116173,0.9149831864578362,0.44844812705587433,0.0,0,C:\Users\LOQ\Downloads\Rakshak AI\ml\..\ml\..\data\dataset_runs\benign_009\file_5.txt,benign_009
2026-08-16T09:53:55Z,0.5245530245015205,0.3315288875429132,0.17707970131570064,0.0,0.0,0.6284710600838311,0.3324113570082528,0.0,0.0,0.7974217910447285,0.5107105860843555,0.010177015847785782,0,C:\Users\LOQ\Downloads\Rakshak AI\ml\..\ml\..\data\dataset_runs\benign_009\file_5.txt,benign_009
2026-08-16T09:53:53Z,0.7437649592019455,0.41427248549724016,0.17212753660151275,0.0,0.02027936073440609,0.7410206989004107,0.25638986886374704,0.0,0.005002821826722199,0.5869213083878861,0.6263542699469239,0.020056597922211927,0,C:\Users\LOQ\Downloads\Rakshak AI\ml\..\ml\..\data\dataset_runs\benign_009\file_6.txt,benign_009
2026-08-16T09:54:00Z,0.5075571681001146,0.3044277892245634,0.1960528436796141,0.0,0.03751739467596437,0.6128541703373702,0.34245144905784397,0.033385170751547955,0.0002613470281604167,0.723054846645901,0.4663890596262862,0.042567317831974094,0,C:\Users\LOQ\Downloads\Rakshak AI\ml\..\ml\..\data\dataset_runs\benign_009\file_7.txt,benign_009
2026-08-16T09:54:03Z,0.4987309672747966,0.2762014674769965,0.21282867392401358,0.0,0.010539958407846614,0.3051138136806745,0.6815043907381041,0.0,0.0,0.8011783822663877,0.5366651262678787,0.0,0,C:\Users\LOQ\Downloads\Rakshak AI\ml\..\ml\..\data\dataset_runs\benign_009\file_7.txt,benign_009
2026-08-16T09:53:38Z,0.5005324184678513,0.10424482310094284,0.21434365289194968,0.0,0.028479410023306485,1.0,0.0,0.0,0.14021535843200353,0.0,0.5440071142206859,0.0,0,C:\Users\LOQ\Downloads\Rakshak AI\ml\..\ml\..\data\dataset_runs\benign_010\file_0.txt,benign_010
2026-08-16T09:53:41Z,0.5388565234760492,0.18007533224580347,0.18138821723419246,0.0,0.0013057651116264424,0.48608108949940565,0.4830063958238988,0.01679905467379878,0.0,0.26959118973067936,0.5076958339502448,0.0,0,C:\Users\LOQ\Downloads\Rakshak AI\ml\..\ml\..\data\dataset_runs\benign_010\file_0.txt,benign_010
2026-08-16T09:53:42Z,0.7959333733378591,0.26634380070272623,0.2574005432868674,0.0,0.0,0.7025470516160482,0.3665987412683467,0.0021157151538732854,0.008287672523374822,0.3624976840527611,0.6410645497729454,0.0006687209621061846,0,C:\Users\LOQ\Downloads\Rakshak AI\ml\..\ml\..\data\dataset_runs\benign_010\file_1.txt,benign_010
2026-08-16T09:53:46Z,0.7612382832735278,0.39482800405483887,0.18673989190035264,0.0,0.047217774901347806,0.756594261589181,0.2479905544516165,0.0,0.039214799716677795,0.7163382909479163,0.6066256536350279,0.022279738232148866,0,C:\Users\LOQ\Downloads\Rakshak AI\ml\..\ml\..\data\dataset_runs\benign_010\file_2.txt,benign_010
2026-08-16T09:53:49Z,0.7386720442748833,0.40843469835337187,0.19877026196667297,0.0,0.0,0.767242145555585,0.25974957694261125,0.005005631345988807,0.01851687548673194,0.7735103641720746,0.5340157161120791,0.0025477206262995854,0,C:\Users\LOQ\Downloads\Rakshak AI\ml\..\ml\..\data\dataset_runs\benign_010\file_3.txt,benign_010
2026-08-16T09:53:43Z,0.758359318121621,0.494006423351977,0.17070560678709246,0.0,0.0,0.6048187081382785,0.3953147765846971,0.042719167849285075,0.0,0.15784504238045158,0.5359870799767199,0.00835433412183812,0,C:\Users\LOQ\Downloads\Rakshak AI\ml\..\ml\..\data\dataset_runs\benign_010\file_3.txt,benign_010
2026-08-16T09:53:47Z,0.4954167679548041,0.5879993892005294,0.21143352873792043,0.0,0.0,0.6822936455664034,0.3327322471962313,0.016492478306638202,0.0,0.6549384560341356,0.40430477365595324,0.0,0,C:\Users\LOQ\Downloads\Rakshak AI\ml\..\ml\..\data\dataset_runs\benign_010\file_4.txt,benign_010
2026-08-16T09:53:53Z,0.5073142690999601,0.41357823195885124,0.20292930714563284,0.0,0.0,0.751672662829069,0.2633573809412084,0.0,0.0,0.7902629512142475,0.42669300556168155,0.010465776528545464,0,C:\Users\LOQ\Downloads\Rakshak AI\ml\..\ml\..\data\dataset_runs\benign_010\file_4.txt,benign_010
2026-08-16T09:53:38Z,0.4896384773419982,0.08399313366501238,0.20995231677703416,0.0,0.0,1.0,0.0,0.0,0.06484896425190352,0.0,0.5273781798889777,0.0028965468211633095,0,C:\Users\LOQ\Downloads\Rakshak AI\ml\..\ml\..\data\dataset_runs\benign_011\file_0.txt,benign_011
2026-08-16T09:53:40Z,0.790930873816018,0.19196332620288453,0.23326663207553133,0.0,0.0,0.9999511928112902,0.0,0.02516784144279281,0.010753776909724027,0.16188312614181607,0.6231938199673889,0.0,0,C:\Users\LOQ\Downloads\Rakshak AI\ml\..\ml\..\data\dataset_runs\benign_011\file_1.txt,benign_011
2026-08-16T09:53:41Z,0.7435972691426258,0.31442480111760884,0.20546780873811055,0.0,0.0,1.0,0.0,0.011964106644290191,0.02016499455446626,0.2554173683174467,0.5669682326522864,0.0,0,C:\Users\LOQ\Downloads\Rakshak AI\ml\..\ml\..\data\dataset_runs\benign_011\file_2.txt,benign_011
2026-08-16T09:53:43Z,0.7977899598508913,0.3813598700973031,0.18078478399567396,0.0,0.0,0.7364880240196968,0.22170245180571163,0.0,0.0,0.5028403238766908,0.5575017312288013,0.002527334340560469,0,C:\Users\LOQ\Downloads\Rakshak AI\ml\..\ml\..\data\dataset_runs\benign_011\file_2.txt,benign_011
2026-08-16T09:53:43Z,0.4883417868489399,0.5203521539974314,0.18844621573511586,0.0,0.0010259053802731345,0.7836383614497099,0.17163074495805558,0.004341448738849435,0.021858670815487247,0.42012253084883544,0.3839388626709508,0.013665361896584608,0,C:\Users\LOQ\Downloads\Rakshak AI\ml\..\ml\..\data\dataset_runs\benign_011\file_3.txt,benign_011
2026-08-16T09:53:47Z,0.47949110815430346,0.6067978362811909,0.1668533140937345,0.0,0.0,0.6842787123190299,0.34277096912270255,0.0,0.0,0.8717960793934771,0.4502460439947075,0.006520861595996412,0,C:\Users\LOQ\Downloads\Rakshak AI\ml\..\ml\..\data\dataset_runs\benign_011\file_3.txt,benign_011
2026-08-16T09:53:45Z,0.4935457163156424,0.7037066287802696,0.20233569936537904,0.0,0.0,0.7340157131073874,0.2828873427255783,0.0,0.04560318760109851,0.6686578731592919,0.3907319931230669,0.027031273836686458,0,C:\Users\LOQ\Downloads\Rakshak AI\ml\..\ml\..\data\dataset_runs\benign_011\file_4.txt,benign_011
2026-08-16T09:53:55Z,0.4715386539112407,0.31339672072030034,0.1939877804184245,0.0,0.017012082268945045,0.6661005998196255,0.3436142383389362,0.015758508480780108,0.0069762139553657876,0.9594954805871245,0.48915750261123975,0.0,0,C:\Users\LOQ\Downloads\Rakshak AI\ml\..\ml\..\data\dataset_runs\benign_011\file_5.txt,benign_011
2026-08-16T09:53:57Z,0.5139629064345729,0.30094770447743513,0.21216799723285862,0.0,0.0,0.3432833555006135,0.6616524217886016,0.015116548009901339,0.013023410207605139,1.0,0.5057733837840862,0.0,0,C:\Users\LOQ\Downloads\Rakshak AI\ml\..\ml\..\data\dataset_runs\benign_011\file_5.txt,benign_011
2026-08-16T09:53:48Z,0.5052254919365161,0.4129680511770033,0.18716717144114964,0.0,0.0,0.5126860851525951,0.4899152409507208,0.0,0.030845745457086352,0.13378335555510162,0.5210242759427873,0.02429180606039798,0,C:\Users\LOQ\Downloads\Rakshak AI\ml\..\ml\..\data\dataset_runs\benign_011\file_6.txt,benign_011
2026-08-16T09:54:00Z,0.5218586087931689,0.2581146805308627,0.19995749773227692,0.0,0.028450473107204867,0.3144683236229871,0.7038860800601766,0.005868128246034114,0.0,0.5034793342675583,0.4943623208367508,0.009884204387397984,0,C:\Users\LOQ\Downloads\Rakshak AI\ml\..\ml\..\data\dataset_runs\benign_011\file_6.txt,benign_011
2026-08-16T09:53:52Z,0.4841118083427661,0.38825114845890296,0.21288207947337542,0.0,0.0,0.4789392681968602,0.5104751817278971,0.0,0.27760260345658067,0.0,0.5083187534657749,0.003403738139282837,0,C:\Users\LOQ\Downloads\Rakshak AI\ml\..\ml\..\data\dataset_runs\benign_011\file_7.txt,benign_011
2026-08-16T09:54:02Z,0.48076910780211146,0.4824469656451945,0.18059425158902134,0.0,0.003530527316674129,0.39789683905276496,0.6199403909852352,0.004193109749786422,0.006193515685109037,0.9724528014706942,0.5134986336915677,0.0,0,C:\Users\LOQ\Downloads\Rakshak AI\ml\..\ml\..\data\dataset_runs\benign_011\file_7.txt,benign_011
2026-08-16T09:53:39Z,0.4922367715022804,0.13763840615778852,0.20323666961376866,0.0,0.0,0.9878457935523961,0.019554410626087055,0.0,0.07754000722570142,0.03606314286330624,0.4912254952388528,0.0,0,C:\Users\LOQ\Downloads\Rakshak AI\ml\..\ml\..\data\dataset_runs\benign_012\file_0.txt,benign_012
2026-08-16T09:53:41Z,0.49381560821744375,0.20051635525794936,0.20615965914552467,0.0,0.0,0.9848635765755366,0.021078505779434754,0.0,0.003499842340567915,0.2618509108422698,0.5137326364006836,0.0005063815897058371,0,C:\Users\LOQ\Downloads\Rakshak AI\ml\..\ml\..\data\dataset_runs\benign_012\file_1.txt,benign_012
2026-08-16T09:53:41Z,0.7673898353257779,0.2801205825277572,0.20009777943363574,0.0,0.0,1.0,0.0018308220239428674,0.009830782194962282,0.0,0.23578245018859004,0.6347887709360157,0.0,0,C:\Users\LOQ\Downloads\Rakshak AI\ml\..\ml\..\data\dataset_runs\benign_012\file_2.txt,benign_012
2026-08-16T09:53:44Z,0.487480549381403,0.41156059253069516,0.16544692512505876,0.0,0.0157186820625592,1.0,0.0,0.005815966622009395,0.00984093161799761,0.5684785974958478,0.42215356545374744,0.0,0,C:\Users\LOQ\Downloads\Rakshak AI\ml\..\ml\..\data\dataset_runs\benign_012\file_3.txt,benign_012
2026-08-16T09:53:50Z,0.5219333493758956,0.3976399320672763,0.21888431780911724,0.0,0.0,0.7707136379315371,0.23947024140231588,0.0034668955020317606,0.007458355658782101,0.9131623508480079,0.44418001576712957,0.0,0,C:\Users\LOQ\Downloads\Rakshak AI\ml\..\ml\..\data\dataset_runs\benign_012\file_3.txt,benign_012
2026-08-16T09:53:39Z,0.5026374028183591,0.0871435036081381,0.17232005804521494,0.0,0.0,1.0,0.0,0.044350576808827785,0.16718742629468136,0.0,0.514920769603018,0.0,0,C:\Users\LOQ\Downloads\Rakshak AI\ml\..\ml\..\data\dataset_runs\benign_013\file_0.txt,benign_013
2026-08-16T09:53:39Z,0.4863503294639148,0.20660577069059413,0.16354099726329363,0.0,0.012631307205380924,0.9733787525546891,0.0,0.017069786584493457,0.020259830219302038,0.05939964862806968,0.5583697328768682,0.0020092809981126407,0,C:\Users\LOQ\Downloads\Rakshak AI\ml\..\ml\..\data\dataset_runs\benign_013\file_1.txt,benign_013
2026-08-16T09:53:41Z,0.4942845938032283,0.28473962252976626,0.23384583665724956,0.0,0.012560362875355858,1.0,0.0,0.014193428987294398,0.023145313589396685,0.20517385954210937,0.4531064856777537,0.0,0,C:\Users\LOQ\Downloads\Rakshak AI\ml\..\ml\..\data\dataset_runs\benign_013\file_2.txt,benign_013
2026-08-16T09:53:47Z,0.5089704223611669,0.4251753637102295,0.22234908486194463,0.0,0.017585099013870654,0.9875871671031243,0.0,0.06225513352772285,0.025586468430189913,0.8833667653154523,0.5341662062967917,0.0,0,C:\Users\LOQ\Downloads\Rakshak AI\ml\..\ml\..\data\dataset_runs\benign_013\file_3.txt,benign_013
2026-08-16T09:53:39Z,0.4902798489637097,0.10136602221443858,0.19323753079565795,0.0,0.0,0.9650668506066683,0.0,0.0,0.1411786330134311,0.020836890947821426,0.4402702325434894,0.0,0,C:\Users\LOQ\Downloads\Rakshak AI\ml\..\ml\..\data\dataset_runs\benign_014\file_0.txt,benign_014
2026-08-16T09:53:41Z,0.49104302532148664,0.19687789845658216,0.2282753862007685,0.0,0.0,0.9815969700177823,0.0,0.0,0.02258370483772942,0.16725821125992743,0.5198956338272596,0.0,0,C:\Users\LOQ\Downloads\Rakshak AI\ml\..\ml\..\data\dataset_runs\benign_014\file_1.txt,benign_014
2026-08-16T09:53:40Z,0.49323999453297157,0.2656376424857644,0.1942492148356397,0.0,0.017480931321858566,1.0,0.0,0.0,0.0,0.11029444493040799,0.4955363638886387,0.0,0,C:\Users\LOQ\Downloads\Rakshak AI\ml\..\ml\..\data\dataset_runs\benign_014\file_2.txt,benign_014
2026-08-16T09:53:44Z,0.4887175933419438,0.34740252303731145,0.24948457952773523,0.0,0.0,1.0,0.0,0.006854846611078819,0.0,0.5348846136181215,0.5091590692626927,0.023984373114279887,0,C:\Users\LOQ\Downloads\Rakshak AI\ml\..\ml\..\data\dataset_runs\benign_014\file_3.txt,benign_014
2026-08-16T09:53:44Z,0.4796066392366057,0.48628205219332077,0.20049403455632436,0.0,0.00968682118743447,0.7945542676823368,0.17344443938305812,0.009933609708433851,0.0,0.5362207202720698,0.522347833170408,0.011220024979918556,0,C:\Users\LOQ\Downloads\Rakshak AI\ml\..\ml\..\data\dataset_runs\benign_014\file_3.txt,benign_014
2026-08-16T09:53:49Z,0.47378063839629053,0.5886155259111079,0.17151444382067987,0.0,0.0,0.8525783229969732,0.15564271113328354,0.01807336272124107,0.0,1.0,0.5020599976985419,0.0,0,C:\Users\LOQ\Downloads\Rakshak AI\ml\..\ml\..\data\dataset_runs\benign_014\file_4.txt,benign_014
2026-08-16T09:53:52Z,0.4410459364169332,0.36616270847292093,0.1883511899828827,0.0,0.00010945406326493521,0.74648784101459,0.2560517300367598,0.029606708585024576,0.013120658551972843,0.7719760056872296,0.5071359835876681,0.0,0,C:\Users\LOQ\Downloads\Rakshak AI\ml\..\ml\..\data\dataset_runs\benign_014\file_5.txt,benign_014
2026-08-16T09:53:56Z,0.47217686632763844,0.3056094910851097,0.1728689551025545,0.0,0.0,0.681434366024606,0.3462242479600908,0.008711026791531814,0.01771493483147602,0.7817417080198596,0.4957588304276761,0.0,0,C:\Users\LOQ\Downloads\Rakshak AI\ml\..\ml\..\data\dataset_runs\benign_014\file_5.txt,benign_014
2026-08-16T09:53:39Z,0.4884784889707824,0.12258024319918599,0.19170790865672113,0.0,0.029401304535902104,0.9981179718502864,0.0,0.0,0.07604539443486592,0.03352642328786193,0.5422452824555285,0.012466737893648792,0,C:\Users\LOQ\Downloads\Rakshak AI\ml\..\ml\..\data\dataset_runs\benign_015\file_0.txt,benign_015
2026-08-16T09:53:40Z,0.478910265142629,0.19525818930825994,0.1988439980393248,0.0,0.0,0.9714638179124764,0.0,0.0,0.0037537326894953524,0.09368891088066136,0.49514257841437515,0.0,0,C:\Users\LOQ\Downloads\Rakshak AI\ml\..\ml\..\data\dataset_runs\benign_015\file_1.txt,benign_015
2026-08-16T09:53:42Z,0.5112545834715234,0.30132251111060937,0.21282114257760096,0.0,0.0,1.0,0.009118299055152051,0.0,0.0,0.30267495985735543,0.5078416664595533,0.0,0,C:\Users\LOQ\Downloads\Rakshak AI\ml\..\ml\..\data\dataset_runs\benign_015\file_2.txt,benign_015
2026-08-16T09:53:46Z,0.5009043812872659,0.41478088542144126,0.19893030519474703,0.0,0.0,1.0,0.0,0.0,0.0,0.7209719446048548,0.5174529835315395,0.015898304264774298,0,C:\Users\LOQ\Downloads\Rakshak AI\ml\..\ml\..\data\dataset_runs\benign_015\file_3.txt,benign_015
2026-08-16T09:53:47Z,0.5369641269232247,0.5043635809016112,0.21369613482790173,0.0,0.0,0.9873078007384242,0.028723166392327647,0.0,0.015671872490357876,0.7896391933829645,0.4573118506095092,0.013995735501970745,0,C:\Users\LOQ\Downloads\Rakshak AI\ml\..\ml\..\data\dataset_runs\benign_015\file_4.txt,benign_015
2026-08-16T09:53:39Z,0.5054029783096621,0.11471822195677413,0.21309510250069397,0.0,0.0,1.0,0.0031762692732830978,0.0,0.11889308359645448,0.0,0.5005310273879228,0.036064870820321726,0,C:\Users\LOQ\Downloads\Rakshak AI\ml\..\ml\..\data\dataset_runs\benign_016\file_0.txt,benign_016
2026-08-16T09:53:40Z,0.500282846306267,0.2328562390468717,0.2294801218803176,0.0,0.0,0.48698390282348913,0.5265572814216954,0.0,0.0,0.08692688638137314,0.5432356527041249,0.0,0,C:\Users\LOQ\Downloads\Rakshak AI\ml\..\ml\..\data\dataset_runs\benign_016\file_0.txt,benign_016
2026-08-16T09:53:44Z,0.5155552543190725,0.28718312002501645,0.20497668920546158,0.0,0.018667123368738704,0.6597004689825657,0.30545755404174096,0.039554860101348746,0.006490937603306588,0.5387769765099396,0.4877671185602661,0.004220040965626802,0,C:\Users\LOQ\Downloads\Rakshak AI\ml\..\ml\..\data\dataset_runs\benign_016\file_1.txt,benign_016
2026-08-16T09:53:46Z,0.48757560500384023,0.37107221081354064,0.1900344722453865,0.0,0.0032700850256453837,0.5135470431788857,0.5139339564915953,0.0,0.021553773795764338,0.6844494538827667,0.4945465515659709,0.0,0,C:\Users\LOQ\Downloads\Rakshak AI\ml\..\ml\..\data\dataset_runs\benign_016\file_1.txt,benign_016
2026-08-16T09:53:42Z,0.48654202832860505,0.4832418935313253,0.22459473404945512,0.0,0.01677196554395808,0.6136992342767243,0.4328933184598196,0.0,0.00810420159345498,0.3098240094008753,0.45695321378645765,0.0,0,C:\Users\LOQ\Downloads\Rakshak AI\ml\..\ml\..\data\dataset_runs\benign_016\file_2.txt,benign_016
2026-08-16T09:53:44Z,0.512587414521105,0.5544179168458307,0.18949703250642475,0.0,0.018393539011282812,0.6687958147822441,0.31016022377201213,0.013864195917059783,0.005715985740193247,0.5333372406765295,0.469606862796644,0.0,0,C:\Users\LOQ\Downloads\Rakshak AI\ml\..\ml\..\data\dataset_runs\benign_016\file_3.txt,benign_016
2026-08-16T09:53:39Z,0.5058529743755649,0.1130359845541386,0.1903056286026945,0.0,0.0,1.0,0.007704272258241136,0.0,0.1559469349323965,0.010693739417286297,0.4895530676271916,0.0060536121190153,0,C:\Users\LOQ\Downloads\Rakshak AI\ml\..\ml\..\data\dataset_runs\benign_017\file_0.txt,benign_017
2026-08-16T09:53:42Z,0.4883290024488189,0.2234844418389561,0.20370433524241777,0.0,0.0,0.4882901850693678,0.5323602624451006,0.0,0.02316213238953551,0.27110450591888957,0.5294204988187603,0.0013266659364489478,0,C:\Users\LOQ\Downloads\Rakshak AI\ml\..\ml\..\data\dataset_runs\benign_017\file_0.txt,benign_017
2026-08-16T09:53:40Z,0.7392624822005749,0.28985391327590254,0.17552415711270147,0.0,0.0,0.6730012817430695,0.3625678114034205,8.33189370819595e-06,0.0,0.12185414173229056,0.6354852954073037,0.027193122094283255,0,C:\Users\LOQ\Downloads\Rakshak AI\ml\..\ml\..\data\dataset_runs\benign_017\file_1.txt,benign_017
2026-08-16T09:53:42Z,0.8010301627405176,0.4266949834168028,0.1942909858507208,0.0,0.007830403507908902,0.4750161624452126,0.4869011221325644,0.0,0.0,0.3469983508611206,0.5716541049583629,0.0,0,C:\Users\LOQ\Downloads\Rakshak AI\ml\..\ml\..\data\dataset_runs\benign_017\file_1.txt,benign_017
2026-08-16T09:53:42Z,0.7473492167427983,0.4925166208249296,0.22100778300731572,0.0,0.0,0.569179736189646,0.37655293226830217,0.0,0.0,0.2966194086671722,0.5947611542204557,0.028525560510111833,0,C:\Users\LOQ\Downloads\Rakshak AI\ml\..\ml\..\data\dataset_runs\benign_017\file_2.txt,benign_017
2026-08-16T09:53:49Z,0.4754886693726134,0.45037173256492596,0.1869675939268602,0.0,0.0,0.5923397752846625,0.4072538811284415,0.0,0.010513613618453124,0.8894223501790489,0.3957993205063986,0.029623987637473228,0,C:\Users\LOQ\Downloads\Rakshak AI\ml\..\ml\..\data\dataset_runs\benign_017\file_3.txt,benign_017
2026-08-16T09:53:52Z,0.493165280711159,0.31535830765239475,0.17748012392969964,0.0,0.025733605106192447,0.6954642444251002,0.3463352004838862,0.0321723628169924,0.025157130474082124,0.9320254378391651,0.44477875501470665,0.028282426392000688,0,C:\Users\LOQ\Downloads\Rakshak AI\ml\..\ml\..\data\dataset_runs\benign_017\file_4.txt,benign_017
2026-08-16T09:53:59Z,0.4807937357731243,0.3083533964271167,0.1747706897096431,0.0,0.0,1.0,0.014192719616267538,0.03171827343657435,0.0,0.9722549124821234,0.5182036186813814,0.03466558858855119,0,C:\Users\LOQ\Downloads\Rakshak AI\ml\..\ml\..\data\dataset_runs\benign_017\file_5.txt,benign_017
2026-08-16T09:53:53Z,0.7467347624278742,0.4114146757037648,0.2037795115095292,0.0,0.006940689410611112,1.0,0.0,0.05165330343026011,0.03835643701212531,0.36884513778922795,0.6526402152218983,0.006784007927534634,0,C:\Users\LOQ\Downloads\Rakshak AI\ml\..\ml\..\data\dataset_runs\benign_017\file_6.txt,benign_017
2026-08-16T09:53:39Z,0.48448967559354605,0.06540679394080834,0.21279862848353787,0.0,0.0,1.0,0.0013378413599383584,0.0,0.12356096585667897,0.0,0.5015541770288922,0.0,0,C:\Users\LOQ\Downloads\Rakshak AI\ml\..\ml\..\data\dataset_runs\benign_018\file_0.txt,benign_018
2026-08-16T09:53:41Z,0.4969428972654216,0.21155685213510642,0.19059845823261137,0.0,0.0,0.9691146977493391,0.0,0.0,0.0,0.1625242153620052,0.4991281049737346,0.018405159049321114,0,C:\Users\LOQ\Downloads\Rakshak AI\ml\..\ml\..\data\dataset_runs\benign_018\file_1.txt,benign_018
2026-08-16T09:53:41Z,0.5165011575140636,0.2984517886639738,0.18323449261317032,0.0,0.019711932844552086,0.9850243605361202,0.0,0.015590841625099772,0.0,0.23435933579501994,0.5241373697291751,0.00015855351023199695,0,C:\Users\LOQ\Downloads\Rakshak AI\ml\..\ml\..\data\dataset_runs\benign_018\file_2.txt,benign_018
2026-08-16T09:53:48Z,0.4923537043653925,0.4363756897107413,0.17900231334785863,0.0,0.0,0.9951689741957241,0.022486808786023254,0.0,0.0,0.8447437374020172,0.49508832398817504,0.006247082987838813,0,C:\Users\LOQ\Downloads\Rakshak AI\ml\..\ml\..\data\dataset_runs\benign_018\file_3.txt,benign_018
2026-08-16T09:53:43Z,0.4925523936785277,0.5143727861394118,0.2028707417778139,0.0,0.006141857685220199,0.7812090409144258,0.21185697815652865,0.0,0.01098746448501045,0.42131582818216756,0.5108365851896799,0.0,0,C:\Users\LOQ\Downloads\Rakshak AI\ml\..\ml\..\data\dataset_runs\benign_018\file_3.txt,benign_018
2026-08-16T09:53:49Z,0.5039885321122175,0.579687202879606,0.19789619323189317,0.0,0.043504165784640815,0.8440843977957115,0.16818424861035147,0.0,0.0,0.9920577985921185,0.5031097344180996,0.015224049997309766,0,C:\Users\LOQ\Downloads\Rakshak AI\ml\..\ml\..\data\dataset_runs\benign_018\file_4.txt,benign_018
2026-08-16T09:53:48Z,0.5200621595924537,0.7052776084679746,0.22816837843369492,0.0,0.0,0.8614803500752138,0.1659916095390511,0.0,0.0,0.8993652559006496,0.48783946048193777,0.0012165812105989543,0,C:\Users\LOQ\Downloads\Rakshak AI\ml\..\ml\..\data\dataset_runs\benign_018\file_5.txt,benign_018
2026-08-16T09:53:58Z,0.5142909674359221,0.2584029574492653,0.18538583803721406,0.0,0.0010438904078792302,1.0,0.023260565054792442,0.03662678120374549,0.03037140098887315,0.9419752881167508,0.48134401422976814,0.004462961789246128,0,C:\Users\LOQ\Downloads\Rakshak AI\ml\..\ml\..\data\dataset_runs\benign_018\file_6.txt,benign_018
2026-08-16T09:53:53Z,0.4939497674375489,0.3969614089818318,0.19015434429437353,0.0,0.005881674678454994,0.9963441926501275,0.0,0.0,0.03490340308211659,0.47227566794564296,0.5039950932926798,0.0,0,C:\Users\LOQ\Downloads\Rakshak AI\ml\..\ml\..\data\dataset_runs\benign_018\file_7.txt,benign_018
2026-08-16T09:53:39Z,0.791702417007238,0.09354479557441117,0.21197365079655678,0.0,0.0,1.0,0.0,0.0,0.08168640739386167,0.016242754367976453,0.504634144857904,0.0,0,C:\Users\LOQ\Downloads\Rakshak AI\ml\..\ml\..\data\dataset_runs\benign_019\file_0.txt,benign_019
2026-08-16T09:53:42Z,0.8104084245767188,0.1976516214965148,0.20111463420335302,0.0,0.0,0.49265383485642544,0.4953942335128737,0.008676169754727982,0.004580704949327897,0.22204441632240174,0.5076258100541418,0.02525500256731406,0,C:\Users\LOQ\Downloads\Rakshak AI\ml\..\ml\..\data\dataset_runs\benign_019\file_0.txt,benign_019
2026-08-16T09:53:41Z,0.744526023114745,0.30884321480124066,0.1893537683312511,0.0,0.0,0.6616975670424098,0.3432642067061983,0.012509764500254792,0.015430611711809565,0.20294104992908424,0.4981334701897859,0.00593389654091635,0,C:\Users\LOQ\Downloads\Rakshak AI\ml\..\ml\..\data\dataset_runs\benign_019\file_1.txt,benign_019
2026-08-16T09:53:47Z,0.5066509167648081,0.37071964669177226,0.19317150298138844,0.0,0.02007710843173168,0.7343901941593554,0.24568118783847215,0.0,0.01254566872221628,0.7882699999082345,0.3679829106519269,0.01914997396730179,0,C:\Users\LOQ\Downloads\Rakshak AI\ml\..\ml\..\data\dataset_runs\benign_019\file_2.txt,benign_019
2026-08-16T09:53:46Z,0.4855955125454875,0.47591144434698146,0.17370187585758423,0.0,0.049487773025064734,0.6188535998737632,0.3995968858676076,0.014331621084320663,0.0,0.65235074688732,0.3834239896971491,0.049564516416710544,0,C:\Users\LOQ\Downloads\Rakshak AI\ml\..\ml\..\data\dataset_runs\benign_019\file_2.txt,benign_019
2026-08-16T09:53:45Z,0.45465855657412824,0.5927064327155189,0.20185967090563375,0.0,0.026361280181544294,0.6702885267935124,0.31790955152251094,0.00497830047697163,0.0025216147504789938,0.5414107178135468,0.4290964522905987,0.023087279159560655,0,C:\Users\LOQ\Downloads\Rakshak AI\ml\..\ml\..\data\dataset_runs\benign_019\file_3.txt,benign_019
2026-08-16T09:53:51Z,0.5007273906844892,0.601226475290319,0.2074735641039023,0.0,0.005214496105268901,0.47660427367314556,0.5207557948012996,0.0,0.024936721846605663,0.9768985836267008,0.43746629012903393,0.019938160055548663,0,C:\Users\LOQ\Downloads\Rakshak AI\ml\..\ml\..\data\dataset_runs\benign_019\file_3.txt,benign_019
2026-08-16T09:53:54Z,0.5146603735965076,0.5140351920619552,0.17255214520487178,0.0,0.0,0.6060246977301145,0.43764410265848097,0.0,0.0,0.9469852326126619,0.47733404170757304,0.01591047832485868,0,C:\Users\LOQ\Downloads\Rakshak AI\ml\..\ml\..\data\dataset_runs\benign_019\file_4.txt,benign_019
2026-08-16T09:54:03Z,0.4957028356454153,0.1647217026864981,0.20703528375817262,0.0,0.0027102034419284626,1.0,0.00929548265675905,0.018381300110685547,0.023920086394352648,0.8345431392603514,0.49947946236252533,0.00045976676075414573,0,C:\Users\LOQ\Downloads\Rakshak AI\ml\..\ml\..\data\dataset_runs\benign_019\file_5.txt,benign_019
2026-08-16T09:53:40Z,0.4832315281684118,0.09305244203672142,0.1915817684469043,0.0,0.009914142392888282,0.9883558988515608,0.026712117999559873,0.0,0.06361656956531257,0.0,0.5167471886931205,0.0,0,C:\Users\LOQ\Downloads\Rakshak AI\ml\..\ml\..\data\dataset_runs\benign_020\file_0.txt,benign_020
2026-08-16T09:53:41Z,0.47675432776062376,0.18198188255251785,0.16832807428152965,0.0,0.0,1.0,0.0005401206820659311,0.0013932255870219288,0.0,0.13094421548384422,0.5158871496227261,0.0065869908856546755,0,C:\Users\LOQ\Downloads\Rakshak AI\ml\..\ml\..\data\dataset_runs\benign_020\file_1.txt,benign_020
2026-08-16T09:53:45Z,0.4881912544253084,0.31335714689089494,0.17849461327354282,0.0,0.0,1.0,0.0,0.021865747551447223,0.04238090032285335,0.5722772259608566,0.5145630731348927,0.025618868618834712,0,C:\Users\LOQ\Downloads\Rakshak AI\ml\..\ml\..\data\dataset_runs\benign_020\file_2.txt,benign_020
2026-08-16T09:53:47Z,0.5037274450190268,0.3937994231538515,0.18550009267823422,0.0,0.04270851238499671,0.9742080554570629,0.0026209817790067143,0.0,0.0,0.7582463691818806,0.49458990263536456,0.0,0,C:\Users\LOQ\Downloads\Rakshak AI\ml\..\ml\..\data\dataset_runs\benign_020\file_3.txt,benign_020
2026-08-16T09:53:45Z,0.4843322296185034,0.4932738097154695,0.21249960087544884,0.0,0.0,0.984368982250462,0.021457405231353165,0.005543731380701662,0.0,0.5344515754347127,0.5109094213700249,0.0,0,C:\Users\LOQ\Downloads\Rakshak AI\ml\..\ml\..\data\dataset_runs\benign_020\file_4.txt,benign_020
2026-08-16T09:53:50Z,0.5061544289858301,0.4918334544346555,0.21910130506675987,0.0,0.0,0.9959537057562493,0.0,0.0,0.0,0.9115311386844719,0.49429561982855813,0.008846826449387895,0,C:\Users\LOQ\Downloads\Rakshak AI\ml\..\ml\..\data\dataset_runs\benign_020\file_5.txt,benign_020
2026-08-16T09:53:48Z,0.5361784282729144,0.5921723715341695,0.21014669387629092,0.0,0.0,1.0,0.0,0.0,0.0026081018498831394,0.7315541913349931,0.48541865300363657,0.03957251576869681,0,C:\Users\LOQ\Downloads\Rakshak AI\ml\..\ml\..\data\dataset_runs\benign_020\file_6.txt,benign_020
2026-08-16T09:53:51Z,0.513561128640445,0.5984232540467592,0.1967694432761241,0.0,0.0,0.8395843579170169,0.18015540238371985,0.017395523592799493,0.0037630482103557343,0.5814150264668303,0.49764804858502126,0.02767605129017293,0,C:\Users\LOQ\Downloads\Rakshak AI\ml\..\ml\..\data\dataset_runs\benign_020\file_6.txt,benign_020
2026-08-16T09:53:58Z,0.47615622264371527,0.45030095812893,0.18210461334517455,0.0,0.0018794131462747951,0.7561649558099582,0.27843886974333737,0.0,0.0,0.9861665184031635,0.5235734889659855,0.03513565102179081,0,C:\Users\LOQ\Downloads\Rakshak AI\ml\..\ml\..\data\dataset_runs\benign_020\file_7.txt,benign_020
2026-08-16T09:53:56Z,0.48998917663516484,0.5022037042454016,0.18359162784774863,0.0,0.0,0.5782784132908109,0.42010198843636765,0.0,0.013054393016018287,0.8000876172089064,0.4868232714554034,0.013163475431675505,0,C:\Users\LOQ\Downloads\Rakshak AI\ml\..\ml\..\data\dataset_runs\benign_020\file_7.txt,benign_020
2026-08-16T09:53:40Z,0.753051436494719,0.12428474025013955,0.17330477934188698,0.0,0.0,0.9872771243704911,0.005986069802074123,0.0,0.08340234859536227,0.004253613201154723,0.4982289237099944,0.025569330736015118,0,C:\Users\LOQ\Downloads\Rakshak AI\ml\..\ml\..\data\dataset_runs\benign_021\file_0.txt,benign_021
2026-08-16T09:53:42Z,0.4993828793372163,0.23233314293850013,0.2766276044862979,0.0,0.0,0.9665054513522926,0.007343395492744733,0.019459249920207217,0.0,0.24102076343050488,0.38689888621415247,0.0,0,C:\Users\LOQ\Downloads\Rakshak AI\ml\..\ml\..\data\dataset_runs\benign_021\file_1.txt,benign_021
2026-08-16T09:53:43Z,0.5050566623275072,0.29741041635267385,0.18808413761001683,0.0,0.0036054721318282213,0.6787542075929545,0.3600956242280106,0.0,0.0,0.38764575788280653,0.4521568366226709,0.0,0,C:\Users\LOQ\Downloads\Rakshak AI\ml\..\ml\..\data\dataset_runs\benign_021\file_1.txt,benign_021
2026-08-16T09:53:42Z,0.516520513185771,0.4101611738293522,0.19170146189668247,0.0,0.03584573068708637,0.7571894752726213,0.24257882193540306,0.0,0.027529160809181472,0.20595784179947213,0.45516675898395786,0.0,0,C:\Users\LOQ\Downloads\Rakshak AI\ml\..\ml\..\data\dataset_runs\benign_021\file_2.txt,benign_021
2026-08-16T09:53:42Z,0.4741150444123622,0.5445763547461285,0.18402196904688858,0.0,0.0,0.6084358467106832,0.38638253564259256,0.011760983458782168,0.0,0.20909191465117571,0.47722336618225486,0.0,0,C:\Users\LOQ\Downloads\Rakshak AI\ml\..\ml\..\data\dataset_runs\benign_021\file_2.txt,benign_021
2026-08-16T09:53:48Z,0.4537888930775514,0.5956985840699437,0.1946001771342263,0.0,0.0,0.6514578830527531,0.3133317121033199,0.026870558448334986,0.048558308314887486,0.8354128683234059,0.48206601356183104,0.0,0,C:\Users\LOQ\Downloads\Rakshak AI\ml\..\ml\..\data\dataset_runs\benign_021\file_3.txt,benign_021
2026-08-16T09:53:53Z,0.48347432850985356,0.19920420779115103,0.17883952005100504,0.0,0.009493556379533995,0.49939987482252807,0.5058890718704292,0.0,0.003056327847441483,0.5343451005129792,0.5130944830292101,0.0,0,C:\Users\LOQ\Downloads\Rakshak AI\ml\..\ml\..\data\dataset_runs\benign_021\file_3.txt,benign_021
2026-08-16T09:53:40Z,0.4969024002067327,0.09013987068702418,0.22273111314971453,0.0,0.0,0.9537949587192177,0.0,0.0,0.10707900683584398,0.015371686451796691,0.5053780658244126,0.0628623810926341,0,C:\Users\LOQ\Downloads\Rakshak AI\ml\..\ml\..\data\dataset_runs\benign_022\file_0.txt,benign_022
2026-08-16T09:53:41Z,0.4971518991470725,0.21079083154633063,0.16672062553213196,0.0,0.0,0.4677640089338893,0.5039678623488109,0.0,0.0,0.18359259058441316,0.5031382118108482,0.0,0,C:\Users\LOQ\Downloads\Rakshak AI\ml\..\ml\..\data\dataset_runs\benign_022\file_0.txt,benign_022
2026-08-16T09:53:45Z,0.7435127421910526,0.29401682933195344,0.17868744569111858,0.0,0.0,0.6617733344645733,0.30806413822031137,0.011186479991062146,0.0,0.5268136941455257,0.6046252721225974,0.0,0,C:\Users\LOQ\Downloads\Rakshak AI\ml\..\ml\..\data\dataset_runs\benign_022\file_1.txt,benign_022
2026-08-16T09:53:49Z,0.49817299482651567,0.458721252162957,0.18680840415164365,0.0,0.0,0.7446096499599208,0.25980402161929167,0.037293743775186225,0.0,0.901570146483292,0.4796734233079192,0.0,0,C:\Users\LOQ\Downloads\Rakshak AI\ml\..\ml\..\data\dataset_runs\benign_022\file_2.txt,benign_022
2026-08-16T09:53:50Z,0.5044931264096426,0.40512689409674174,0.20864629448812652,0.0,0.018230062357595802,0.7920992605596938,0.24681376807970365,0.018381624327686842,0.0,0.9017889005386569,0.45020777692071307,0.014155963718881448,0,C:\Users\LOQ\Downloads\Rakshak AI\ml\..\ml\..\data\dataset_runs\benign_022\file_3.txt,benign_022
2026-08-16T09:53:54Z,0.50002037635982,0.4264585804083658,0.19989175351804428,0.0,0.0,0.9580078569770193,0.0,0.0,0.0,0.9555611819680919,0.4106969038378167,0.0,0,C:\Users\LOQ\Downloads\Rakshak AI\ml\..\ml\..\data\dataset_runs\benign_022\file_4.txt,benign_022
2026-08-16T09:53:40Z,0.727319747171064,0.05197006042505861,0.22344291440850472,0.0,0.0,1.0,0.0,0.02540497064462064,0.06314586734798873,0.0,0.44524673506861406,0.018404935815324732,0,C:\Users\LOQ\Downloads\Rakshak AI\ml\..\ml\..\data\dataset_runs\benign_023\file_0.txt,benign_023
2026-08-16T09:53:41Z,0.7449136870630966,0.22539948520324618,0.21113090751396157,0.0,0.020831974744222485,0.4869328700716637,0.4845294178574868,0.0039762646607886185,0.003358755368941601,0.1559993612240423,0.5254256620282023,0.0,0,C:\Users\LOQ\Downloads\Rakshak AI\ml\..\ml\..\data\dataset_runs\benign_023\file_0.txt,benign_023
2026-08-16T09:53:42Z,0.5175871319858406,0.29251452137492084,0.2009493904095906,0.0,0.0,0.71456407843588,0.3353155144020958,0.0,0.010523111883781994,0.17466604101986602,0.35791780418003566,0.008874982893768398,0,C:\Users\LOQ\Downloads\Rakshak AI\ml\..\ml\..\data\dataset_runs\benign_023\file_1.txt,benign_023
2026-08-16T09:53:43Z,0.48126110084278806,0.3780398797246467,0.22850159945188395,0.0,0.0,0.7514887080760175,0.2633561016014103,0.0,0.004340043413787666,0.27162932846322435,0.3871426477910975,0.0,0,C:\Users\LOQ\Downloads\Rakshak AI\ml\..\ml\..\data\dataset_runs\benign_023\file_2.txt,benign_023
2026-08-16T09:53:45Z,0.47778394188199336,0.5092828481202528,0.19684092144768534,0.0,0.006135158138608905,0.8036309321467882,0.20052529136172118,0.0,0.0,0.5147438618608048,0.4591180082518739,0.024191694359509738,0,C:\Users\LOQ\Downloads\Rakshak AI\ml\..\ml\..\data\dataset_runs\benign_023\file_3.txt,benign_023
2026-08-16T09:53:51Z,0.49274001378376975,0.4683315358244149,0.17457355823179038,0.0,0.02012870564597653,0.8067857591022275,0.19509890751979467,0.0,0.0,0.958867990607232,0.4410802499770166,0.007232145464624045,0,C:\Users\LOQ\Downloads\Rakshak AI\ml\..\ml\..\data\dataset_runs\benign_023\file_4.txt,benign_023
2026-08-16T09:53:45Z,0.48384103575857934,0.5739594966067882,0.20628386434007412,0.0,0.030899789967924543,0.6491715065849717,0.352592495951705,0.0,0.011435870373652212,0.4068335927369642,0.4674437757587088,0.0,0,C:\Users\LOQ\Downloads\Rakshak AI\ml\..\ml\..\data\dataset_runs\benign_023\file_4.txt,benign_023
2026-08-16T09:53:51Z,0.46493606394130116,0.7230328901449339,0.21728477720916387,0.0,0.024231738224501736,0.6872111235521661,0.2940369983995789,0.0,0.0,0.9644355673306737,0.4685042901466789,0.0,0,C:\Users\LOQ\Downloads\Rakshak AI\ml\..\ml\..\data\dataset_runs\benign_023\file_5.txt,benign_023
2026-08-16T09:53:40Z,0.48665729880838743,0.08218746142344018,0.19120227658369196,0.0,0.014066797722154363,1.0,0.004964400500257558,0.0,0.061094636429553616,0.0,0.49206228520380496,0.0,0,C:\Users\LOQ\Downloads\Rakshak AI\ml\..\ml\..\data\dataset_runs\benign_024\file_0.txt,benign_024
2026-08-16T09:53:41Z,0.49151093366461623,0.1704680511216233,0.20898920940552954,0.0,0.0,0.9992304480521308,0.0,0.0,0.0,0.12575117934906857,0.49202622939503793,0.0,0,C:\Users\LOQ\Downloads\Rakshak AI\ml\..\ml\..\data\dataset_runs\benign_024\file_1.txt,benign_024
2026-08-16T09:53:45Z,0.5049148580803159,0.3170210676436548,0.16127097800578735,0.0,0.017931132052928782,1.0,0.0,0.0,0.030834269822692353,0.5884246728684127,0.4863387854218533,0.0,0,C:\Users\LOQ\Downloads\Rakshak AI\ml\..\ml\..\data\dataset_runs\benign_024\file_2.txt,benign_024
2026-08-16T09:53:45Z,0.5217090724227079,0.36848133227673047,0.16306629277212598,0.0,0.05658253752929132,0.7783470326876143,0.24628403785145417,0.010948195623894947,0.0,0.4511371403995848,0.5061420014366461,0.0,0,C:\Users\LOQ\Downloads\Rakshak AI\ml\..\ml\..\data\dataset_runs\benign_024\file_2.txt,benign_024
2026-08-16T09:53:45Z,0.4999029106379079,0.5344242567537348,0.2364042336652825,0.0,0.0,0.8065478078471938,0.19877287723512707,0.0,0.01583763913341821,0.43196369371012666,0.504184283506551,0.0,0,C:\Users\LOQ\Downloads\Rakshak AI\ml\..\ml\..\data\dataset_runs\benign_024\file_3.txt,benign_024
2026-08-16T09:53:40Z,0.7511716869572842,0.0841545629771925,0.2368811110557932,0.0,0.0019940807795840974,0.9837279316882042,0.0,0.0,0.0739652058174489,0.006611900284079366,0.4277562148913868,0.01145740769521374,0,C:\Users\LOQ\Downloads\Rakshak AI\ml\..\ml\..\data\dataset_runs\benign_025\file_0.txt,benign_025
2026-08-16T09:53:42Z,0.46929595833835047,0.20534990019138066,0.1853940096003394,0.0,0.0,0.9985916495563036,0.01765757885928179,0.011530121479294265,0.0,0.20942423980558378,0.3443061191041545,0.0,0,C:\Users\LOQ\Downloads\Rakshak AI\ml\..\ml\..\data\dataset_runs\benign_025\file_1.txt,benign_025
2026-08-16T09:53:46Z,0.5230695933115601,0.2858549027590738,0.21401285102747633,0.0,0.019690074664778873,0.9714940975045261,0.0,0.0,0.0,0.5956020186303008,0.4517103264920007,0.009277364119712608,0,C:\Users\LOQ\Downloads\Rakshak AI\ml\..\ml\..\data\dataset_runs\benign_025\file_2.txt,benign_025
2026-08-16T09:53:43Z,0.46364222278472156,0.34994680970893427,0.2452969874318765,0.0,0.036076701625247135,1.0,0.0,0.0,0.0,0.28485032702007107,0.47387015011080197,0.0005847523024726076,0,C:\Users\LOQ\Downloads\Rakshak AI\ml\..\ml\..\data\dataset_runs\benign_025\file_3.txt,benign_025
2026-08-16T09:53:48Z,0.5053237101970205,0.4927931415585392,0.16368501540326502,0.0,0.0,0.7897607664998673,0.17022579792960618,0.0,0.01423740550481304,0.8239928959339218,0.46421482552974663,0.0,0,C:\Users\LOQ\Downloads\Rakshak AI\ml\..\ml\..\data\dataset_runs\benign_025\file_3.txt,benign_025
2026-08-16T09:53:50Z,0.4930378666585865,0.6271272076555415,0.2085946714000073,0.0,0.003978558019620351,0.7920830972341681,0.15454914172404383,0.01072512716273012,0.0,0.9553335644075415,0.44850627061844445,0.05135486514328176,0,C:\Users\LOQ\Downloads\Rakshak AI\ml\..\ml\..\data\dataset_runs\benign_025\file_4.txt,benign_025
2026-08-16T09:53:53Z,0.47797775029909484,0.4916535855443346,0.19499046456229444,0.0,0.029314970338686425,0.6082020867665296,0.40281039719185463,0.0,0.01973007774839239,0.9980644477809244,0.46672616885882645,0.021205838896715706,0,C:\Users\LOQ\Downloads\Rakshak AI\ml\..\ml\..\data\dataset_runs\benign_025\file_4.txt,benign_025
2026-08-16T09:53:53Z,0.45879239142199696,0.45628576452064395,0.22122775068932876,0.0,0.019491409074492143,0.5493440323597292,0.3709068074898906,0.0,0.04571079320438122,0.6891579187611583,0.47873038079736574,0.0,0,C:\Users\LOQ\Downloads\Rakshak AI\ml\..\ml\..\data\dataset_runs\benign_025\file_5.txt,benign_025
2026-08-16T09:53:47Z,0.4997826552223544,0.5954095370769852,0.1954931243391097,0.0,0.035997285372610176,0.6139432310755765,0.3127893835724798,0.0007229591031402498,0.0,0.09316749110822718,0.5118421755833855,0.03245577212413071,0,C:\Users\LOQ\Downloads\Rakshak AI\ml\..\ml\..\data\dataset_runs\benign_025\file_6.txt,benign_025
2026-08-16T09:53:40Z,0.513686373678531,0.12151075727546497,0.2218831153265804,0.0,0.0,0.9824692148363572,0.0,0.025911242205890476,0.04615657455047663,0.014562339005375213,0.5229084950310315,0.0,0,C:\Users\LOQ\Downloads\Rakshak AI\ml\..\ml\..\data\dataset_runs\benign_026\file_0.txt,benign_026
2026-08-16T09:53:43Z,0.526882288267245,0.2152113342280788,0.21038611907201415,0.0,0.0,0.47868905159073566,0.5304120082365038,0.0,0.0,0.2818912667022609,0.49810388001801187,0.0,0,C:\Users\LOQ\Downloads\Rakshak AI\ml\..\ml\..\data\dataset_runs\benign_026\file_0.txt,benign_026
2026-08-16T09:53:43Z,0.49364837519737587,0.2640910173612209,0.21961417983123988,0.0,0.0,0.6740659103384008,0.3236701484293605,0.01443465120433166,0.0,0.36208785571878604,0.4811894241869274,0.0,0,C:\Users\LOQ\Downloads\Rakshak AI\ml\..\ml\..\data\dataset_runs\benign_026\file_1.txt,benign_026
2026-08-16T09:53:42Z,0.49028848146010673,0.433391495024816,0.20618292700827892,0.0,0.0,0.765232278811695,0.27296427714572835,0.02307876997108101,0.0,0.1962741525275114,0.5034975023727536,0.0,0,C:\Users\LOQ\Downloads\Rakshak AI\ml\..\ml\..\data\dataset_runs\benign_026\file_2.txt,benign_026
2026-08-16T09:53:49Z,0.5163091599661995,0.494423104768279,0.19569199847463675,0.0,0.04154640520128911,0.5992831948719372,0.45185486895223154,0.0,0.027685913145312213,0.9348022494197129,0.49249461198436384,0.0,0,C:\Users\LOQ\Downloads\Rakshak AI\ml\..\ml\..\data\dataset_runs\benign_026\file_2.txt,benign_026
2026-08-16T09:53:46Z,0.45513713449878973,0.6234200088686837,0.21069423459261163,0.0,0.0,0.6621248359637583,0.3518300231543461,0.010834239829688093,0.007637389209410311,0.5382655791832166,0.48148039296564454,0.043853042774783815,0,C:\Users\LOQ\Downloads\Rakshak AI\ml\..\ml\..\data\dataset_runs\benign_026\file_3.txt,benign_026
2026-08-16T09:53:50Z,0.49202037434336754,0.6785422347375345,0.20395082320619207,0.0,0.029293190837232936,0.575464640113638,0.4284988156632313,0.0,0.0,0.9160985588849295,0.488037785785127,0.002951145935617351,0,C:\Users\LOQ\Downloads\Rakshak AI\ml\..\ml\..\data\dataset_runs\benign_026\file_3.txt,benign_026
2026-08-16T09:53:57Z,0.513351226648277,0.2853095875304837,0.19548764546598446,0.0,0.01473448610525002,0.33912785598620065,0.6208394065592776,0.0,0.020341149247924465,0.8074904736355683,0.5195093707029667,0.022982597700953428,0,C:\Users\LOQ\Downloads\Rakshak AI\ml\..\ml\..\data\dataset_runs\benign_026\file_4.txt,benign_026
2026-08-16T09:53:45Z,0.4874147879901546,0.390355634588786,0.19543046375517625,0.0,0.03329944582176361,0.22924414143485905,0.7201127678134129,0.007093269605140315,0.336873321325082,0.0,0.51434022531057,0.0011833013541999585,0,C:\Users\LOQ\Downloads\Rakshak AI\ml\..\ml\..\data\dataset_runs\benign_026\file_4.txt,benign_026
2026-08-16T09:53:40Z,0.4789069485497614,0.08035479728211195,0.2243723391701291,0.0,0.0,1.0,0.010188170280758076,0.0,0.12495518403026874,0.0,0.5255311455923084,0.0,0,C:\Users\LOQ\Downloads\Rakshak AI\ml\..\ml\..\data\dataset_runs\benign_027\file_0.txt,benign_027
2026-08-16T09:53:41Z,0.5314730564351962,0.16612193900239164,0.18597238466147673,0.0,0.0,0.4895651438177691,0.5130369871476824,0.0,0.0,0.1231040765524914,0.5238338174484565,0.019145749016182618,0,C:\Users\LOQ\Downloads\Rakshak AI\ml\..\ml\..\data\dataset_runs\benign_027\file_0.txt,benign_027
2026-08-16T09:53:42Z,0.4754826776155857,0.2988159985366105,0.22022428594638627,0.0,0.015184291081806833,0.6580608843945971,0.3425373103544946,0.0031510959070168523,0.0,0.19641182524870718,0.49286265812016167,0.0,0,C:\Users\LOQ\Downloads\Rakshak AI\ml\..\ml\..\data\dataset_runs\benign_027\file_1.txt,benign_027
2026-08-16T09:53:44Z,0.49031324225048906,0.3874309330368652,0.20264924032415876,0.0,0.0025218919084897128,0.7721042513491332,0.2319761601152105,0.028082137845668008,0.0020291287301217806,0.3862933131144582,0.49012159261866756,0.0,0,C:\Users\LOQ\Downloads\Rakshak AI\ml\..\ml\..\data\dataset_runs\benign_027\file_2.txt,benign_027
2026-08-16T09:53:45Z,0.4741604129644905,0.5106383388832176,0.20459007158551787,0.0,0.009967844373582663,0.7994608553172672,0.18452328229173795,0.008956172358598524,0.0,0.48343313239049335,0.5109352798512363,0.0,0,C:\Users\LOQ\Downloads\Rakshak AI\ml\..\ml\..\data\dataset_runs\benign_027\file_3.txt,benign_027
2026-08-16T09:53:47Z,0.5008830633528539,0.6111474230425495,0.20875341201086,0.0,0.01898552092772755,0.8588120204880864,0.18806486963065516,0.0,0.0,0.646725966298763,0.4878197534873186,0.007819386324452152,0,C:\Users\LOQ\Downloads\Rakshak AI\ml\..\ml\..\data\dataset_runs\benign_027\file_4.txt,benign_027
2026-08-16T09:53:53Z,0.5083897498834731,0.42685371914799974,0.1862855444321637,0.0,0.0,0.7417048462956626,0.2669840430090677,0.0,0.011464172810982708,0.9124704602186658,0.5054596924718353,0.0,0,C:\Users\LOQ\Downloads\Rakshak AI\ml\..\ml\..\data\dataset_runs\benign_027\file_4.txt,benign_027
2026-08-16T09:53:45Z,0.5415818394691886,0.506470715048073,0.1887216690709627,0.0,0.0,0.7949294518565825,0.20503806980651185,0.0,0.0,0.04748291351806075,0.5100268834864136,0.0,0,C:\Users\LOQ\Downloads\Rakshak AI\ml\..\ml\..\data\dataset_runs\benign_027\file_5.txt,benign_027
2026-08-16T09:53:59Z,0.49324982282352303,0.18367875234984463,0.20181599242640572,0.0,0.00421956615576393,0.5070645317405602,0.47072392532520024,0.0054732766104115226,0.027384266321448057,0.6370588387102156,0.5091896621915463,0.0,0,C:\Users\LOQ\Downloads\Rakshak AI\ml\..\ml\..\data\dataset_runs\benign_027\file_6.txt,benign_027
2026-08-16T09:54:05Z,0.5240217078927569,0.19658739806524997,0.2383795287851586,0.0,0.0,0.517617007877657,0.48627937088685297,0.0,0.013021702368272109,0.61872480264871,0.4893002355277275,0.0020762294310111783,0,C:\Users\LOQ\Downloads\Rakshak AI\ml\..\ml\..\data\dataset_runs\benign_027\file_6.txt,benign_027
2026-08-16T09:53:40Z,0.7539896812887661,0.07475109038614622,0.19678221034444152,0.0,0.03357408332697565,1.0,0.031725682907382965,0.0,0.08364878014433494,0.0,0.4972143375581263,0.0,0,C:\Users\LOQ\Downloads\Rakshak AI\ml\..\ml\..\data\dataset_runs\benign_028\file_0.txt,benign_028
2026-08-16T09:53:43Z,0.4470181060420955,0.19280168259477531,0.19890216720801365,0.0,0.008559393140089187,1.0,0.02041098631697423,0.0,0.0,0.26354687667946003,0.4023964199523634,0.010197250058613798,0,C:\Users\LOQ\Downloads\Rakshak AI\ml\..\ml\..\data\dataset_runs\benign_028\file_1.txt,benign_028
2026-08-16T09:53:44Z,0.7501682621837632,0.28610106786067285,0.19725928831419792,0.0,0.039226777656627056,0.9996788724631024,0.0,0.03223137912941503,0.0,0.39231005502302935,0.6062534035994945,0.0,0,C:\Users\LOQ\Downloads\Rakshak AI\ml\..\ml\..\data\dataset_runs\benign_028\file_2.txt,benign_028
2026-08-16T09:53:47Z,0.7872686001034003,0.4121054542232551,0.20219406330754094,0.0,0.06618404904128063,0.7271063581745355,0.24791411964288215,0.0,0.0,0.6098187078569157,0.5714422083233555,0.0,0,C:\Users\LOQ\Downloads\Rakshak AI\ml\..\ml\..\data\dataset_runs\benign_028\file_2.txt,benign_028
2026-08-16T09:53:47Z,0.7341282571528849,0.5198471237691978,0.1693269610566234,0.0,0.023366638791330722,0.8219401537180895,0.18665944893337216,0.0,0.0,0.6105559574498117,0.4986242199675254,0.0,0,C:\Users\LOQ\Downloads\Rakshak AI\ml\..\ml\..\data\dataset_runs\benign_028\file_3.txt,benign_028
2026-08-16T09:53:46Z,0.7903274698217543,0.5655479234982178,0.1754718826266321,0.0,0.0,0.8102733799185786,0.15667988408388767,0.006026846201559161,0.011441203338716711,0.5971390382147898,0.5738661641334171,0.0,0,C:\Users\LOQ\Downloads\Rakshak AI\ml\..\ml\..\data\dataset_runs\benign_028\file_4.txt,benign_028
2026-08-16T09:53:51Z,0.5167955806248508,0.626205830433018,0.21588901162891613,0.0,0.00022531489785937995,0.8357247430932208,0.14179529442970829,0.0369238232454072,0.0,0.8160052416752426,0.38267973940956734,0.0,0,C:\Users\LOQ\Downloads\Rakshak AI\ml\..\ml\..\data\dataset_runs\benign_028\file_5.txt,benign_028
2026-08-16T09:54:00Z,0.5104664090380434,0.22719937269274104,0.1790591034844533,0.0,0.026875855831576836,1.0,0.0,0.0,0.01403498420343739,0.8973883228149482,0.4878684651823865,0.0,0,C:\Users\LOQ\Downloads\Rakshak AI\ml\..\ml\..\data\dataset_runs\benign_028\file_6.txt,benign_028
2026-08-16T09:53:41Z,0.4807886495738699,0.09820828221155575,0.20904363447363444,0.0,0.03022945274010243,0.9860161395169882,0.003268281128556417,0.0,0.0753731308854696,0.025894142060460014,0.4822038309075996,0.02471330932815342,0,C:\Users\LOQ\Downloads\Rakshak AI\ml\..\ml\..\data\dataset_runs\benign_029\file_0.txt,benign_029
2026-08-16T09:53:43Z,0.500404195407036,0.23732183363940143,0.20397209872219962,0.0,0.0,1.0,0.0,0.0,0.015200818623174359,0.2566248567249608,0.5095680605735984,0.0,0,C:\Users\LOQ\Downloads\Rakshak AI\ml\..\ml\..\data\dataset_runs\benign_029\file_1.txt,benign_029
2026-08-16T09:53:43Z,0.5232796041617791,0.27086143290451015,0.21908072034679937,0.0,0.025850662880412996,0.6539310386509724,0.3348212004599356,0.014800337504220636,0.011410647474900188,0.28607168981280695,0.4948222403509305,0.013252467370031674,0,C:\Users\LOQ\Downloads\Rakshak AI\ml\..\ml\..\data\dataset_runs\benign_029\file_1.txt,benign_029
2026-08-16T09:53:43Z,0.48896925278881775,0.3568678325214466,0.20705767839357217,0.0,0.0006273793831794418,0.7653436242660265,0.2693386250138558,0.010734226408761942,0.0,0.21230890731216587,0.4795808888380272,0.015688240951999766,0,C:\Users\LOQ\Downloads\Rakshak AI\ml\..\ml\..\data\dataset_runs\benign_029\file_2.txt,benign_029
2026-08-16T09:53:43Z,0.4662604431336291,0.5065508140803523,0.15676305297700155,0.0,0.009742401405934022,0.7891874761195238,0.19030939909233377,0.02161288599381149,0.0,0.2780719222351148,0.49764666170489724,0.004775330332294742,0,C:\Users\LOQ\Downloads\Rakshak AI\ml\..\ml\..\data\dataset_runs\benign_029\file_3.txt,benign_029
2026-08-16T09:53:50Z,0.47536224348100636,0.6027618006087638,0.19675046415823236,0.0,0.0,0.8206083740189619,0.1854739624069734,0.006643388857698942,0.014229070446139972,0.9172073343299142,0.5377327700865265,0.0,0,C:\Users\LOQ\Downloads\Rakshak AI\ml\..\ml\..\data\dataset_runs\benign_029\file_4.txt,benign_029
2026-08-16T09:53:54Z,0.4803046398740448,0.17743883591522722,0.20061031461857898,0.0,0.0258791146353212,0.9590660648318674,0.021597644314897226,0.018806542745208873,0.0,0.35497788586210854,0.5014907106833056,0.02498233550301335,0,C:\Users\LOQ\Downloads\Rakshak AI\ml\..\ml\..\data\dataset_runs\benign_029\file_5.txt,benign_029
2026-08-16T09:53:52Z,0.4742795305241141,0.3448488745630721,0.23017195598892126,0.0,0.02274370313997577,0.6515974975164589,0.28998471257186736,0.04397602600736421,0.0,0.13355955333598651,0.5210228586761336,0.0,0,C:\Users\LOQ\Downloads\Rakshak AI\ml\..\ml\..\data\dataset_runs\benign_029\file_5.txt,benign_029
2026-08-16T09:53:45Z,0.5064678549772335,0.41354878381450266,0.20711992363906062,0.0,0.004005826264071545,0.730721593493578,0.2433038155776195,0.0,0.4242251615895598,0.023350983396202472,0.4858381649642814,0.0,0,C:\Users\LOQ\Downloads\Rakshak AI\ml\..\ml\..\data\dataset_runs\benign_029\file_6.txt,benign_029
2026-08-16T09:54:03Z,0.5133828084347597,0.19574204531744466,0.20086710624382914,0.0,0.02275335924852617,0.48695598853226346,0.5113070444431462,0.057338318005288776,0.031119051731179098,1.0,0.5317660319933686,0.0,0,C:\Users\LOQ\Downloads\Rakshak AI\ml\..\ml\..\data\dataset_runs\benign_029\file_6.txt,benign_029
2026-08-16T09:53:41Z,0.4761673415163748,0.10999027027690665,0.22679350419305253,0.0,0.023484464549376777,0.9819603527884494,0.010773595347384658,0.013904163078280237,0.11543927107191199,0.04834170516246776,0.47603882298844485,0.011232778170269268,0,C:\Users\LOQ\Downloads\Rakshak AI\ml\..\ml\..\data\dataset_runs\benign_030\file_0.txt,benign_030
2026-08-16T09:53:43Z,0.5100577483254388,0.20881010981394227,0.21468765021234426,0.0,0.031910456254580964,0.9991408912268673,0.0,0.0,0.0,0.2358526090930903,0.5098225752604217,0.03006739434431317,0,C:\Users\LOQ\Downloads\Rakshak AI\ml\..\ml\..\data\dataset_runs\benign_030\file_1.txt,benign_030
2026-08-16T09:53:44Z,0.48002756357894993,0.3051009629100663,0.16369543513170046,0.0,0.0,1.0,0.029348591759107708,0.02555759752251871,0.017548864882408668,0.2963301542562883,0.5119261419254122,0.0,0,C:\Users\LOQ\Downloads\Rakshak AI\ml\..\ml\..\data\dataset_runs\benign_030\file_2.txt,benign_030
2026-08-16T09:53:45Z,0.7314332411009886,0.3682970424496974,0.2100332484406881,0.0,0.0,1.0,0.03331554943534315,0.01635339683864777,0.028946216329539694,0.4256767626939688,0.5941233748252925,0.013147411348161919,0,C:\Users\LOQ\Downloads\Rakshak AI\ml\..\ml\..\data\dataset_runs\benign_030\file_3.txt,benign_030
2026-08-16T09:53:49Z,0.5360945524249006,0.5058777948778059,0.17929314593240808,0.0,0.0,1.0,0.0,0.0,0.0,0.7934669769957441,0.4352401682605047,0.00969599719671473,0,C:\Users\LOQ\Downloads\Rakshak AI\ml\..\ml\..\data\dataset_runs\benign_030\file_4.txt,benign_030
2026-08-16T09:53:47Z,0.7903699646277703,0.6074882009959383,0.17653537950450804,0.0,0.017849295856636145,0.9582446561371546,0.0,0.0,0.0,0.6323295327490059,0.6082573544122921,0.009445531019568305,0,C:\Users\LOQ\Downloads\Rakshak AI\ml\..\ml\..\data\dataset_runs\benign_030\file_5.txt,benign_030
2026-08-16T09:53:54Z,0.4829585375596289,0.478784364510016,0.19963866086633744,0.0,0.004391833496053825,1.0,0.0,0.006064168431544093,0.0,1.0,0.42028520906996075,0.0095375652169588,0,C:\Users\LOQ\Downloads\Rakshak AI\ml\..\ml\..\data\dataset_runs\benign_030\file_6.txt,benign_030
2026-08-16T09:54:00Z,0.7858887366932621,0.17830023872128825,0.20959560345180622,0.0,0.0,0.978941695668061,0.0,0.011086127096918863,0.0,0.598077558863014,0.6447435598955572,0.01920567550539245,0,C:\Users\LOQ\Downloads\Rakshak AI\ml\..\ml\..\data\dataset_runs\benign_030\file_7.txt,benign_030
2026-08-16T09:53:41Z,0.4790223463139916,0.1081248792728266,0.22458026046414875,0.0,0.0008555153600275356,1.0,0.046664868314061234,0.0,0.039357127515504166,0.030315117729238394,0.4854601801513278,2.377855230577018e-07,0,C:\Users\LOQ\Downloads\Rakshak AI\ml\..\ml\..\data\dataset_runs\benign_031\file_0.txt,benign_031
2026-08-16T09:53:41Z,0.5153598463090334,0.22442830442817183,0.16867860433680182,0.0,0.0,0.9960896548536828,0.03325659648267811,0.0,0.007998224325781851,0.0519137202832397,0.4870707845827708,0.0,0,C:\Users\LOQ\Downloads\Rakshak AI\ml\..\ml\..\data\dataset_runs\benign_031\file_1.txt,benign_031
2026-08-16T09:53:47Z,0.4695815597940936,0.296658988918019,0.19568768823173854,0.0,0.001111333339541769,1.0,0.011940123568730674,0.0,0.040122793179216486,0.6075541035835721,0.5159947752596105,0.0,0,C:\Users\LOQ\Downloads\Rakshak AI\ml\..\ml\..\data\dataset_runs\benign_031\file_2.txt,benign_031
2026-08-16T09:53:44Z,0.5337757582988492,0.41421812360067534,0.20843182761142895,0.0,0.0,0.7418579593311495,0.27066290303248514,0.0014500094615722534,0.0,0.3174235367215075,0.5121249607388685,0.01401695022887505,0,C:\Users\LOQ\Downloads\Rakshak AI\ml\..\ml\..\data\dataset_runs\benign_031\file_2.txt,benign_031
2026-08-16T09:53:51Z,0.47271907667962054,0.4105228432081076,0.16351456283937904,0.0,0.0026726328401287538,0.7407730585056423,0.2850706833481513,0.012475198103219112,0.01874733426387709,0.9648409971402997,0.5191011410708549,0.0,0,C:\Users\LOQ\Downloads\Rakshak AI\ml\..\ml\..\data\dataset_runs\benign_031\file_3.txt,benign_031
2026-08-16T09:53:43Z,0.5469051749023365,0.4624474248824274,0.23251864895491703,0.0,0.0,0.6000310891983103,0.4143638137993889,0.0,0.021364094542471394,0.21490184181546668,0.5007490414834942,0.0,0,C:\Users\LOQ\Downloads\Rakshak AI\ml\..\ml\..\data\dataset_runs\benign_031\file_3.txt,benign_031
2026-08-16T09:53:46Z,0.5073902207704376,0.617981440850213,0.19794552740581292,0.0,0.0,0.6796646238561866,0.33218903530265886,0.013380064298782387,0.014111707662628288,0.5154110661074086,0.46073949276342757,0.027400527707948714,0,C:\Users\LOQ\Downloads\Rakshak AI\ml\..\ml\..\data\dataset_runs\benign_031\file_4.txt,benign_031
2026-08-16T09:53:50Z,0.500359979508004,0.6764491348489886,0.16444742998731532,0.0,0.022459193447853038,0.5630910682321953,0.4187661780186504,0.0,0.0,0.9129041471538903,0.4942812264801787,0.0,0,C:\Users\LOQ\Downloads\Rakshak AI\ml\..\ml\..\data\dataset_runs\benign_031\file_4.txt,benign_031
2026-08-16T09:53:41Z,0.47850917049678293,0.10131103848164445,0.1735838106564588,0.0,0.0,0.9767788390146067,0.0034078766841017295,0.013721049679919797,0.05608514923493326,0.0,0.5154382860948312,0.004540916391531756,0,C:\Users\LOQ\Downloads\Rakshak AI\ml\..\ml\..\data\dataset_runs\benign_032\file_0.txt,benign_032
2026-08-16T09:53:43Z,0.4830985103318164,0.24761655751427497,0.19405234262259047,0.0,0.0,0.4968949157845894,0.4979724514990064,0.023597696943864693,0.0,0.23379141943120538,0.49952360143707597,0.01238639338919643,0,C:\Users\LOQ\Downloads\Rakshak AI\ml\..\ml\..\data\dataset_runs\benign_032\file_0.txt,benign_032
2026-08-16T09:53:44Z,0.49950596238155376,0.30337831688019934,0.2241014128346851,0.0,0.034027101167464276,0.6882630390835501,0.3427155086560058,0.02046443880003387,0.029148364127590733,0.2922720702500564,0.48411072371201674,0.0,0,C:\Users\LOQ\Downloads\Rakshak AI\ml\..\ml\..\data\dataset_runs\benign_032\file_1.txt,benign_032
2026-08-16T09:53:48Z,0.5062176377795108,0.43433074802458527,0.1947434149588521,0.0,0.03569827214352124,0.7743836295338203,0.2782838640341253,0.0,0.01706785455264531,0.7095516341643219,0.5056465758431136,0.010562058904114647,0,C:\Users\LOQ\Downloads\Rakshak AI\ml\..\ml\..\data\dataset_runs\benign_032\file_2.txt,benign_032
2026-08-16T09:53:46Z,0.5055616081357882,0.5333258896061749,0.1890970790074839,0.0,0.004210167508048585,0.810485971273696,0.18348485604497097,0.0016624598165205485,0.0,0.48369961914745996,0.5402976174193539,0.0,0,C:\Users\LOQ\Downloads\Rakshak AI\ml\..\ml\..\data\dataset_runs\benign_032\file_3.txt,benign_032
2026-08-16T09:53:53Z,0.4960965870359561,0.39874100862407946,0.17985120696948703,0.0,0.020358229554071235,1.0,0.0,0.0,0.026537524360670146,0.9257546140613369,0.4921224255658517,0.021935673697671482,0,C:\Users\LOQ\Downloads\Rakshak AI\ml\..\ml\..\data\dataset_runs\benign_032\file_4.txt,benign_032
2026-08-16T09:53:45Z,0.5113504353621355,0.5006423045515392,0.19590264306773572,0.0,0.022731384870710247,0.9898702626589351,0.0,0.011865035404465882,4.1962319035517665e-05,0.12229774867152662,0.489099004696457,0.0,0,C:\Users\LOQ\Downloads\Rakshak AI\ml\..\ml\..\data\dataset_runs\benign_032\file_5.txt,benign_032
2026-08-16T09:54:01Z,0.47382264935666824,0.1808390024251358,0.20290644849578596,0.0,0.005101342386023302,1.0,0.0,0.0,0.0,0.7602796554701609,0.49493115910550933,0.0,0,C:\Users\LOQ\Downloads\Rakshak AI\ml\..\ml\..\data\dataset_runs\benign_032\file_6.txt,benign_032
2026-08-16T09:53:53Z,0.48474397963958915,0.30219410820665454,0.20273263161709462,0.0,0.00802233142441827,0.6786099453916562,0.31345977068004727,0.0006404315775223518,0.38555535699807697,0.0,0.502552997843973,0.0,0,C:\Users\LOQ\Downloads\Rakshak AI\ml\..\ml\..\data\dataset_runs\benign_032\file_6.txt,benign_032
2026-08-16T09:53:41Z,0.8032842534169361,0.0645337377885572,0.23524104084019082,0.0,0.007907427209494887,1.0,0.0,0.01756715445858316,0.06432252732576012,0.003925336207401825,0.498230349958098,0.03342636354699507,0,C:\Users\LOQ\Downloads\Rakshak AI\ml\..\ml\..\data\dataset_runs\benign_033\file_0.txt,benign_033
2026-08-16T09:53:42Z,0.4970125583190941,0.19702929235847566,0.1945253012992265,0.0,0.0,1.0,0.0004039339671336794,0.006654753294367052,0.02024448629752412,0.14109666936413087,0.3441332438123564,0.0,0,C:\Users\LOQ\Downloads\Rakshak AI\ml\..\ml\..\data\dataset_runs\benign_033\file_1.txt,benign_033
2026-08-16T09:53:43Z,0.48848010724364055,0.3346111625755468,0.2010540058284681,0.0,0.0,1.0,0.023623480140703684,0.02162246553952285,0.0,0.16602591866134564,0.41547811144789865,0.0,0,C:\Users\LOQ\Downloads\Rakshak AI\ml\..\ml\..\data\dataset_runs\benign_033\file_2.txt,benign_033
2026-08-16T09:53:43Z,0.4571031696766733,0.3978428493811972,0.16234582366618514,0.0,0.009239908425495841,0.7514993922615663,0.26713586108590065,0.021996897046690788,0.0,0.1957384408149108,0.4668793860182928,0.006941889756812534,0,C:\Users\LOQ\Downloads\Rakshak AI\ml\..\ml\..\data\dataset_runs\benign_033\file_2.txt,benign_033
2026-08-16T09:53:50Z,0.5033304757414813,0.5242155217818653,0.17987207995872856,0.0,0.0,0.8004213939088181,0.21235655114048835,0.011962412319565392,0.0,0.8875395158700363,0.43501230917867334,0.0,0,C:\Users\LOQ\Downloads\Rakshak AI\ml\..\ml\..\data\dataset_runs\benign_033\file_3.txt,benign_033
2026-08-16T09:53:48Z,0.48451864789451393,0.5828503647634509,0.19770945480788105,0.0,0.022396676084107274,0.833744615696378,0.1708912048531517,0.0,0.0,0.6332096636466972,0.47748982502730225,0.0,0,C:\Users\LOQ\Downloads\Rakshak AI\ml\..\ml\..\data\dataset_runs\benign_033\file_4.txt,benign_033
2026-08-16T09:53:41Z,0.4860017288637474,0.14828442847739762,0.19573988128330777,0.0,0.008936187485818025,1.0,0.02453378968996253,0.0,0.14965198609874858,0.01062521237051575,0.5239025465979666,0.0,0,C:\Users\LOQ\Downloads\Rakshak AI\ml\..\ml\..\data\dataset_runs\benign_034\file_0.txt,benign_034
2026-08-16T09:53:43Z,0.5058840979771421,0.20909322591380997,0.21984087873234648,0.0,0.0,0.49138837826229553,0.4987475605221001,0.016339776023034887,0.0,0.251693019907233,0.4850494303167716,0.005648263805315352,0,C:\Users\LOQ\Downloads\Rakshak AI\ml\..\ml\..\data\dataset_runs\benign_034\file_0.txt,benign_034
2026-08-16T09:53:44Z,0.5043990129440364,0.3564614500488706,0.1769356052326155,0.0,0.012490943589588546,0.6618147020824419,0.3291508420356977,0.0,0.010529679632866468,0.2198484693509473,0.48572224886736803,0.0,0,C:\Users\LOQ\Downloads\Rakshak AI\ml\..\ml\..\data\dataset_runs\benign_034\file_1.txt,benign_034
2026-08-16T09:53:48Z,0.4650534843065074,0.3915982079082237,0.1892963479331265,0.0,0.0015633349161427433,0.7430734285738899,0.2583473492302782,0.0,0.0,0.7032960177764498,0.47331862464278307,0.0,0,C:\Users\LOQ\Downloads\Rakshak AI\ml\..\ml\..\data\dataset_runs\benign_034\file_2.txt,benign_034
2026-08-16T09:53:49Z,0.7457058953504474,0.49650090146273795,0.2350626681045149,0.0,0.0,0.8082123826807132,0.17798165697676013,0.0,0.0,0.7673060676075557,0.6355586150477414,0.0,0,C:\Users\LOQ\Downloads\Rakshak AI\ml\..\ml\..\data\dataset_runs\benign_034\file_3.txt,benign_034
2026-08-16T09:53:54Z,0.7463755705084136,0.3239105822979217,0.19593910370709816,0.0,0.019390337868987636,1.0,0.006077987478285383,0.0089366769596308,0.015086086863405077,0.6792370897772205,0.547797120057674,0.0,0,C:\Users\LOQ\Downloads\Rakshak AI\ml\..\ml\..\data\dataset_runs\benign_034\file_4.txt,benign_034
2026-08-16T09:53:50Z,0.4736710478466015,0.4134674860004644,0.19177595764595803,0.0,0.0,0.9649556184891093,0.009393408405147552,0.015727480315164737,0.04805639537892905,0.1661508494978723,0.43709114706635216,0.00853167902527776,0,C:\Users\LOQ\Downloads\Rakshak AI\ml\..\ml\..\data\dataset_runs\benign_034\file_5.txt,benign_034
2026-08-16T09:53:45Z,0.5182702020316708,0.493642673134248,0.17669872012473892,0.0,0.0,0.7814846836276507,0.21896816076251668,0.00813396160385558,0.5370179420468176,0.0,0.41407606072691816,0.0,0,C:\Users\LOQ\Downloads\Rakshak AI\ml\..\ml\..\data\dataset_runs\benign_034\file_5.txt,benign_034
2026-08-16T09:53:50Z,0.737056710568748,0.6118409166558585,0.19841519102751026,0.0,0.0,0.8582329832107374,0.18067636600257767,0.013374220227574934,0.0,0.5358708572281036,0.5809931375527965,0.021164652119222888,0,C:\Users\LOQ\Downloads\Rakshak AI\ml\..\ml\..\data\dataset_runs\benign_034\file_6.txt,benign_034
2026-08-16T09:54:05Z,0.5171177073655644,0.09669950868999884,0.19681628102351628,0.0,0.0,1.0,0.003712504192837901,0.0,0.06377864230442791,0.025063210734007982,0.49028802249991743,0.0,0,C:\Users\LOQ\Downloads\Rakshak AI\ml\..\ml\..\data\dataset_runs\benign_034\file_7.txt,benign_034
2026-08-16T09:53:56Z,0.5191359947683604,0.21947409910387647,0.1755355273501777,0.0,0.038302807358150885,0.5453830126362206,0.5244402111233171,0.0005937338091099094,0.05823999695918493,0.014155274457061807,0.5120911685721095,0.014255008560460617,0,C:\Users\LOQ\Downloads\Rakshak AI\ml\..\ml\..\data\dataset_runs\benign_034\file_7.txt,benign_034
2026-08-16T09:53:41Z,0.49432441401048993,0.12161107815773536,0.1917291295661176,0.0,0.01678829036609239,1.0,0.005915989703020258,0.0,0.04512449680188031,0.0,0.5066746785342121,0.020130256208627198,0,C:\Users\LOQ\Downloads\Rakshak AI\ml\..\ml\..\data\dataset_runs\benign_035\file_0.txt,benign_035
2026-08-16T09:53:43Z,0.494609652993878,0.1731892468575661,0.181929293557854,0.0,0.00024786593135873444,0.9716897731074109,0.0,0.0,0.0,0.21438726019241075,0.48180746490476606,0.0,0,C:\Users\LOQ\Downloads\Rakshak AI\ml\..\ml\..\data\dataset_runs\benign_035\file_1.txt,benign_035
2026-08-16T09:53:44Z,0.5210837098199489,0.2693886329035037,0.1981168218685956,0.0,0.002341821201683466,0.9932508064173872,0.0,0.0,0.0,0.2710856194237987,0.5059033943134996,0.0,0,C:\Users\LOQ\Downloads\Rakshak AI\ml\..\ml\..\data\dataset_runs\benign_035\file_2.txt,benign_035
2026-08-16T09:53:49Z,0.5105799085648527,0.41891927673712465,0.21550977068423297,0.0,0.0,1.0,0.013321011928204876,0.0,0.014753509792573961,0.7592863002365736,0.4919701415576055,0.0,0,C:\Users\LOQ\Downloads\Rakshak AI\ml\..\ml\..\data\dataset_runs\benign_035\file_3.txt,benign_035
2026-08-16T09:53:51Z,0.4973820643078095,0.5017932530990415,0.18825864942432677,0.0,0.017544558135495637,0.9880080674824248,0.0,0.001402640028948565,0.004968263455210355,0.9243517908866297,0.516003290862245,0.0076759867285910235,0,C:\Users\LOQ\Downloads\Rakshak AI\ml\..\ml\..\data\dataset_runs\benign_035\file_4.txt,benign_035
2026-08-16T09:53:55Z,0.7737585286531229,0.30706699554287126,0.21048742363098252,0.0,0.045814570029271987,0.9811069872752141,0.0,0.03332181538637144,0.0,0.6676882157594081,0.6170719441911431,0.013401894226538522,0,C:\Users\LOQ\Downloads\Rakshak AI\ml\..\ml\..\data\dataset_runs\benign_035\file_5.txt,benign_035
2026-08-16T09:53:59Z,0.771887570449863,0.39880661424010644,0.22194885541515327,0.0,0.0,0.7564244883836646,0.2621094096491811,0.002809414532623551,0.005485486736330453,0.9808916340441105,0.6097233129644036,0.016607848817289814,0,C:\Users\LOQ\Downloads\Rakshak AI\ml\..\ml\..\data\dataset_runs\benign_035\file_5.txt,benign_035
2026-08-16T09:54:02Z,0.5074618580686326,0.2993491613032077,0.2115416412072524,0.0,0.018968620362645662,0.6300167671261071,0.3364314132297949,0.005558400750135176,0.0,0.6290045039542691,0.348198618851422,0.0,0,C:\Users\LOQ\Downloads\Rakshak AI\ml\..\ml\..\data\dataset_runs\benign_035\file_6.txt,benign_035
2026-08-16T09:53:41Z,0.7517149312166188,0.09903369379830948,0.17102547793434794,0.0,0.030378866323542128,0.9937078769851778,0.016853235641739045,0.0025382437123762764,0.05670345801503866,0.009876096977708644,0.501729333909045,0.008579058100464445,0,C:\Users\LOQ\Downloads\Rakshak AI\ml\..\ml\..\data\dataset_runs\benign_036\file_0.txt,benign_036
2026-08-16T09:53:44Z,0.770214966341181,0.17779590153489072,0.17858147898930396,0.0,0.029905335997102704,0.5122166582509609,0.48233239344965523,0.011759744921160852,0.026382701971043563,0.2710341577568395,0.4969245091934372,0.0,0,C:\Users\LOQ\Downloads\Rakshak AI\ml\..\ml\..\data\dataset_runs\benign_036\file_0.txt,benign_036
2026-08-16T09:53:47Z,0.4971851528756276,0.2900688764383313,0.20103845520032437,0.0,0.0,0.659807943449672,0.3238277610770976,0.0037465697707336726,0.0,0.5262868670353779,0.37660554938016644,0.029584192502018554,0,C:\Users\LOQ\Downloads\Rakshak AI\ml\..\ml\..\data\dataset_runs\benign_036\file_1.txt,benign_036
2026-08-16T09:53:50Z,0.49110353439371546,0.4087798109388448,0.22992878227135563,0.0,0.0,0.7540775161969322,0.22988146099795798,0.029028696282352415,0.0,0.8684287822292396,0.3868517456542964,0.004243717909184937,0,C:\Users\LOQ\Downloads\Rakshak AI\ml\..\ml\..\data\dataset_runs\benign_036\file_2.txt,benign_036
2026-08-16T09:53:45Z,0.7868088876051326,0.5005430563952032,0.19681541845458017,0.0,0.010712297673669739,0.7930207738615538,0.20304089935189906,0.0,0.0,0.31838226084997584,0.5891612556677726,0.02373636343074556,0,C:\Users\LOQ\Downloads\Rakshak AI\ml\..\ml\..\data\dataset_runs\benign_036\file_3.txt,benign_036
2026-08-16T09:53:46Z,0.4806627581422229,0.5860804542644928,0.22405015085032998,0.0,0.0,0.8321405297297773,0.1658948921969672,0.0,0.03220396795107592,0.4528793609708378,0.40025629126522433,0.0,0,C:\Users\LOQ\Downloads\Rakshak AI\ml\..\ml\..\data\dataset_runs\benign_036\file_4.txt,benign_036
2026-08-16T09:53:53Z,0.4957304434843983,0.6241561246183946,0.2247874507003025,0.0,0.036890198698528213,0.6810859721371502,0.33988008511660006,0.03740313499963853,0.0,0.8348148606253789,0.4270321367832581,0.031718248854418644,0,C:\Users\LOQ\Downloads\Rakshak AI\ml\..\ml\..\data\dataset_runs\benign_036\file_4.txt,benign_036
2026-08-16T09:53:41Z,0.7889144530817508,0.056893532655132924,0.21303557442074883,0.0,0.0,0.9823824595818704,0.012811228525674302,0.00065416944404207,0.033251468663883114,0.0025333610737666413,0.5171780212709154,0.0,0,C:\Users\LOQ\Downloads\Rakshak AI\ml\..\ml\..\data\dataset_runs\benign_037\file_0.txt,benign_037
2026-08-16T09:53:44Z,0.752976035697217,0.21467337831421357,0.21231654124961963,0.0,0.027898374266442913,0.4659556476285809,0.5432006653054242,0.0,0.0023374818319614,0.2980049025884108,0.5143606707622778,0.0,0,C:\Users\LOQ\Downloads\Rakshak AI\ml\..\ml\..\data\dataset_runs\benign_037\file_0.txt,benign_037
2026-08-16T09:53:45Z,0.7756938354349296,0.33414997647315103,0.2195708070624239,0.0,0.013731947119253319,0.6415869162281921,0.3313519581744779,0.016806629459317098,0.01496518010707375,0.37471745780791177,0.5110619671081845,0.013491307509845127,0,C:\Users\LOQ\Downloads\Rakshak AI\ml\..\ml\..\data\dataset_runs\benign_037\file_1.txt,benign_037
2026-08-16T09:53:47Z,0.491352192872171,0.42647543665452575,0.1966159242064486,0.0,0.0,0.7857633399641897,0.2448366916207888,0.017933264878991884,0.0,0.5972810807105057,0.4068812314351213,0.0,0,C:\Users\LOQ\Downloads\Rakshak AI\ml\..\ml\..\data\dataset_runs\benign_037\file_2.txt,benign_037
2026-08-16T09:53:44Z,0.46283429995586933,0.4751355270844275,0.17829004169771914,0.0,0.01723384840004295,0.7769812030119285,0.1819672822112287,0.0001159653361417733,0.0,0.29956625046057955,0.386159720847241,0.0,0,C:\Users\LOQ\Downloads\Rakshak AI\ml\..\ml\..\data\dataset_runs\benign_037\file_3.txt,benign_037
2026-08-16T09:53:51Z,0.5265771952652725,0.5832986746303515,0.2360816743747121,0.0,0.0,0.6547641036133637,0.3200148685430754,0.03621177545567607,0.0,0.9541412816628543,0.4041582228362027,0.0,0,C:\Users\LOQ\Downloads\Rakshak AI\ml\..\ml\..\data\dataset_runs\benign_037\file_3.txt,benign_037
2026-08-16T09:53:47Z,0.49283543028012833,0.7101822607969313,0.16166953236230636,0.0,0.0,0.7186858862875566,0.28545264217374455,0.0027586043103924296,0.0,0.5716625144813006,0.4435683722234164,0.03084777412781423,0,C:\Users\LOQ\Downloads\Rakshak AI\ml\..\ml\..\data\dataset_runs\benign_037\file_4.txt,benign_037
2026-08-16T09:53:42Z,0.472108521004368,0.08165009274966378,0.17846011097511724,0.0,0.0,0.9727201698288303,0.008956183374341533,0.0,0.1042658052282175,0.0,0.4890848980732033,0.0021796591639258868,0,C:\Users\LOQ\Downloads\Rakshak AI\ml\..\ml\..\data\dataset_runs\benign_038\file_0.txt,benign_038
2026-08-16T09:53:44Z,0.46698334585224766,0.19698977574449564,0.18539588058967327,0.0,0.0,0.9728635489759678,0.0020008923589865586,0.0,0.005722547650427861,0.22820659250788794,0.49211703379818733,0.0,0,C:\Users\LOQ\Downloads\Rakshak AI\ml\..\ml\..\data\dataset_runs\benign_038\file_1.txt,benign_038
2026-08-16T09:53:44Z,0.5008685281146505,0.3062156944985719,0.20500374198341023,0.0,0.0,0.6662856477792579,0.3149195622056367,0.0005665560805089674,0.0,0.2563525978255981,0.475240207145322,0.0,0,C:\Users\LOQ\Downloads\Rakshak AI\ml\..\ml\..\data\dataset_runs\benign_038\file_1.txt,benign_038
2026-08-16T09:53:45Z,0.45512298411767554,0.3744089343236209,0.17794072834075272,0.0,0.0,0.7335848851664827,0.25321179645118036,0.0,0.022373904638471956,0.3832094941800719,0.5259554856109048,0.0,0,C:\Users\LOQ\Downloads\Rakshak AI\ml\..\ml\..\data\dataset_runs\benign_038\file_2.txt,benign_038
2026-08-16T09:53:42Z,0.47252262377184384,0.08148128168709232,0.2311436501590923,0.0,0.0012607860938304355,1.0,0.0,0.0,0.14265930629533286,0.0,0.5041648722175457,0.021785368518211144,0,C:\Users\LOQ\Downloads\Rakshak AI\ml\..\ml\..\data\dataset_runs\benign_039\file_0.txt,benign_039
2026-08-16T09:53:42Z,0.5047095809562671,0.17646314632114787,0.17133274608472548,0.0,0.0,0.9559848882839311,0.0,0.003687299015021324,0.0,0.08544324604452762,0.500996610490996,0.0,0,C:\Users\LOQ\Downloads\Rakshak AI\ml\..\ml\..\data\dataset_runs\benign_039\file_1.txt,benign_039
2026-08-16T09:53:43Z,0.5345599825138626,0.2710647277636858,0.17192178376631967,0.0,0.015358854715914711,0.6478813305048755,0.31754275395289777,0.0,0.015540963910250609,0.15346325942339512,0.49766426991215806,0.026577924739414588,0,C:\Users\LOQ\Downloads\Rakshak AI\ml\..\ml\..\data\dataset_runs\benign_039\file_1.txt,benign_039
2026-08-16T09:53:48Z,0.48332924859317034,0.412518131172254,0.17376038979834205,0.0,0.0,0.7766572950567415,0.2593743952274873,0.0,0.008375283879081607,0.6778162493485704,0.5177097379804342,0.0,0,C:\Users\LOQ\Downloads\Rakshak AI\ml\..\ml\..\data\dataset_runs\benign_039\file_2.txt,benign_039
2026-08-16T09:53:45Z,0.47948619293852246,0.5194436639521518,0.21292988902373056,0.0,0.0,0.6083229786317113,0.4056304837896112,0.0,0.0007895778689568524,0.28424503228815823,0.49845229040135985,0.035312193085551134,0,C:\Users\LOQ\Downloads\Rakshak AI\ml\..\ml\..\data\dataset_runs\benign_039\file_2.txt,benign_039
2026-08-16T09:53:53Z,0.4532746609724578,0.39403984238656686,0.23048794558565286,0.0,0.0007867350335845317,0.5026237165828833,0.48544629126512134,0.0,0.013045628603319306,0.9661659763068597,0.4712585607024726,0.0,0,C:\Users\LOQ\Downloads\Rakshak AI\ml\..\ml\..\data\dataset_runs\benign_039\file_3.txt,benign_039
2026-08-16T09:53:53Z,0.49846900041282743,0.4664160015294173,0.2115148161936637,0.0,0.04390108273640272,0.4189069415113398,0.6334258326680554,0.01199137589195205,0.013448505654931086,0.9991166425689655,0.4998996478826613,0.0034204726525114922,0,C:\Users\LOQ\Downloads\Rakshak AI\ml\..\ml\..\data\dataset_runs\benign_039\file_3.txt,benign_039
2026-08-16T09:53:50Z,0.48439893679929863,0.6077562773048423,0.2256648258967468,0.0,0.0,0.5155751996916729,0.4734115272195846,0.0,0.0,0.7166709545981709,0.47915799888716454,0.007248875594365212,0,C:\Users\LOQ\Downloads\Rakshak AI\ml\..\ml\..\data\dataset_runs\benign_039\file_4.txt,benign_039
2026-08-16T09:53:58Z,0.528520109456332,0.5159980977546708,0.18996325314728582,0.0,0.0,0.5727811807962953,0.3588110483279917,0.02355031675444917,0.004941501205442747,0.9407787024444046,0.5101580141759201,0.0,0,C:\Users\LOQ\Downloads\Rakshak AI\ml\..\ml\..\data\dataset_runs\benign_039\file_4.txt,benign_039
2026-08-16T09:54:03Z,0.5137042734705437,0.18141940354361602,0.23025154287814828,0.0,0.0,0.5140717617430658,0.49054437522770195,0.04505439160899509,0.002163699951927424,0.541231542520028,0.5129874843765605,0.026500484149968,0,C:\Users\LOQ\Downloads\Rakshak AI\ml\..\ml\..\data\dataset_runs\benign_039\file_5.txt,benign_039
2026-08-16T09:53:42Z,0.5138555158550567,0.12920567617739898,0.18269893164960405,0.0,0.0,0.9980938425109517,0.0,0.0,0.07126082761993235,0.005332418971956795,0.4926990528846696,0.013030576606550803,0,C:\Users\LOQ\Downloads\Rakshak AI\ml\..\ml\..\data\dataset_runs\benign_040\file_0.txt,benign_040
2026-08-16T09:53:43Z,0.4873973129712467,0.20913281311681567,0.2116514423271539,0.0,0.011522769303091795,0.9990997727977814,0.022382378702650377,0.010425230873898324,0.0,0.12349623103924093,0.5319572213627938,0.018656691097077606,0,C:\Users\LOQ\Downloads\Rakshak AI\ml\..\ml\..\data\dataset_runs\benign_040\file_1.txt,benign_040
2026-08-16T09:53:45Z,0.49522317781478786,0.3209851488508185,0.20939137954279044,0.0,0.0,0.9980557220703024,0.03387828075291394,0.0,0.0010799286443092895,0.3111242638355489,0.48965325617035105,0.0,0,C:\Users\LOQ\Downloads\Rakshak AI\ml\..\ml\..\data\dataset_runs\benign_040\file_2.txt,benign_040
2026-08-16T09:53:44Z,0.4815860725534581,0.39037050194596024,0.21163269178950223,0.0,0.04804869957508946,0.7301044697621579,0.2413994653698855,0.008366111900315576,0.0,0.26327045311028074,0.5028232667072664,0.0,0,C:\Users\LOQ\Downloads\Rakshak AI\ml\..\ml\..\data\dataset_runs\benign_040\file_2.txt,benign_040
2026-08-16T09:53:50Z,0.49107747508277805,0.4879476766605012,0.1891992813524465,0.0,0.026059276226806972,0.793441555160142,0.22156179013988592,0.0,0.0,0.8010476839060426,0.5041299276756496,0.020738232988386535,0,C:\Users\LOQ\Downloads\Rakshak AI\ml\..\ml\..\data\dataset_runs\benign_040\file_3.txt,benign_040
2026-08-16T09:53:42Z,0.741902091342851,0.11198685389642885,0.21686597175561262,0.0,0.024242645233466482,0.9868360923962597,0.03882636538253056,0.012272369911497369,0.06974812618612089,0.006168624368941523,0.45875839855414835,0.01490223966874064,0,C:\Users\LOQ\Downloads\Rakshak AI\ml\..\ml\..\data\dataset_runs\benign_041\file_0.txt,benign_041
2026-08-16T09:53:43Z,0.4962110400384563,0.1858476366152265,0.21854551152146756,0.0,0.0,0.9672760366468095,0.0,0.0,0.00790502816115406,0.17258476394596853,0.36810767754866813,0.019885943308570107,0,C:\Users\LOQ\Downloads\Rakshak AI\ml\..\ml\..\data\dataset_runs\benign_041\file_1.txt,benign_041
2026-08-16T09:53:45Z,0.4822667951612455,0.27817098735947327,0.2173312866417698,0.0,0.00825103685734871,0.9671917042690608,0.0,0.01438402914055445,0.025531720646820282,0.29244260264418276,0.45638089875506216,0.0,0,C:\Users\LOQ\Downloads\Rakshak AI\ml\..\ml\..\data\dataset_runs\benign_041\file_2.txt,benign_041
2026-08-16T09:53:50Z,0.48604734687163303,0.42628470282271413,0.19269946127322735,0.0,0.0,1.0,0.014262971660083003,0.0,0.002750680974749986,0.8566813491042548,0.44623100132197996,0.0,0,C:\Users\LOQ\Downloads\Rakshak AI\ml\..\ml\..\data\dataset_runs\benign_041\file_3.txt,benign_041
2026-08-16T09:53:42Z,0.7361260462151127,0.08189985499626387,0.2055143659971817,0.0,0.0,1.0,0.0,0.0,0.08805990692740165,0.0,0.4828091394219014,0.0,0,C:\Users\LOQ\Downloads\Rakshak AI\ml\..\ml\..\data\dataset_runs\benign_042\file_0.txt,benign_042
2026-08-16T09:53:44Z,0.5187765344119657,0.1980076643095785,0.22457950880573865,0.0,0.0,1.0,0.03632829741869142,0.0,0.0004603682411290205,0.21985184444090192,0.3453444504459655,0.0,0,C:\Users\LOQ\Downloads\Rakshak AI\ml\..\ml\..\data\dataset_runs\benign_042\file_1.txt,benign_042
2026-08-16T09:53:47Z,0.4772515593236479,0.3068705415294397,0.19098982683741725,0.0,0.0062969082693636585,1.0,0.0,0.0,0.010560748066425334,0.5097541853060286,0.4240275633511933,0.0,0,C:\Users\LOQ\Downloads\Rakshak AI\ml\..\ml\..\data\dataset_runs\benign_042\file_2.txt,benign_042
2026-08-16T09:53:45Z,0.7609717015151017,0.4142802499528825,0.19512351065816985,0.0,0.03423611099857176,1.0,0.012978210814594665,0.0,0.0,0.32652455128670044,0.6001674425805559,0.01157032854092986,0,C:\Users\LOQ\Downloads\Rakshak AI\ml\..\ml\..\data\dataset_runs\benign_042\file_3.txt,benign_042
2026-08-16T09:53:50Z,0.4814048168493633,0.4666981958951778,0.2175047004722458,0.0,0.0,0.962963731797159,0.0,0.002103734049584996,0.0,0.7943743652894057,0.4497238439578415,0.0,0,C:\Users\LOQ\Downloads\Rakshak AI\ml\..\ml\..\data\dataset_runs\benign_042\file_4.txt,benign_042
2026-08-16T09:53:53Z,0.4680625376604811,0.5305432071471516,0.21521164836854398,0.0,0.0035520763488052455,0.9563453817404828,0.0,0.021116239279566497,0.0,0.917799449582698,0.45120831486221435,0.01479719821448503,0,C:\Users\LOQ\Downloads\Rakshak AI\ml\..\ml\..\data\dataset_runs\benign_042\file_5.txt,benign_042
2026-08-16T09:53:46Z,0.5031825257375173,0.6018762945646587,0.21600315754971425,0.0,0.019357691296395998,0.8274503011116208,0.184990048888502,0.0,0.016361153588332778,0.17283313454605714,0.4722631319165321,0.0,0,C:\Users\LOQ\Downloads\Rakshak AI\ml\..\ml\..\data\dataset_runs\benign_042\file_5.txt,benign_042
2026-08-16T09:53:42Z,0.47425684615502517,0.08629385517439524,0.21064155673401347,0.0,0.017431474728820257,1.0,0.0,0.018881283175064018,0.17929477248564693,0.0,0.5399679349154927,0.0,0,C:\Users\LOQ\Downloads\Rakshak AI\ml\..\ml\..\data\dataset_runs\benign_043\file_0.txt,benign_043
2026-08-16T09:53:43Z,0.4888829129516271,0.18006208209192748,0.20071729951963044,0.0,0.0,0.9761349598058277,0.0,0.038406747301317205,0.020777854557393585,0.10843239615821676,0.5026962278532304,0.0,0,C:\Users\LOQ\Downloads\Rakshak AI\ml\..\ml\..\data\dataset_runs\benign_043\file_1.txt,benign_043
2026-08-16T09:53:45Z,0.4902569147569074,0.2686894917963321,0.19486702554692517,0.0,0.0002967920730044572,1.0,0.006863086485649204,0.0,0.016897100636671002,0.32762640427073386,0.5083963056195507,0.0,0,C:\Users\LOQ\Downloads\Rakshak AI\ml\..\ml\..\data\dataset_runs\benign_043\file_2.txt,benign_043
2026-08-16T09:53:45Z,0.4963517575802652,0.3746677684303411,0.1984297867227307,0.0,0.0,0.9780965986880094,0.0,0.0,0.0,0.2736513712720521,0.48360559834789624,0.03136224096003498,0,C:\Users\LOQ\Downloads\Rakshak AI\ml\..\ml\..\data\dataset_runs\benign_043\file_3.txt,benign_043
2026-08-16T09:53:51Z,0.49964631128485026,0.48727581425920413,0.2023620264466717,0.0,0.0,0.8070998121833505,0.20937515621734024,0.0,0.0,0.9407818537478092,0.520977868519226,0.0,0,C:\Users\LOQ\Downloads\Rakshak AI\ml\..\ml\..\data\dataset_runs\benign_043\file_3.txt,benign_043
2026-08-16T09:53:51Z,0.5003527783626354,0.5935459549468761,0.21140103268066945,0.0,0.0,0.8282454848464283,0.15998893694194802,0.0,0.01461100983319942,0.9628314363858766,0.5264624419691146,0.03904110429521284,0,C:\Users\LOQ\Downloads\Rakshak AI\ml\..\ml\..\data\dataset_runs\benign_043\file_4.txt,benign_043
2026-08-16T09:53:56Z,0.5094223357632469,0.2976621197425395,0.21995275777365209,0.0,0.01674375981155366,0.33071391609040696,0.6898892348376232,0.0,0.0,0.41875382733823113,0.47860801184946655,0.0,0,C:\Users\LOQ\Downloads\Rakshak AI\ml\..\ml\..\data\dataset_runs\benign_043\file_4.txt,benign_043
2026-08-16T09:53:51Z,0.5060812970046689,0.39809299852117497,0.2045158742143793,0.0,0.0,0.5245821425946239,0.4907388991874962,0.0,0.34944605062431394,0.023995130035572243,0.4951024317372621,0.0017390985442550279,0,C:\Users\LOQ\Downloads\Rakshak AI\ml\..\ml\..\data\dataset_runs\benign_043\file_5.txt,benign_043
2026-08-16T09:54:01Z,0.5098703625535984,0.5374208987712862,0.2001751774661294,0.0,0.0,0.6047483934794256,0.398566898570985,0.016374405758123406,0.008895088808139282,1.0,0.5264990492460595,0.03203242660818292,0,C:\Users\LOQ\Downloads\Rakshak AI\ml\..\ml\..\data\dataset_runs\benign_043\file_6.txt,benign_043
2026-08-16T09:53:42Z,0.4873312603614516,0.1181523587903243,0.1930485134969101,0.0,0.005892187684604654,1.0,0.021411151367991637,0.047513143373040426,0.06040368170515778,0.0,0.5040772362692336,0.0,0,C:\Users\LOQ\Downloads\Rakshak AI\ml\..\ml\..\data\dataset_runs\benign_044\file_0.txt,benign_044
2026-08-16T09:53:44Z,0.493419060110701,0.19087064884349214,0.20658552319551754,0.0,0.01340661168987363,0.4996569129549932,0.5257814250511015,0.03576600572198899,0.0,0.22780419934501006,0.518698128687139,0.007710491738120264,0,C:\Users\LOQ\Downloads\Rakshak AI\ml\..\ml\..\data\dataset_runs\benign_044\file_0.txt,benign_044
2026-08-16T09:53:43Z,0.4882647034100071,0.2991713308616321,0.2013853867935166,0.0,0.0425093292737496,0.6446812409087299,0.34956545527479327,0.0,0.024971301669141164,0.14077443263525427,0.5010631293784144,0.0,0,C:\Users\LOQ\Downloads\Rakshak AI\ml\..\ml\..\data\dataset_runs\benign_044\file_1.txt,benign_044
2026-08-16T09:53:44Z,0.5054204580881582,0.4097168170160205,0.1954723776423201,0.0,0.006339448946087414,0.751850730825311,0.28549657811890955,0.0,0.0,0.19363880817341048,0.46635890229392385,0.0,0,C:\Users\LOQ\Downloads\Rakshak AI\ml\..\ml\..\data\dataset_runs\benign_044\file_2.txt,benign_044
2026-08-16T09:53:45Z,0.7672531046847867,0.49615359033318057,0.1601265028836487,0.0,0.0,0.786680632002821,0.1908188458178805,0.01100247024500404,0.0,0.3497270015873226,0.6109586335547621,0.0,0,C:\Users\LOQ\Downloads\Rakshak AI\ml\..\ml\..\data\dataset_runs\benign_044\file_3.txt,benign_044
2026-08-16T09:53:54Z,0.51464719874157,0.18591920043571578,0.2198998196561324,0.0,0.0,1.0,0.0205890679485433,0.0,0.0,0.9059191485953264,0.35042922223902123,0.030011530194371392,0,C:\Users\LOQ\Downloads\Rakshak AI\ml\..\ml\..\data\dataset_runs\benign_044\file_4.txt,benign_044
2026-08-16T09:53:42Z,0.49824711387969367,0.08015163243045656,0.1894641695459872,0.0,0.017646333775046638,0.9984157661243303,0.0,0.008428793188410524,0.05422032703540876,0.009801572446789891,0.47944876913141304,0.017366750634759086,0,C:\Users\LOQ\Downloads\Rakshak AI\ml\..\ml\..\data\dataset_runs\benign_045\file_0.txt,benign_045
2026-08-16T09:53:45Z,0.46014118471674165,0.20868376586735987,0.18088045864353292,0.0,0.0,1.0,0.003775161787474614,0.0,0.0,0.26278485194973306,0.49330115453776324,0.0,0,C:\Users\LOQ\Downloads\Rakshak AI\ml\..\ml\..\data\dataset_runs\benign_045\file_1.txt,benign_045
2026-08-16T09:53:48Z,0.5093068992567865,0.3308482467716444,0.1842420667519336,0.0,0.0,0.6582894462880714,0.3240192673333972,0.0,0.0,0.5432743060547175,0.45511895938663777,0.0014843358797540754,0,C:\Users\LOQ\Downloads\Rakshak AI\ml\..\ml\..\data\dataset_runs\benign_045\file_1.txt,benign_045
2026-08-16T09:53:50Z,0.5048426351041994,0.39169746880386225,0.18302672644084414,0.0,0.0,0.7425822613809054,0.2583656947914276,0.002760704239515248,0.007021063016295099,0.7744358228994509,0.5097284396026782,0.0,0,C:\Users\LOQ\Downloads\Rakshak AI\ml\..\ml\..\data\dataset_runs\benign_045\file_2.txt,benign_045
2026-08-16T09:53:50Z,0.768128369401469,0.5092145042215278,0.17784048755806184,0.0,0.01268279544501001,0.7968311403803344,0.19592702700557632,0.0044603457494726455,0.02497691110870518,0.8008958021899532,0.6310166189396825,0.0,0,C:\Users\LOQ\Downloads\Rakshak AI\ml\..\ml\..\data\dataset_runs\benign_045\file_3.txt,benign_045
2026-08-16T09:53:54Z,0.7615632188890068,0.507421137350098,0.20540650693279414,0.0,0.0,0.6503245330230537,0.39676405263279685,0.0,0.0,0.9429753780342403,0.6102077465836927,0.0,0,C:\Users\LOQ\Downloads\Rakshak AI\ml\..\ml\..\data\dataset_runs\benign_045\file_3.txt,benign_045
2026-08-16T09:53:42Z,0.4894748732912784,0.0907729231191477,0.1936584631667284,0.0,0.0,1.0,0.0,0.028128689255696417,0.07515324201565787,0.0010451812128308708,0.5003890181774228,0.02843634834256322,0,C:\Users\LOQ\Downloads\Rakshak AI\ml\..\ml\..\data\dataset_runs\benign_046\file_0.txt,benign_046
2026-08-16T09:53:44Z,0.4850984564786505,0.20063221201865433,0.20844156472910957,0.0,0.0,1.0,0.0,0.0,0.0,0.11223364375213274,0.5105338150483145,0.0,0,C:\Users\LOQ\Downloads\Rakshak AI\ml\..\ml\..\data\dataset_runs\benign_046\file_1.txt,benign_046
2026-08-16T09:53:44Z,0.49643965840637366,0.3196388829550719,0.1919068090434145,0.0,0.02203500427626686,0.6448107987992397,0.34285616305591454,0.020442951706797958,0.0,0.17405211666070677,0.49905975625458343,0.0,0,C:\Users\LOQ\Downloads\Rakshak AI\ml\..\ml\..\data\dataset_runs\benign_046\file_1.txt,benign_046
2026-08-16T09:53:49Z,0.4871998502237025,0.42555057777019567,0.17483186647644086,0.0,0.018421102303584982,0.723860555929248,0.2790643381416576,0.0,0.014889336468766558,0.6383402227883777,0.519003038335463,0.012689009288702511,0,C:\Users\LOQ\Downloads\Rakshak AI\ml\..\ml\..\data\dataset_runs\benign_046\file_2.txt,benign_046
2026-08-16T09:53:50Z,0.534148046177699,0.5069199372616957,0.17166741387232476,0.0,0.0,0.784551756946696,0.19991823624640911,0.0,0.0026236658090163,0.809490536617666,0.5158401134673847,0.0,0,C:\Users\LOQ\Downloads\Rakshak AI\ml\..\ml\..\data\dataset_runs\benign_046\file_3.txt,benign_046
2026-08-16T09:53:51Z,0.5193570055126799,0.5777226125113398,0.1816425947425218,0.0,0.013148956775143099,0.8325353759419191,0.16854683734001855,0.0,0.0065957302116523,0.8525603722529698,0.5223338596861999,0.0,0,C:\Users\LOQ\Downloads\Rakshak AI\ml\..\ml\..\data\dataset_runs\benign_046\file_4.txt,benign_046
2026-08-16T09:53:42Z,0.4438503094177066,0.06500556967708443,0.18245019227871978,0.0,0.0,1.0,0.022564228718589208,0.0,0.17479028876711228,0.017954805074057924,0.5320355331154764,0.023014510493614575,0,C:\Users\LOQ\Downloads\Rakshak AI\ml\..\ml\..\data\dataset_runs\benign_047\file_0.txt,benign_047
2026-08-16T09:53:45Z,0.4908084365933057,0.1773401413861996,0.1757490425004352,0.0,0.0,0.5053217309820631,0.499877848984883,0.0,0.0,0.261273532520352,0.5069070423221278,0.024036739874678515,0,C:\Users\LOQ\Downloads\Rakshak AI\ml\..\ml\..\data\dataset_runs\benign_047\file_0.txt,benign_047
2026-08-16T09:53:46Z,0.48665442452273516,0.29562311666155905,0.21180812528296564,0.0,0.0,0.652171681401419,0.3403966546202647,0.0,0.010650767919067841,0.3473320784945029,0.5314941880565558,0.0,0,C:\Users\LOQ\Downloads\Rakshak AI\ml\..\ml\..\data\dataset_runs\benign_047\file_1.txt,benign_047
2026-08-16T09:53:48Z,0.7383266135871597,0.41923288394804986,0.1891628824743476,0.0,0.010472338996062898,0.7470894223033634,0.2419542620736519,0.0,0.0,0.5223774484439296,0.6161024524147214,0.0008839155845877605,0,C:\Users\LOQ\Downloads\Rakshak AI\ml\..\ml\..\data\dataset_runs\benign_047\file_2.txt,benign_047
2026-08-16T09:53:47Z,0.74414008284584,0.44069933392838556,0.19617466500877515,0.0,0.011950879155048999,0.7767777168242626,0.24310960022702013,0.01767435192519514,0.0034722335639166156,0.4407233214739168,0.5618887045924854,0.015437103729947728,0,C:\Users\LOQ\Downloads\Rakshak AI\ml\..\ml\..\data\dataset_runs\benign_047\file_3.txt,benign_047
2026-08-16T09:53:45Z,0.510554008607564,0.6505614242680636,0.18111579764590827,0.0,0.0,0.8209203661509902,0.19102281603599522,0.0,0.023921112051764132,0.2828239776876854,0.4332135219665488,0.0,0,C:\Users\LOQ\Downloads\Rakshak AI\ml\..\ml\..\data\dataset_runs\benign_047\file_4.txt,benign_047
2026-08-16T09:53:42Z,0.4816148961083278,0.11427063708535533,0.23031345799452269,0.0,0.0,0.9670716281500137,0.0,7.381243033204291e-05,0.1406868306834258,0.004117140830093514,0.49818449665047065,0.010520644926986674,0,C:\Users\LOQ\Downloads\Rakshak AI\ml\..\ml\..\data\dataset_runs\benign_048\file_0.txt,benign_048
2026-08-16T09:53:43Z,0.48218453877801193,0.18000773913656437,0.20771047835021725,0.0,0.0,0.9808108357484466,0.0,0.0,0.05060314714300104,0.07025529241587253,0.4766129466331024,0.0,0,C:\Users\LOQ\Downloads\Rakshak AI\ml\..\ml\..\data\dataset_runs\benign_048\file_1.txt,benign_048
2026-08-16T09:53:45Z,0.5023925739172008,0.30865684862151205,0.2125350706869774,0.0,0.0,1.0,0.0,0.0,0.0,0.28081531010167643,0.4852191076761381,0.0,0,C:\Users\LOQ\Downloads\Rakshak AI\ml\..\ml\..\data\dataset_runs\benign_048\file_2.txt,benign_048
2026-08-16T09:53:48Z,0.49200838421028514,0.3904208631368111,0.1805505403170563,0.0,0.0,0.9948634204499152,0.0,0.0,0.0,0.5230519988669287,0.5096372419171536,0.0,0,C:\Users\LOQ\Downloads\Rakshak AI\ml\..\ml\..\data\dataset_runs\benign_048\file_3.txt,benign_048
2026-08-16T09:53:54Z,0.5223287479391825,0.29612919329386295,0.18272238703049548,0.0,0.0,0.9766818146806204,0.0,0.013862274870051594,0.0,0.8940983399222062,0.49858729122665696,0.01217084282431759,0,C:\Users\LOQ\Downloads\Rakshak AI\ml\..\ml\..\data\dataset_runs\benign_048\file_4.txt,benign_048
2026-08-16T09:53:52Z,0.48678959024951624,0.39451395541458356,0.1800104951566336,0.0,0.0,0.7499783994205673,0.27189788118650526,0.0,0.0,0.7166072439042359,0.5075183740460066,0.030712560099990984,0,C:\Users\LOQ\Downloads\Rakshak AI\ml\..\ml\..\data\dataset_runs\benign_048\file_4.txt,benign_048
2026-08-16T09:53:42Z,0.5095387470457667,0.06777186114633393,0.19065605116995277,0.0,0.022729181207969202,0.9975481908632875,0.0,0.0,0.06365630433948755,0.02810044315844899,0.5015003240777771,0.010191367211011151,0,C:\Users\LOQ\Downloads\Rakshak AI\ml\..\ml\..\data\dataset_runs\benign_049\file_0.txt,benign_049
2026-08-16T09:53:45Z,0.501327634541572,0.15840424360309502,0.16709456659360436,0.0,0.0,1.0,0.0,0.0033641066403517334,0.0,0.2555595360338375,0.5089393923644328,0.0,0,C:\Users\LOQ\Downloads\Rakshak AI\ml\..\ml\..\data\dataset_runs\benign_049\file_1.txt,benign_049
2026-08-16T09:53:47Z,0.49708852649242236,0.28079049173045295,0.19032392287869976,0.0,0.0,1.0,0.0,0.0,0.020664663069566123,0.43766502916535216,0.5051737511765657,0.0,0,C:\Users\LOQ\Downloads\Rakshak AI\ml\..\ml\..\data\dataset_runs\benign_049\file_2.txt,benign_049
2026-08-16T09:53:45Z,0.4876341545700204,0.3998995178090699,0.19466970869708675,0.0,0.01167547550667539,0.739934726913098,0.2581829243161586,0.0,0.026086981720192557,0.1956958730387598,0.4954840234187416,0.0,0,C:\Users\LOQ\Downloads\Rakshak AI\ml\..\ml\..\data\dataset_runs\benign_049\file_2.txt,benign_049
2026-08-16T09:53:42Z,0.7868465522946063,0.09789702198013495,0.21291909895943872,0.0,0.0,1.0,0.023116569997006346,0.0,0.06415643182843846,0.004946627864127074,0.47799870680044343,0.0,0,C:\Users\LOQ\Downloads\Rakshak AI\ml\..\ml\..\data\dataset_runs\benign_050\file_0.txt,benign_050
2026-08-16T09:53:43Z,0.8029032055183832,0.17355459816993954,0.21672342066757763,0.0,0.031173957266409695,0.48826088973186427,0.5117302065707292,0.0,0.0,0.06373487634290699,0.4946229384160601,0.004199232318428843,0,C:\Users\LOQ\Downloads\Rakshak AI\ml\..\ml\..\data\dataset_runs\benign_050\file_0.txt,benign_050
2026-08-16T09:53:47Z,0.47698921260077876,0.31565131619621817,0.20694607341055274,0.0,0.004177689673423861,0.6577554237835711,0.3720811643941762,0.005666043525580773,0.007041784194225719,0.4595229794165941,0.3248849177834617,0.0,0,C:\Users\LOQ\Downloads\Rakshak AI\ml\..\ml\..\data\dataset_runs\benign_050\file_1.txt,benign_050
2026-08-16T09:53:49Z,0.5230604996254882,0.38588257390684955,0.21294857644890278,0.0,0.0,0.7601984580952208,0.23457982985334297,0.0,0.000764609562353989,0.6054817377235175,0.39489000899252863,0.007829585923816138,0,C:\Users\LOQ\Downloads\Rakshak AI\ml\..\ml\..\data\dataset_runs\benign_050\file_2.txt,benign_050
2026-08-16T09:53:52Z,0.49473543191997077,0.5012753754370532,0.21602667943646406,0.0,0.0,0.8169822839803782,0.18923912427238287,0.0318734112150667,0.011605659953630035,0.899467926145844,0.45778684992599405,0.026894853728217864,0,C:\Users\LOQ\Downloads\Rakshak AI\ml\..\ml\..\data\dataset_runs\benign_050\file_3.txt,benign_050
2026-08-16T09:53:56Z,0.49980551324605077,0.37468508275517903,0.20037084041292744,0.0,0.0,1.0,0.01294255601083258,0.0,0.02282847795046074,0.9192153370817563,0.4763336353658478,0.011183262218836003,0,C:\Users\LOQ\Downloads\Rakshak AI\ml\..\ml\..\data\dataset_runs\benign_050\file_4.txt,benign_050
2026-08-16T09:53:54Z,0.7504059681755855,0.4973080757076543,0.1831852622864152,0.0,0.0,0.9929989241034946,0.0,0.012858545979861016,0.017329918160105432,0.6877466109055616,0.651580456653816,0.0,0,C:\Users\LOQ\Downloads\Rakshak AI\ml\..\ml\..\data\dataset_runs\benign_050\file_5.txt,benign_050
2026-08-16T09:53:43Z,0.49723525146784453,0.11988819443154966,0.2105153855247388,0.0,0.0014977943413640505,1.0,0.009152574393016684,0.010827002425764273,0.12017868182737293,7.971646916755525e-05,0.48582679868091927,0.0,0,C:\Users\LOQ\Downloads\Rakshak AI\ml\..\ml\..\data\dataset_runs\benign_051\file_0.txt,benign_051
2026-08-16T09:53:45Z,0.7533679897028437,0.20489334358725328,0.20035993555928414,0.0,0.014173748385723908,1.0,0.018766977976975737,0.00320991108510472,0.0,0.25353044798086455,0.6171367960709633,0.0,0,C:\Users\LOQ\Downloads\Rakshak AI\ml\..\ml\..\data\dataset_runs\benign_051\file_1.txt,benign_051
2026-08-16T09:53:45Z,0.8003968131508107,0.31915231129066257,0.2081722402762786,0.0,0.005965309594480586,0.6816001198728092,0.3177151487611661,0.03864975579441712,0.0,0.26980351765906363,0.5917498395183586,0.0,0,C:\Users\LOQ\Downloads\Rakshak AI\ml\..\ml\..\data\dataset_runs\benign_051\file_1.txt,benign_051
2026-08-16T09:53:46Z,0.4580006199141866,0.3993584230870334,0.24233686441295607,0.0,0.016231349876652708,0.7092239265769568,0.2815437562979393,0.0025013095657906315,0.02509986148857676,0.2994643874671071,0.4275522756410976,0.04321610277096764,0,C:\Users\LOQ\Downloads\Rakshak AI\ml\..\ml\..\data\dataset_runs\benign_051\file_2.txt,benign_051
2026-08-16T09:53:46Z,0.49164247243960996,0.45870390409939615,0.188604457957034,0.0,0.0214191552516311,0.8283070411657222,0.19798722211413045,0.0,0.0,0.35390147827070584,0.422767562000272,0.0,0,C:\Users\LOQ\Downloads\Rakshak AI\ml\..\ml\..\data\dataset_runs\benign_051\file_3.txt,benign_051
2026-08-16T09:53:49Z,0.5117185860629618,0.5931096701094498,0.17003623558908315,0.0,0.0,0.8346451710686336,0.16784691951438716,0.0,0.014194962694300789,0.6387851821770204,0.4398411719875812,0.006071489605598486,0,C:\Users\LOQ\Downloads\Rakshak AI\ml\..\ml\..\data\dataset_runs\benign_051\file_4.txt,benign_051
2026-08-16T09:53:49Z,0.5213924369185223,0.704314922789209,0.17099027764851837,0.0,0.012505539933113777,0.6967231338783123,0.28250207766479296,0.004770117062253483,0.008437743520085259,0.6395805849120827,0.46441658055143326,0.012223155027213708,0,C:\Users\LOQ\Downloads\Rakshak AI\ml\..\ml\..\data\dataset_runs\benign_051\file_4.txt,benign_051
2026-08-16T09:53:47Z,0.4957848713290657,0.8031776118510449,0.20531815275824628,0.0,0.006388387894251775,0.7677097162330745,0.27206443778991574,0.0,0.0,0.47816772113771583,0.47839326508720403,0.0,0,C:\Users\LOQ\Downloads\Rakshak AI\ml\..\ml\..\data\dataset_runs\benign_051\file_5.txt,benign_051
2026-08-16T09:54:04Z,0.49287843915226476,0.10985235660555605,0.1817871429142353,0.0,0.0,0.0,1.0,0.02032872397482835,0.0667736983043221,0.024393929360357204,0.49208624641902254,0.0,0,C:\Users\LOQ\Downloads\Rakshak AI\ml\..\ml\..\data\dataset_runs\benign_051\file_5.txt,benign_051
2026-08-16T09:53:52Z,0.5335697277956437,0.16737270468728754,0.20545070826913775,0.0,0.015402437709667476,0.49831361827131443,0.49536964434886255,0.0,0.24524368228256593,0.0,0.5024578513111548,0.014825459713071889,0,C:\Users\LOQ\Downloads\Rakshak AI\ml\..\ml\..\data\dataset_runs\benign_051\file_6.txt,benign_051
2026-08-16T09:53:43Z,0.47785907896533614,0.11354776104506423,0.21571259370120585,0.0,0.023276918255470066,0.9934512095070829,0.005877669643344934,0.0,0.06475511045966964,0.012964842821306582,0.49314324707053653,0.054381390328551556,0,C:\Users\LOQ\Downloads\Rakshak AI\ml\..\ml\..\data\dataset_runs\benign_052\file_0.txt,benign_052
2026-08-16T09:53:45Z,0.7702828288728335,0.2364386910816494,0.16774731981750562,0.0,0.0,0.9793517657691233,0.0,0.016568286268198177,0.002293294497370991,0.26148145793590943,0.6242891363656083,0.0,0,C:\Users\LOQ\Downloads\Rakshak AI\ml\..\ml\..\data\dataset_runs\benign_052\file_1.txt,benign_052
2026-08-16T09:53:47Z,0.7653129253083706,0.29858384524668896,0.17005606925877595,0.0,0.034367557433537595,1.0,0.0,0.014309618075690127,0.0,0.4187408098411403,0.5668878416758364,0.015194920544940562,0,C:\Users\LOQ\Downloads\Rakshak AI\ml\..\ml\..\data\dataset_runs\benign_052\file_2.txt,benign_052
2026-08-16T09:53:52Z,0.7818279930696745,0.40999637090957197,0.20274054277480089,0.0,0.0,0.7924863372138922,0.22340880603160312,0.0,0.008724526159817591,0.8620504401569433,0.5578250052523618,0.0028928427123778512,0,C:\Users\LOQ\Downloads\Rakshak AI\ml\..\ml\..\data\dataset_runs\benign_052\file_2.txt,benign_052
2026-08-16T09:53:51Z,0.47416915180396124,0.45891082407610395,0.21474018240377873,0.0,0.0,0.7796893381249475,0.21270306708609749,0.010669206863899017,0.0,0.8747323775022692,0.41321786408768457,0.010261816998321873,0,C:\Users\LOQ\Downloads\Rakshak AI\ml\..\ml\..\data\dataset_runs\benign_052\file_3.txt,benign_052
2026-08-16T09:53:47Z,0.4716075898163803,0.6236194433379069,0.18809349957712237,0.0,0.0,0.818645378843697,0.1681947790609116,0.009757468944280527,0.04698027070210915,0.4342557079891216,0.4204339379321434,0.0,0,C:\Users\LOQ\Downloads\Rakshak AI\ml\..\ml\..\data\dataset_runs\benign_052\file_4.txt,benign_052
2026-08-16T09:53:50Z,0.7466521915743705,0.6923549766313283,0.19928797465529158,0.0,0.01622421479498703,0.864085683861179,0.12664461724399742,0.0,0.0,0.7446566873098402,0.5360102211520575,0.004226126241165743,0,C:\Users\LOQ\Downloads\Rakshak AI\ml\..\ml\..\data\dataset_runs\benign_052\file_5.txt,benign_052
2026-08-16T09:53:50Z,0.5007863727450592,0.8173760559592882,0.1970334367478474,0.0,0.0038791226675546236,0.8638554647760381,0.1305016628913134,0.0,0.015085908733818314,0.731579469501322,0.40614780791253,0.0,0,C:\Users\LOQ\Downloads\Rakshak AI\ml\..\ml\..\data\dataset_runs\benign_052\file_6.txt,benign_052
2026-08-16T09:53:54Z,0.48214700133236704,0.8025224966840153,0.2395995124094036,0.0,0.0,0.8772219112454235,0.12383709844010532,0.005022331483498027,0.003218212616105196,0.8896585067099739,0.4250726971926497,0.028066206730607314,0,C:\Users\LOQ\Downloads\Rakshak AI\ml\..\ml\..\data\dataset_runs\benign_052\file_7.txt,benign_052
2026-08-16T09:53:43Z,0.4993025325036933,0.07553589995934931,0.20269270733233186,0.0,0.0,0.9716777795828072,0.0,0.0,0.037215666610002474,0.0,0.4842421270851394,0.03857312166935341,0,C:\Users\LOQ\Downloads\Rakshak AI\ml\..\ml\..\data\dataset_runs\benign_053\file_0.txt,benign_053
2026-08-16T09:53:45Z,0.7788370569800024,0.20479135144384375,0.13750532784648994,0.0,0.020503006834554128,1.0,0.0,0.021895296582791587,0.008031238976875717,0.16169113921549075,0.6219636414943741,0.0,0,C:\Users\LOQ\Downloads\Rakshak AI\ml\..\ml\..\data\dataset_runs\benign_053\file_1.txt,benign_053
2026-08-16T09:53:46Z,0.7426509720920167,0.3110082841234597,0.19898094572552355,0.0,0.0,1.0,0.0,0.014447776006425486,0.031579600235937595,0.3397033263133593,0.5506903044365712,0.0,0,C:\Users\LOQ\Downloads\Rakshak AI\ml\..\ml\..\data\dataset_runs\benign_053\file_2.txt,benign_053
2026-08-16T09:53:46Z,0.5205423821691464,0.40580681270296026,0.17995627350948795,0.0,0.0182038564775254,0.9801024233044966,0.010510352332529756,0.0,0.018152383781438408,0.28287422315784494,0.4434486100218691,0.023103197081384277,0,C:\Users\LOQ\Downloads\Rakshak AI\ml\..\ml\..\data\dataset_runs\benign_053\file_3.txt,benign_053
2026-08-16T09:53:45Z,0.49696525199380986,0.5197241702560755,0.19967597712279314,0.0,0.005287080114088115,0.9759836145389378,0.0,0.0,0.010747991485520894,0.19413220540332085,0.44998350754057215,0.0,0,C:\Users\LOQ\Downloads\Rakshak AI\ml\..\ml\..\data\dataset_runs\benign_053\file_4.txt,benign_053
2026-08-16T09:53:43Z,0.48588015840157134,0.10661659575795483,0.21932777026323197,0.0,0.040904426375752714,1.0,0.0,0.0,0.09006762064628934,0.011164178172695207,0.515900496308358,0.00453138913889983,0,C:\Users\LOQ\Downloads\Rakshak AI\ml\..\ml\..\data\dataset_runs\benign_054\file_0.txt,benign_054
2026-08-16T09:53:44Z,0.7717539890671237,0.20035903753975592,0.19909655664334241,0.0,0.0,1.0,0.0,0.0065278947642600236,0.0152957230397901,0.15684609849174957,0.6393415228935495,0.0,0,C:\Users\LOQ\Downloads\Rakshak AI\ml\..\ml\..\data\dataset_runs\benign_054\file_1.txt,benign_054
2026-08-16T09:53:49Z,0.7486642036061468,0.3027358600596494,0.22515507199426837,0.0,0.0,0.6608320161988835,0.3177020318472129,0.00582813756297204,0.0,0.6321586914695669,0.5783642349278044,0.006476094299703558,0,C:\Users\LOQ\Downloads\Rakshak AI\ml\..\ml\..\data\dataset_runs\benign_054\file_1.txt,benign_054
2026-08-16T09:53:49Z,0.5087936202194868,0.4187859532688188,0.18082496349549035,0.0,0.01196282815734388,0.7182182337222935,0.26428806137382393,0.010473849449523842,0.006552690898257984,0.6017741697425822,0.3808293529756728,0.012280007953303288,0,C:\Users\LOQ\Downloads\Rakshak AI\ml\..\ml\..\data\dataset_runs\benign_054\file_2.txt,benign_054
2026-08-16T09:53:52Z,0.5333441916492448,0.5064951979326886,0.23809285221558174,0.0,0.0,0.794528879439623,0.2388697420888788,0.0,0.008928534420682132,0.853434400895953,0.4172321616007747,0.012155590952824223,0,C:\Users\LOQ\Downloads\Rakshak AI\ml\..\ml\..\data\dataset_runs\benign_054\file_3.txt,benign_054
2026-08-16T09:53:48Z,0.7983156564001679,0.5470229790466189,0.16302841675784524,0.0,0.0,0.8427870075412749,0.12807583668095862,0.0,0.026785169346001655,0.42837282625428297,0.568726137112664,0.0,0,C:\Users\LOQ\Downloads\Rakshak AI\ml\..\ml\..\data\dataset_runs\benign_054\file_4.txt,benign_054
2026-08-16T09:53:43Z,0.4852021088809665,0.12956790176201924,0.17412577059167586,0.0,0.0,1.0,0.0,0.005143185738425223,0.1079083907492531,0.0,0.5063862594000457,0.0,0,C:\Users\LOQ\Downloads\Rakshak AI\ml\..\ml\..\data\dataset_runs\benign_055\file_0.txt,benign_055
2026-08-16T09:53:46Z,0.4983909704489302,0.24094929175577026,0.18910813749846064,0.0,0.0,0.5276046147267208,0.46439299238061066,0.0071977980555992,0.002497225686977026,0.2532753782149403,0.46244556809474346,0.0,0,C:\Users\LOQ\Downloads\Rakshak AI\ml\..\ml\..\data\dataset_runs\benign_055\file_0.txt,benign_055
2026-08-16T09:53:46Z,0.500373152230679,0.31621894297497966,0.20758276932111033,0.0,0.0,0.6370758922224017,0.3205112055282919,0.0,0.0,0.3302071818055011,0.5028472563522633,0.0015345374988653326,0,C:\Users\LOQ\Downloads\Rakshak AI\ml\..\ml\..\data\dataset_runs\benign_055\file_1.txt,benign_055
2026-08-16T09:53:50Z,0.4960426090056453,0.3873179713854433,0.1995561637337533,0.0,0.0,0.5261880243661762,0.5336072837715938,0.0,0.029373015642724574,0.7217529564124459,0.49792276640743527,0.028998296027327012,0,C:\Users\LOQ\Downloads\Rakshak AI\ml\..\ml\..\data\dataset_runs\benign_055\file_1.txt,benign_055
2026-08-16T09:53:51Z,0.7737551974297722,0.5014037362988347,0.19342890585174816,0.0,0.0,0.5989275026903077,0.3837398070336582,0.0,0.0,0.7142873789148828,0.6836889953373987,0.0,0,C:\Users\LOQ\Downloads\Rakshak AI\ml\..\ml\..\data\dataset_runs\benign_055\file_2.txt,benign_055
2026-08-16T09:53:49Z,0.7658964671068247,0.5810999293074987,0.20738774225097953,0.0,0.02893611019000574,0.6842591445265289,0.317931220775645,0.005751706834143369,0.0,0.5730482641813291,0.5985766377617155,0.013858161651258223,0,C:\Users\LOQ\Downloads\Rakshak AI\ml\..\ml\..\data\dataset_runs\benign_055\file_3.txt,benign_055
2026-08-16T09:53:43Z,0.49991071412739563,0.11704629240006117,0.22236964454186303,0.0,0.0,0.9871298768120117,0.012396308934737366,0.0,0.09152190815236208,0.004996083508125679,0.4911641524553009,0.022556406677239394,0,C:\Users\LOQ\Downloads\Rakshak AI\ml\..\ml\..\data\dataset_runs\benign_056\file_0.txt,benign_056
2026-08-16T09:53:46Z,0.5239584825243537,0.19477322260891694,0.2149005098618821,0.0,0.0,1.0,0.009393813403045338,0.0,0.004510136116291053,0.25450483270672075,0.49542240294163603,0.007475575275898586,0,C:\Users\LOQ\Downloads\Rakshak AI\ml\..\ml\..\data\dataset_runs\benign_056\file_1.txt,benign_056
2026-08-16T09:53:48Z,0.5341092847871236,0.31448952883332565,0.20098576289436834,0.0,0.0,1.0,0.01069945268960845,0.0,0.0,0.528204632416573,0.5112297414725212,0.0,0,C:\Users\LOQ\Downloads\Rakshak AI\ml\..\ml\..\data\dataset_runs\benign_056\file_2.txt,benign_056
2026-08-16T09:53:50Z,0.5072664137486632,0.3871571513899453,0.20607949803029552,0.0,0.012129636806977703,1.0,0.0,0.0,0.0,0.6257795291908254,0.48498171542723123,0.0,0,C:\Users\LOQ\Downloads\Rakshak AI\ml\..\ml\..\data\dataset_runs\benign_056\file_3.txt,benign_056
2026-08-16T09:53:43Z,0.7755480314322484,0.1193253752960331,0.2068041520886898,0.0,0.0,0.9795335337867124,0.01970592690861421,0.0,0.09262845016216749,0.0,0.46784467127391827,0.0,0,C:\Users\LOQ\Downloads\Rakshak AI\ml\..\ml\..\data\dataset_runs\benign_057\file_0.txt,benign_057
2026-08-16T09:53:45Z,0.5036899094531445,0.22391197536114718,0.21530247978444694,0.0,0.0,1.0,0.0,0.0,0.025957924171599006,0.17535993445195466,0.39985941321711993,0.0027689196067962997,0,C:\Users\LOQ\Downloads\Rakshak AI\ml\..\ml\..\data\dataset_runs\benign_057\file_1.txt,benign_057
2026-08-16T09:53:48Z,0.4811703476236918,0.308662097544605,0.20298637860218635,0.0,0.01554789266894689,0.9628556549985073,0.005142469113295036,0.0,0.03637928100318029,0.5592294804591337,0.4306732594570795,0.0,0,C:\Users\LOQ\Downloads\Rakshak AI\ml\..\ml\..\data\dataset_runs\benign_057\file_2.txt,benign_057
2026-08-16T09:53:48Z,0.7862136288929586,0.3736193757851234,0.21188951077227308,0.0,0.0,0.9901176148856655,0.05768287787572742,0.015622006195738631,0.016446601827094252,0.5205648631142074,0.5679537938925815,0.007990970787235992,0,C:\Users\LOQ\Downloads\Rakshak AI\ml\..\ml\..\data\dataset_runs\benign_057\file_3.txt,benign_057
2026-08-16T09:53:53Z,0.4824661392256918,0.5015900569184457,0.24973294022200218,0.0,0.0,0.9949366156946944,0.00661464611230921,0.0,0.031054650478575477,0.9589811832363112,0.44344039842410116,0.0,0,C:\Users\LOQ\Downloads\Rakshak AI\ml\..\ml\..\data\dataset_runs\benign_057\file_4.txt,benign_057
2026-08-16T09:53:57Z,0.46142087331276255,0.3894865636392263,0.22313059169927588,0.0,0.022746387265464806,1.0,0.0,0.0,0.0,0.9223593093642029,0.45193733062419955,0.029809275288855207,0,C:\Users\LOQ\Downloads\Rakshak AI\ml\..\ml\..\data\dataset_runs\benign_057\file_5.txt,benign_057
2026-08-16T09:53:58Z,0.49959438999597383,0.5229209656224151,0.22227181473572002,0.0,0.0,0.8317773882473791,0.21611093417182953,0.0136652689030827,0.01599023114008214,0.9432191279627741,0.47072091430032315,0.0,0,C:\Users\LOQ\Downloads\Rakshak AI\ml\..\ml\..\data\dataset_runs\benign_057\file_5.txt,benign_057
2026-08-16T09:53:53Z,0.5014622861066478,0.5697236365021018,0.1590009389307829,0.0,0.03136780757336437,0.8370681739454245,0.18918431701102156,0.0,0.0,0.5238034434572424,0.5034467412700402,0.0,0,C:\Users\LOQ\Downloads\Rakshak AI\ml\..\ml\..\data\dataset_runs\benign_057\file_6.txt,benign_057
2026-08-16T09:53:43Z,0.5172547016122789,0.14207546114404718,0.21950894675402183,0.0,0.02300601080936843,1.0,0.0,0.00684186207168011,0.16747571234593733,0.02520778791937846,0.507502522109068,0.0006832181147855889,0,C:\Users\LOQ\Downloads\Rakshak AI\ml\..\ml\..\data\dataset_runs\benign_058\file_0.txt,benign_058
2026-08-16T09:53:45Z,0.5114274995658559,0.21885376935187384,0.20511241636181032,0.0,0.0,0.9603898380381689,0.0,0.00870750887498509,0.01290278146589471,0.2014927512509379,0.5098595979982133,0.033845449637427215,0,C:\Users\LOQ\Downloads\Rakshak AI\ml\..\ml\..\data\dataset_runs\benign_058\file_1.txt,benign_058
2026-08-16T09:53:48Z,0.4640660644617843,0.3000841504818534,0.1937050937201889,0.0,0.0372594547908014,0.9859104028640227,0.03015397551910749,0.023932776511886567,0.016106309478369028,0.44724689089587255,0.526063347197829,0.007841891684821215,0,C:\Users\LOQ\Downloads\Rakshak AI\ml\..\ml\..\data\dataset_runs\benign_058\file_2.txt,benign_058
2026-08-16T09:53:46Z,0.7680077332007265,0.41451225508022627,0.18300169962271606,0.0,0.01181081690358948,1.0,0.0,0.0,0.0,0.29030015532006614,0.5833597480235121,0.0,0,C:\Users\LOQ\Downloads\Rakshak AI\ml\..\ml\..\data\dataset_runs\benign_058\file_3.txt,benign_058
2026-08-16T09:53:49Z,0.48880950323312494,0.49984440980245864,0.16962404778528384,0.0,0.018641019143830557,1.0,0.026234417305738066,0.0031879608706682667,0.03163424774900162,0.5474655067959637,0.45604710342466176,0.023337829715916924,0,C:\Users\LOQ\Downloads\Rakshak AI\ml\..\ml\..\data\dataset_runs\benign_058\file_4.txt,benign_058
2026-08-16T09:53:55Z,0.7549711313147041,0.47581003139927164,0.19079923831969775,0.0,0.0,1.0,0.0,0.0,0.0,0.9613863576300885,0.5813873988317385,0.0,0,C:\Users\LOQ\Downloads\Rakshak AI\ml\..\ml\..\data\dataset_runs\benign_058\file_5.txt,benign_058
2026-08-16T09:53:57Z,0.7734153684866992,0.40622038315123105,0.19954988715642477,0.0,0.02263736366025182,0.7353187891458902,0.20669092305539083,0.036787672117015814,0.0,0.8937256643317307,0.5737510176323212,0.0,0,C:\Users\LOQ\Downloads\Rakshak AI\ml\..\ml\..\data\dataset_runs\benign_058\file_5.txt,benign_058
2026-08-16T09:53:43Z,0.5202287032111929,0.10794417727308098,0.2074278297055079,0.0,0.0,1.0,0.0,0.0,0.008898239707480722,0.005336728206864643,0.5015869596338455,0.011954220150354966,0,C:\Users\LOQ\Downloads\Rakshak AI\ml\..\ml\..\data\dataset_runs\benign_059\file_0.txt,benign_059
2026-08-16T09:53:46Z,0.5032504108871584,0.18083946461887082,0.24470172370338505,0.0,0.00956738574098659,0.9843272096150834,0.0,0.0,0.011928462128533308,0.22049165858551842,0.5342931746891636,0.019043386575876075,0,C:\Users\LOQ\Downloads\Rakshak AI\ml\..\ml\..\data\dataset_runs\benign_059\file_1.txt,benign_059
2026-08-16T09:53:49Z,0.4838542294521266,0.29729420052935257,0.18450376308090244,0.0,0.0001273292692690582,0.644531331413198,0.352162764571734,0.03759374021070248,0.0,0.5381343863156459,0.5276154150235076,0.0,0,C:\Users\LOQ\Downloads\Rakshak AI\ml\..\ml\..\data\dataset_runs\benign_059\file_1.txt,benign_059
2026-08-16T09:53:46Z,0.6832428264707977,0.3904854129556499,0.1880552755810738,0.0,0.0,0.7510432756697563,0.2597771359011475,0.017546654013858704,0.03570865289642648,0.22950423450111132,0.6494913756746072,0.016884942012610496,0,C:\Users\LOQ\Downloads\Rakshak AI\ml\..\ml\..\data\dataset_runs\benign_059\file_2.txt,benign_059
2026-08-16T09:53:48Z,0.5079177386600299,0.4876405345814532,0.21174845064004527,0.0,0.0,0.7824986500699792,0.18708652538329287,0.010632111703836886,0.019482127109022033,0.5166567127551538,0.4725944149536539,0.0,0,C:\Users\LOQ\Downloads\Rakshak AI\ml\..\ml\..\data\dataset_runs\benign_059\file_3.txt,benign_059
2026-08-16T09:53:55Z,0.7294880893531062,0.5310870001356701,0.19250372557323703,0.0,0.0,0.7756800950069169,0.20049775802786965,0.0,0.0,0.9821626511583371,0.5764707671086347,0.0038124638749841735,0,C:\Users\LOQ\Downloads\Rakshak AI\ml\..\ml\..\data\dataset_runs\benign_059\file_4.txt,benign_059
2026-08-16T09:54:00Z,0.7469134263387818,0.19960543595270888,0.16972688711039285,0.0,0.02301418193398665,1.0,0.0,0.0,0.0,0.502021563434926,0.5024685970661065,0.0,0,C:\Users\LOQ\Downloads\Rakshak AI\ml\..\ml\..\data\dataset_runs\benign_059\file_5.txt,benign_059
2026-08-16T09:53:59Z,0.47697634226750996,0.30811754327002017,0.21025033396628548,0.0,0.026510681776624297,0.9956389083241625,0.0,0.002255115307093231,0.0,0.37313286321770606,0.36608841409518067,0.0,0,C:\Users\LOQ\Downloads\Rakshak AI\ml\..\ml\..\data\dataset_runs\benign_059\file_6.txt,benign_059
2026-08-16T09:53:43Z,0.4908150025995568,0.08191787758388887,0.21717581419487142,0.0,0.0,0.987345543257368,0.0,0.0,0.07562280259795395,0.0,0.5112050327248283,0.0,0,C:\Users\LOQ\Downloads\Rakshak AI\ml\..\ml\..\data\dataset_runs\benign_060\file_0.txt,benign_060
2026-08-16T09:53:45Z,0.5090087375335222,0.20126337400863792,0.20192891631756113,0.0,0.0,0.9769480307212859,0.01747930985365809,0.0,0.0,0.21415478173271116,0.4865285633504455,0.006312029939288826,0,C:\Users\LOQ\Downloads\Rakshak AI\ml\..\ml\..\data\dataset_runs\benign_060\file_1.txt,benign_060
2026-08-16T09:53:47Z,0.520991394896179,0.3016478051795741,0.20691378271271743,0.0,0.0,0.658798368296265,0.3470683484210905,0.0008797727369636185,0.005334226559784051,0.32705234297897545,0.5093921169144345,0.009635977555394255,0,C:\Users\LOQ\Downloads\Rakshak AI\ml\..\ml\..\data\dataset_runs\benign_060\file_1.txt,benign_060
2026-08-16T09:53:51Z,0.5132018773278597,0.4073456022892441,0.2161087899761751,0.0,0.0,0.7504259590412605,0.23410952858499753,0.0,0.003975599787936715,0.7684870880184859,0.5033686005948529,0.0,0,C:\Users\LOQ\Downloads\Rakshak AI\ml\..\ml\..\data\dataset_runs\benign_060\file_2.txt,benign_060
2026-08-16T09:53:51Z,0.740886716445965,0.5190271952908709,0.20705852520481144,0.0,0.0073870608430856325,0.7965931734658822,0.1946320495573284,0.0,0.013003254039682399,0.7943944163094585,0.6388723106016662,0.0,0,C:\Users\LOQ\Downloads\Rakshak AI\ml\..\ml\..\data\dataset_runs\benign_060\file_3.txt,benign_060
2026-08-16T09:53:54Z,0.77467819718477,0.4804596904169551,0.19366530540524407,0.0,0.019527275150380205,0.5740658825064903,0.3990194459138436,0.0,0.0,0.9109737477142537,0.6178364540934947,0.0,0,C:\Users\LOQ\Downloads\Rakshak AI\ml\..\ml\..\data\dataset_runs\benign_060\file_3.txt,benign_060
2026-08-16T09:53:43Z,0.4831971314251347,0.121091682200205,0.2095231829295312,0.0,0.006831510191628819,1.0,0.011377689950720495,0.004758174193435855,0.13041385461992572,0.004270797197603393,0.4969442655750121,0.03829449641972308,0,C:\Users\LOQ\Downloads\Rakshak AI\ml\..\ml\..\data\dataset_runs\benign_061\file_0.txt,benign_061
2026-08-16T09:53:46Z,0.5010889179291091,0.20910236884926706,0.1997893880575961,0.0,0.02043984554524398,0.9955279167366187,0.0,0.0,0.0,0.290152700238659,0.5012943179550784,0.0,0,C:\Users\LOQ\Downloads\Rakshak AI\ml\..\ml\..\data\dataset_runs\benign_061\file_1.txt,benign_061
2026-08-16T09:53:45Z,0.5338143018073641,0.3193096786148659,0.19874447908207027,0.0,0.0,1.0,0.0,0.0,0.03126674900759617,0.1418739800752085,0.48964494527641095,0.0,0,C:\Users\LOQ\Downloads\Rakshak AI\ml\..\ml\..\data\dataset_runs\benign_061\file_2.txt,benign_061
2026-08-16T09:53:47Z,0.532185751483893,0.42670340195744916,0.18700445211478736,0.0,0.0,0.7472331354818016,0.25783723696513955,0.014253279115218731,0.0,0.3075984886447875,0.49722255537632826,0.0,0,C:\Users\LOQ\Downloads\Rakshak AI\ml\..\ml\..\data\dataset_runs\benign_061\file_2.txt,benign_061
2026-08-16T09:53:44Z,0.49726349514698903,0.09433302081241685,0.24387324884238062,0.0,0.0,0.9637532721570747,0.0,0.005089470627646892,0.14644411436929977,0.003629766291583863,0.4823277587702726,0.028716796779904418,0,C:\Users\LOQ\Downloads\Rakshak AI\ml\..\ml\..\data\dataset_runs\benign_062\file_0.txt,benign_062
2026-08-16T09:53:46Z,0.47615990060033475,0.22113153767604313,0.20582198652582684,0.0,0.0,0.9846831311725222,0.0,0.0,0.0,0.22385439979392477,0.5167037585162164,0.0,0,C:\Users\LOQ\Downloads\Rakshak AI\ml\..\ml\..\data\dataset_runs\benign_062\file_1.txt,benign_062
2026-08-16T09:53:45Z,0.5145746877760592,0.2784001472106159,0.17472353893944134,0.0,0.0,0.676523382841603,0.34474105289943857,0.0,0.0,0.1472198977950102,0.5128122908637174,0.02930775446389001,0,C:\Users\LOQ\Downloads\Rakshak AI\ml\..\ml\..\data\dataset_runs\benign_062\file_1.txt,benign_062
2026-08-16T09:53:46Z,0.46658005724540846,0.3897803108507736,0.2158778594658154,0.0,0.0,0.7443856015792139,0.2706182694981944,0.0,0.0,0.26513565847529985,0.46272119751966434,0.04640734847579617,0,C:\Users\LOQ\Downloads\Rakshak AI\ml\..\ml\..\data\dataset_runs\benign_062\file_2.txt,benign_062
2026-08-16T09:53:46Z,0.4860566995258364,0.46313324118008714,0.20620869597179994,0.0,0.02475006965978429,0.8067886390078473,0.183865140741759,0.0,0.0,0.19794102400774072,0.49605311092466986,0.0,0,C:\Users\LOQ\Downloads\Rakshak AI\ml\..\ml\..\data\dataset_runs\benign_062\file_3.txt,benign_062
2026-08-16T09:53:58Z,0.5200253939556102,0.1130689434847255,0.20395710155715063,0.0,0.0,0.004150152051431648,1.0,0.0,0.21839059564454655,0.0,0.501444711439083,0.010807355200458843,0,C:\Users\LOQ\Downloads\Rakshak AI\ml\..\ml\..\data\dataset_runs\benign_062\file_3.txt,benign_062
2026-08-16T09:54:00Z,0.460319552131521,0.19149726599428107,0.21397264789102743,0.0,0.0035659396955619754,0.5055199413416406,0.4878276740633028,0.011772400623210335,0.0,0.22629981752821404,0.5198337344687055,0.032744205296105125,0,C:\Users\LOQ\Downloads\Rakshak AI\ml\..\ml\..\data\dataset_runs\benign_062\file_4.txt,benign_062
2026-08-16T09:53:54Z,0.51562433519578,0.2730169999244099,0.20588036340381413,0.0,0.008591034586714204,0.3225892914595382,0.6657644318101166,0.01474172181967627,0.4019226222594806,0.027349422942471047,0.5066549270397308,0.009803810464960898,0,C:\Users\LOQ\Downloads\Rakshak AI\ml\..\ml\..\data\dataset_runs\benign_062\file_4.txt,benign_062
2026-08-16T09:53:51Z,0.5228029978889183,0.413508870023312,0.16222011165101735,0.0,0.006154430363974561,0.486047923735894,0.4910382985998911,0.002615147637961239,0.4980829907932483,0.0,0.5110713373319108,0.0,0,C:\Users\LOQ\Downloads\Rakshak AI\ml\..\ml\..\data\dataset_runs\benign_062\file_5.txt,benign_062
2026-08-16T09:54:03Z,0.4797238781500696,0.41098496145625174,0.18046892320098554,0.0,0.0,0.48238262159537176,0.4943055493939522,0.010676512232764803,0.0,0.8637192989936978,0.522434532750013,0.0,0,C:\Users\LOQ\Downloads\Rakshak AI\ml\..\ml\..\data\dataset_runs\benign_062\file_6.txt,benign_062
2026-08-16T09:53:49Z,0.7560280391825173,0.45951371094517585,0.17213414203821287,0.0,0.01503465613309338,0.6115563794025872,0.37727195036304895,0.009619360647172105,0.47944016173453363,0.0,0.6430084096567744,0.01738410742510018,0,C:\Users\LOQ\Downloads\Rakshak AI\ml\..\ml\..\data\dataset_runs\benign_062\file_7.txt,benign_062
2026-08-16T09:53:44Z,0.5131450920186944,0.08369206536839952,0.20467652419940383,0.0,0.0,0.9872252136719537,0.0,0.006609848770782329,0.03693886316938133,0.0,0.4876281599816598,0.004654050569623286,0,C:\Users\LOQ\Downloads\Rakshak AI\ml\..\ml\..\data\dataset_runs\benign_063\file_0.txt,benign_063
2026-08-16T09:53:45Z,0.5200658592764935,0.20575613582233232,0.21176903887316767,0.0,0.03005548215195146,0.5087839621080642,0.5020905476873125,0.0035173473578950292,0.013431943798482875,0.1268262914831505,0.5002067697182102,0.027039319867670594,0,C:\Users\LOQ\Downloads\Rakshak AI\ml\..\ml\..\data\dataset_runs\benign_063\file_0.txt,benign_063
2026-08-16T09:53:46Z,0.503591829387927,0.29967097010822863,0.16608758288716402,0.0,0.02249475297736836,0.6845901276366102,0.3137638406076344,0.012670503067699417,0.007414431952324622,0.23364901446312203,0.4886100673569285,0.0004764648989953873,0,C:\Users\LOQ\Downloads\Rakshak AI\ml\..\ml\..\data\dataset_runs\benign_063\file_1.txt,benign_063
2026-08-16T09:53:47Z,0.5092481767819359,0.38196131480032064,0.2022998443089895,0.0,0.040462517274667514,0.7374114660436515,0.27660834599374845,0.0,0.0,0.3241289128823023,0.5109797605466809,0.0,0,C:\Users\LOQ\Downloads\Rakshak AI\ml\..\ml\..\data\dataset_runs\benign_063\file_2.txt,benign_063
2026-08-16T09:53:51Z,0.49186576577364677,0.486947838289041,0.20582905681047958,0.0,0.0,0.7879194442874078,0.16956429757032268,0.0,0.02760391476475798,0.7278465851828152,0.4979208636442164,0.0,0,C:\Users\LOQ\Downloads\Rakshak AI\ml\..\ml\..\data\dataset_runs\benign_063\file_3.txt,benign_063
2026-08-16T09:53:51Z,0.4846122512086266,0.615496287610663,0.2113622157706965,0.0,0.0,0.6933875033935019,0.2996369730945344,0.0,0.0,0.7309874212371417,0.49402202737846596,0.004408578578342661,0,C:\Users\LOQ\Downloads\Rakshak AI\ml\..\ml\..\data\dataset_runs\benign_063\file_3.txt,benign_063
2026-08-16T09:53:44Z,0.5127331370722756,0.09011181497803858,0.1959576616263337,0.0,0.012525846490697316,0.9928911301134484,0.004422403178823987,0.0,0.044519109067246716,0.03155076299309436,0.4886809915097429,0.0,0,C:\Users\LOQ\Downloads\Rakshak AI\ml\..\ml\..\data\dataset_runs\benign_064\file_0.txt,benign_064
2026-08-16T09:53:45Z,0.46254006552906163,0.2027826645828249,0.21702301292069576,0.0,0.0,0.990745468951969,0.0032475696541007034,0.027115115621769936,0.0,0.15430167241999473,0.49844278392921965,0.030892175366323077,0,C:\Users\LOQ\Downloads\Rakshak AI\ml\..\ml\..\data\dataset_runs\benign_064\file_1.txt,benign_064
2026-08-16T09:53:45Z,0.5205929439321897,0.28917405169165644,0.18819457890624935,0.0,0.0,0.6262227566394775,0.3554120826732432,0.0,0.0,0.08827151986232082,0.48193400568322514,0.0,0,C:\Users\LOQ\Downloads\Rakshak AI\ml\..\ml\..\data\dataset_runs\benign_064\file_1.txt,benign_064
2026-08-16T09:53:52Z,0.5148465867382178,0.41451492195173895,0.22808989328646548,0.0,0.0,0.7452118409522975,0.2374966601913402,0.0005953369770844642,0.0,0.8494979856879025,0.4720264191287231,0.0,0,C:\Users\LOQ\Downloads\Rakshak AI\ml\..\ml\..\data\dataset_runs\benign_064\file_2.txt,benign_064
2026-08-16T09:53:44Z,0.49441211876568175,0.09559095275389301,0.190530333153643,0.0,0.014234024139555825,1.0,0.0,0.0,0.05017682755159526,0.014725045414373484,0.45019856680450326,0.0,0,C:\Users\LOQ\Downloads\Rakshak AI\ml\..\ml\..\data\dataset_runs\benign_065\file_0.txt,benign_065
2026-08-16T09:53:46Z,0.5029668171601217,0.22543827647327558,0.20607131336611445,0.0,0.0034647985419558316,0.47784378315485604,0.5112834634905905,0.011351687145907232,0.014874622926931697,0.25602387841349805,0.5071249493867502,0.0,0,C:\Users\LOQ\Downloads\Rakshak AI\ml\..\ml\..\data\dataset_runs\benign_065\file_0.txt,benign_065
2026-08-16T09:53:48Z,0.7725870694438534,0.28372817598965716,0.18987987663778488,0.0,0.0,0.6507709472091957,0.3288531613114696,0.0,0.017083824485392647,0.4346308202700201,0.6611164510097624,0.0,0,C:\Users\LOQ\Downloads\Rakshak AI\ml\..\ml\..\data\dataset_runs\benign_065\file_1.txt,benign_065
2026-08-16T09:53:48Z,0.47513809684730146,0.41453772083602897,0.20173615552683122,0.0,0.01866025180961315,0.7317425027595277,0.2293171302877346,0.0021455531737876866,0.0,0.44880591048742907,0.43377795496758975,0.0,0,C:\Users\LOQ\Downloads\Rakshak AI\ml\..\ml\..\data\dataset_runs\benign_065\file_2.txt,benign_065
2026-08-16T09:53:47Z,0.4793644447585564,0.4834977278812095,0.21499131731220775,0.0,0.0,0.8142688117329497,0.1986788815215041,0.0,0.0,0.3140440854582339,0.47576686003500007,0.0,0,C:\Users\LOQ\Downloads\Rakshak AI\ml\..\ml\..\data\dataset_runs\benign_065\file_3.txt,benign_065
2026-08-16T09:53:49Z,0.5011396894350214,0.5926953630221367,0.1837274915355858,0.0,0.010735368509644481,0.6490699530995984,0.35636306765262904,0.0,0.01512612107178536,0.5064518958050482,0.46965667406587996,0.0,0,C:\Users\LOQ\Downloads\Rakshak AI\ml\..\ml\..\data\dataset_runs\benign_065\file_3.txt,benign_065
2026-08-16T09:53:52Z,0.7572415094977729,0.726017333193982,0.18337620144881914,0.0,0.0,0.6884409945086686,0.2554940391923495,0.0,0.02627910296809057,0.871175773523182,0.5975835638724671,0.0,0,C:\Users\LOQ\Downloads\Rakshak AI\ml\..\ml\..\data\dataset_runs\benign_065\file_4.txt,benign_065
2026-08-16T09:53:48Z,0.5129575896132114,0.8370535362717298,0.17034045045481316,0.0,0.0,0.7312224131844981,0.24926240704344524,0.0,0.010107585515250829,0.4539508172978475,0.4665119367412309,0.0,0,C:\Users\LOQ\Downloads\Rakshak AI\ml\..\ml\..\data\dataset_runs\benign_065\file_5.txt,benign_065
2026-08-16T09:53:49Z,0.48745141286830695,0.9155247546846771,0.24452804403580455,0.0,0.019876045753614593,0.7400891276219852,0.2379407371571392,0.011028341536949543,0.0,0.4628546125366556,0.5197940377415415,0.0,0,C:\Users\LOQ\Downloads\Rakshak AI\ml\..\ml\..\data\dataset_runs\benign_065\file_6.txt,benign_065
2026-08-16T09:53:53Z,0.49688059480020424,1.0,0.19834762461375197,0.0,0.0,0.687910063546517,0.2758543081388194,0.006997841610691106,0.0,0.9038190372564844,0.48238979303900686,0.008132980595117602,0,C:\Users\LOQ\Downloads\Rakshak AI\ml\..\ml\..\data\dataset_runs\benign_065\file_6.txt,benign_065
2026-08-16T09:53:56Z,0.7573854745994616,0.9126912350418395,0.21373257572017174,0.0,0.004716041546454825,0.7139900880936284,0.22987010932113003,0.0,0.0,0.9556029566358689,0.5616678711632324,0.0,0,C:\Users\LOQ\Downloads\Rakshak AI\ml\..\ml\..\data\dataset_runs\benign_065\file_7.txt,benign_065
2026-08-16T09:53:44Z,0.4730207764071772,0.09896939856716445,0.17219337620590747,0.0,0.0,0.9871470335011214,0.0,0.0,0.08456013474421463,0.012381442230039152,0.5082781386451813,0.005378683727196174,0,C:\Users\LOQ\Downloads\Rakshak AI\ml\..\ml\..\data\dataset_runs\benign_066\file_0.txt,benign_066
2026-08-16T09:53:45Z,0.5254209997404522,0.20762008605639898,0.1819155637462944,0.0,0.035597720299137034,0.979165383681567,0.00767892769164775,0.006591692010622255,0.005936485979513084,0.09357229051143502,0.48989427336036384,0.01559989468427736,0,C:\Users\LOQ\Downloads\Rakshak AI\ml\..\ml\..\data\dataset_runs\benign_066\file_1.txt,benign_066
2026-08-16T09:53:49Z,0.501804433125677,0.30134497219952067,0.20865925336518698,0.0,0.03610119697031454,1.0,0.013501191000815878,0.0,0.0,0.561725587504987,0.5018246915321198,0.003249121283939936,0,C:\Users\LOQ\Downloads\Rakshak AI\ml\..\ml\..\data\dataset_runs\benign_066\file_2.txt,benign_066
2026-08-16T09:53:44Z,0.5046383798037882,0.14823577539761218,0.17355987659401867,0.0,0.0,0.9954568072239585,0.015865123047354292,0.008443015389644393,0.0828251714428566,0.0,0.5574700038476064,0.02004899594817152,0,C:\Users\LOQ\Downloads\Rakshak AI\ml\..\ml\..\data\dataset_runs\benign_067\file_0.txt,benign_067
2026-08-16T09:53:45Z,0.5355424774127354,0.22499794988295801,0.19033822769159417,0.0,0.0,0.47893304045578555,0.5057365574325406,0.015204913344624081,0.0284674930740458,0.1445636132059172,0.4838068040542632,0.00576396300409453,0,C:\Users\LOQ\Downloads\Rakshak AI\ml\..\ml\..\data\dataset_runs\benign_067\file_0.txt,benign_067
2026-08-16T09:53:45Z,0.5263051556241515,0.28248888539853056,0.2203179787500688,0.0,0.01950906898914548,0.6946021402229978,0.3608429105106069,0.0,0.022043473888609,0.1068251969557204,0.5295451195683856,0.010770989478512596,0,C:\Users\LOQ\Downloads\Rakshak AI\ml\..\ml\..\data\dataset_runs\benign_067\file_1.txt,benign_067
2026-08-16T09:53:46Z,0.496148442716828,0.3855483873621352,0.19650668136732902,0.0,0.009135522781694784,0.746742332984547,0.26095111413456473,0.0,0.0,0.25555970673129247,0.5253622814137897,0.0,0,C:\Users\LOQ\Downloads\Rakshak AI\ml\..\ml\..\data\dataset_runs\benign_067\file_2.txt,benign_067
2026-08-16T09:53:46Z,0.4796838803188557,0.4886906328486795,0.1881934821076675,0.0,0.015326336853959871,0.7694636804848665,0.19834444432816034,0.0,0.0,0.22599973375401133,0.5075524565129194,0.003968068849932491,0,C:\Users\LOQ\Downloads\Rakshak AI\ml\..\ml\..\data\dataset_runs\benign_067\file_3.txt,benign_067
2026-08-16T09:53:51Z,0.5124543401614082,0.621987394624561,0.201751165183028,0.0,0.007594411368885487,0.8603876096177322,0.17970060985349368,0.0,0.017007281335396206,0.7174982726962543,0.4980050001214297,0.03184921979786745,0,C:\Users\LOQ\Downloads\Rakshak AI\ml\..\ml\..\data\dataset_runs\benign_067\file_4.txt,benign_067
2026-08-16T09:53:53Z,0.7487767030738406,0.7147647180724571,0.2058714180863493,0.0,0.0,0.8704742328616965,0.15758226795886113,0.0,0.0008904618470792552,0.910944482633646,0.6688172711637822,0.03442281100352454,0,C:\Users\LOQ\Downloads\Rakshak AI\ml\..\ml\..\data\dataset_runs\benign_067\file_5.txt,benign_067
2026-08-16T09:53:53Z,0.5138462506997528,0.7917636684278883,0.18874262878361078,0.0,0.00036944638432438324,0.8513533884949784,0.13140118914152948,0.0023056637342726938,0.00418487773789534,0.8852613466666319,0.5132979556080448,0.0,0,C:\Users\LOQ\Downloads\Rakshak AI\ml\..\ml\..\data\dataset_runs\benign_067\file_6.txt,benign_067
2026-08-16T09:53:51Z,0.5166532507659488,0.8872840733831192,0.21703311537364578,0.0,0.0,0.887474494086542,0.11377648624723406,0.0,0.03358296518663352,0.7059731102477466,0.46743521627524875,0.0,0,C:\Users\LOQ\Downloads\Rakshak AI\ml\..\ml\..\data\dataset_runs\benign_067\file_7.txt,benign_067
2026-08-16T09:54:10Z,0.4983286063920357,0.1077786901110456,0.18594645474833665,0.0,0.0,0.03162394564767597,1.0,0.00713199484322143,0.10501503342281636,0.0,0.4903236004907228,0.0,0,C:\Users\LOQ\Downloads\Rakshak AI\ml\..\ml\..\data\dataset_runs\benign_067\file_7.txt,benign_067
2026-08-16T09:53:44Z,0.4982025321127599,0.09751333023383399,0.2323885945452859,0.0,0.04747093633449501,0.9676541281436044,0.029736405160701952,0.012519726948324759,0.08395376487662382,0.004935371621552245,0.47714506561233777,0.0,0,C:\Users\LOQ\Downloads\Rakshak AI\ml\..\ml\..\data\dataset_runs\benign_068\file_0.txt,benign_068
2026-08-16T09:53:46Z,0.4973715174327826,0.21141156665351254,0.18691241679585585,0.0,0.0,0.9981628509700219,0.008568384900010096,0.0,0.030302792131488673,0.1820062187945227,0.4835913220023087,0.0,0,C:\Users\LOQ\Downloads\Rakshak AI\ml\..\ml\..\data\dataset_runs\benign_068\file_1.txt,benign_068
2026-08-16T09:53:50Z,0.4566983998271761,0.30972005847874895,0.20088253037513756,0.0,0.020039609306062807,1.0,0.0,0.03984829128466672,0.037679412871663175,0.5903860090144917,0.48358090246466523,0.023149492115570474,0,C:\Users\LOQ\Downloads\Rakshak AI\ml\..\ml\..\data\dataset_runs\benign_068\file_2.txt,benign_068
2026-08-16T09:53:48Z,0.5002681877391855,0.40613470719580264,0.19559055093519387,0.0,0.007533071077931679,0.7149189696785421,0.260501107774024,0.0,0.00212812446100401,0.40193486929911687,0.4925741201703908,0.027051120062678586,0,C:\Users\LOQ\Downloads\Rakshak AI\ml\..\ml\..\data\dataset_runs\benign_068\file_2.txt,benign_068
2026-08-16T09:53:48Z,0.47169676847158304,0.5233220996369262,0.17963615337584754,0.0,0.0,0.789927889576694,0.19583464802430384,0.0061824357355217035,0.0,0.34567109176895944,0.5274980307477694,0.0,0,C:\Users\LOQ\Downloads\Rakshak AI\ml\..\ml\..\data\dataset_runs\benign_068\file_3.txt,benign_068
2026-08-16T09:53:56Z,0.448617473277438,0.38548026057901075,0.19732778414247626,0.0,0.0,0.730042214641821,0.2783968112300417,0.0,0.014569450361785613,0.8480330081568671,0.4937754191873457,0.0027032968400988455,0,C:\Users\LOQ\Downloads\Rakshak AI\ml\..\ml\..\data\dataset_runs\benign_068\file_4.txt,benign_068
2026-08-16T09:53:59Z,0.761219474194738,0.2820147272468478,0.20980771069047274,0.0,0.002376617004095019,1.0,0.02834291652574636,0.011675147884801857,0.0,0.9390117909442016,0.6597353238483143,0.019143521105529172,0,C:\Users\LOQ\Downloads\Rakshak AI\ml\..\ml\..\data\dataset_runs\benign_068\file_5.txt,benign_068
2026-08-16T09:53:44Z,0.4784486117124219,0.09828524093939238,0.222371191521787,0.0,0.009540769325497873,1.0,0.013741378992423928,0.01552804564412767,0.146135803195802,0.0,0.5027060150874709,0.02043765233829174,0,C:\Users\LOQ\Downloads\Rakshak AI\ml\..\ml\..\data\dataset_runs\benign_069\file_0.txt,benign_069
2026-08-16T09:53:46Z,0.7456448915693196,0.18052685139795657,0.17298088028164707,0.0,0.0,1.0,0.030121561658229188,0.0040389679624439415,0.0,0.16103644819125162,0.5954556880100799,0.0,0,C:\Users\LOQ\Downloads\Rakshak AI\ml\..\ml\..\data\dataset_runs\benign_069\file_1.txt,benign_069
2026-08-16T09:53:46Z,0.5146470043781683,0.30649378681893286,0.1808012897189648,0.0,0.02289368405246475,1.0,0.003808095870145063,0.0,0.0,0.2475248423807791,0.4440984598022348,0.020067737602917003,0,C:\Users\LOQ\Downloads\Rakshak AI\ml\..\ml\..\data\dataset_runs\benign_069\file_2.txt,benign_069
2026-08-16T09:53:48Z,0.4913358264521187,0.40283465962029036,0.1901093228404297,0.0,0.0,0.9803595044230544,0.00043384304085442,0.0,0.0032290807183672065,0.43391320314675824,0.45329137222960064,0.010102727886929714,0,C:\Users\LOQ\Downloads\Rakshak AI\ml\..\ml\..\data\dataset_runs\benign_069\file_3.txt,benign_069
2026-08-16T09:53:55Z,0.49452545124603287,0.4041772870258107,0.15685326841048466,0.0,0.0,0.7457247425538027,0.25701232732589946,0.0,0.0,0.9224549342225741,0.4463925192859367,0.0,0,C:\Users\LOQ\Downloads\Rakshak AI\ml\..\ml\..\data\dataset_runs\benign_069\file_3.txt,benign_069
2026-08-16T09:53:56Z,0.4565843435409165,0.5141555763864787,0.22345817645228877,0.0,0.0,0.7605560634246146,0.1899510968792413,0.011104246988570902,0.008627889069297979,0.9825048675636342,0.4728749591139356,0.027500410851405296,0,C:\Users\LOQ\Downloads\Rakshak AI\ml\..\ml\..\data\dataset_runs\benign_069\file_4.txt,benign_069
2026-08-16T09:53:44Z,0.755403502154466,0.09909596048494615,0.23065478125418096,0.0,0.009832633366551895,0.9997832873703929,0.0,0.0,0.10285387104522571,0.004541462589753184,0.49862677174088355,0.0,0,C:\Users\LOQ\Downloads\Rakshak AI\ml\..\ml\..\data\dataset_runs\benign_070\file_0.txt,benign_070
2026-08-16T09:53:46Z,0.4540564303968121,0.1868660526452428,0.19426175431714132,0.0,0.010659068442134705,0.9915755201940534,0.028789767843904447,0.011394227792345701,0.0,0.1982152223929041,0.3796001129568503,0.023029148222427267,0,C:\Users\LOQ\Downloads\Rakshak AI\ml\..\ml\..\data\dataset_runs\benign_070\file_1.txt,benign_070
2026-08-16T09:53:48Z,0.47475214420631834,0.29737889051605615,0.20712158677213127,0.0,0.0031579165608620913,0.693405212342789,0.3603459593975226,0.04090423617423578,0.0,0.3398044604202063,0.43065344291683744,0.005039640073363533,0,C:\Users\LOQ\Downloads\Rakshak AI\ml\..\ml\..\data\dataset_runs\benign_070\file_1.txt,benign_070
2026-08-16T09:53:51Z,0.49595082293798376,0.37987624343222226,0.16512490162867943,0.0,0.021487923319097945,0.7423577132978623,0.25632033488782174,0.0,0.0,0.7417189246819598,0.41543932668671796,0.018880844991165248,0,C:\Users\LOQ\Downloads\Rakshak AI\ml\..\ml\..\data\dataset_runs\benign_070\file_2.txt,benign_070
2026-08-16T09:53:56Z,0.46248335640072996,0.3991581681772796,0.20606795258148888,0.0,0.0,0.512045471766005,0.5072383999031115,0.0,0.008646448273007666,0.949490087612998,0.4991278742419703,0.0,0,C:\Users\LOQ\Downloads\Rakshak AI\ml\..\ml\..\data\dataset_runs\benign_070\file_2.txt,benign_070
2026-08-16T09:53:55Z,0.5237723980614554,0.49176479636446047,0.20467923621995662,0.0,0.0,0.5881613360412976,0.4186776188430923,0.01580337922986586,0.05149673643465789,0.8791826997855019,0.473107155332885,0.022043338796667093,0,C:\Users\LOQ\Downloads\Rakshak AI\ml\..\ml\..\data\dataset_runs\benign_070\file_3.txt,benign_070
2026-08-16T09:53:58Z,0.7322673690255269,0.37433384512395684,0.2082539813142917,0.0,0.01823438961420649,0.7599784051505287,0.28487422433114457,0.0,0.0,0.7138553440972156,0.6459414517488354,0.0,0,C:\Users\LOQ\Downloads\Rakshak AI\ml\..\ml\..\data\dataset_runs\benign_070\file_4.txt,benign_070
2026-08-16T09:53:49Z,0.7604521320017021,0.5387672718374513,0.19108860081523427,0.0,0.004683134243863185,0.778505430186507,0.18536983230751844,0.025375499346403298,0.3769098914437793,0.0,0.5965196061896042,0.0,0,C:\Users\LOQ\Downloads\Rakshak AI\ml\..\ml\..\data\dataset_runs\benign_070\file_5.txt,benign_070
2026-08-16T09:53:44Z,0.4614538788852598,0.08581193623524606,0.19384941014539905,0.0,0.0,0.9989068382649847,0.01031091813648505,0.0,0.05925172932364967,0.0,0.48878581585284675,0.0,0,C:\Users\LOQ\Downloads\Rakshak AI\ml\..\ml\..\data\dataset_runs\benign_071\file_0.txt,benign_071
2026-08-16T09:53:46Z,0.49410586591591793,0.18587484197752663,0.15371280554458644,0.0,0.0,1.0,0.019850335199794466,0.0,0.004639736407894076,0.14848255013327039,0.5308663804034125,0.0,0,C:\Users\LOQ\Downloads\Rakshak AI\ml\..\ml\..\data\dataset_runs\benign_071\file_1.txt,benign_071
2026-08-16T09:53:45Z,0.4949380838251847,0.272188608043709,0.22648546913053086,0.0,0.009297739774084924,1.0,0.009226751232919453,0.015951710558318174,0.0,0.11163146384563469,0.5124703433826746,0.0,0,C:\Users\LOQ\Downloads\Rakshak AI\ml\..\ml\..\data\dataset_runs\benign_071\file_2.txt,benign_071
2026-08-16T09:53:52Z,0.5188633998011905,0.39856686652642576,0.18236380545184758,0.0,0.03190717485914841,0.7415694515829122,0.31650516342221374,0.008203936404632762,0.0,0.7427933942951227,0.4644451590741435,0.0,0,C:\Users\LOQ\Downloads\Rakshak AI\ml\..\ml\..\data\dataset_runs\benign_071\file_2.txt,benign_071
2026-08-16T09:53:47Z,0.493823613147015,0.5075258938257651,0.19870894379601584,0.0,0.0184625202149225,0.8253859053407769,0.21272098870681347,0.0,0.0,0.2623987647569622,0.47650466487855336,0.0,0,C:\Users\LOQ\Downloads\Rakshak AI\ml\..\ml\..\data\dataset_runs\benign_071\file_3.txt,benign_071
2026-08-16T09:53:49Z,0.49387993506963135,0.6168639951720553,0.21769248066463037,0.0,0.013552098691224231,0.6533895998763106,0.37616919545980976,0.000871430137757643,0.0,0.5070429423172036,0.503916899176792,0.0,0,C:\Users\LOQ\Downloads\Rakshak AI\ml\..\ml\..\data\dataset_runs\benign_071\file_3.txt,benign_071
2026-08-16T09:53:44Z,0.5142748091978017,0.09902275443628457,0.18313709690733204,0.0,0.0,1.0,0.00593787936711114,0.0,0.1356455821660076,0.0,0.5217048678561886,0.0,0,C:\Users\LOQ\Downloads\Rakshak AI\ml\..\ml\..\data\dataset_runs\benign_072\file_0.txt,benign_072
2026-08-16T09:53:47Z,0.43044414281035415,0.1922558935672561,0.22428449815369167,0.0,0.0,1.0,0.01806994092960207,0.005829436949474172,0.0,0.2864384112804469,0.49706469772593626,0.005723434434574599,0,C:\Users\LOQ\Downloads\Rakshak AI\ml\..\ml\..\data\dataset_runs\benign_072\file_1.txt,benign_072
2026-08-16T09:53:49Z,0.49542300035519216,0.31834505029604176,0.2209430073062449,0.0,0.0,0.668190467438186,0.33200034574412896,0.017477815301687922,0.0,0.44166759635470354,0.48084722909438216,0.044647916956703615,0,C:\Users\LOQ\Downloads\Rakshak AI\ml\..\ml\..\data\dataset_runs\benign_072\file_1.txt,benign_072
2026-08-16T09:53:52Z,0.7702539511706269,0.40069729683820415,0.19192631043958772,0.0,0.0,0.7660330856444648,0.2604078831207896,0.039541950227958166,0.01011254106257308,0.744650763923058,0.6365430325901945,0.0,0,C:\Users\LOQ\Downloads\Rakshak AI\ml\..\ml\..\data\dataset_runs\benign_072\file_2.txt,benign_072
2026-08-16T09:53:52Z,0.4878381756763834,0.5150918403861043,0.21519518673968263,0.0,0.013138990039268368,0.806953041981683,0.17362648587916094,0.009262195794652024,0.011437478125013967,0.7736907273640953,0.4812235166988642,0.005808274041175221,0,C:\Users\LOQ\Downloads\Rakshak AI\ml\..\ml\..\data\dataset_runs\benign_072\file_3.txt,benign_072
2026-08-16T09:53:55Z,0.5196279637451243,0.5023249915948831,0.2091305132507981,0.0,0.004125476423499019,0.6312356893957343,0.4119619210559612,0.020575615517184946,0.0,0.8038937892167235,0.460067093782253,0.0,0,C:\Users\LOQ\Downloads\Rakshak AI\ml\..\ml\..\data\dataset_runs\benign_072\file_3.txt,benign_072
2026-08-16T09:54:00Z,0.49319741272407186,0.35411812039409324,0.1918245079409268,0.0,0.0,0.7442009036818172,0.2758917284916209,0.0,0.022009867553307107,0.7373952889563354,0.487659571712821,0.0,0,C:\Users\LOQ\Downloads\Rakshak AI\ml\..\ml\..\data\dataset_runs\benign_072\file_4.txt,benign_072
2026-08-16T09:53:48Z,0.4917870129736282,0.4810754895964043,0.24569822223222895,0.0,0.0,0.8448226869454114,0.189551617082714,0.0,0.403089181566515,0.013227004578322809,0.44815266797222186,0.028825883802038554,0,C:\Users\LOQ\Downloads\Rakshak AI\ml\..\ml\..\data\dataset_runs\benign_072\file_5.txt,benign_072
2026-08-16T09:53:44Z,0.48228938772693425,0.07097292949375363,0.21291204929918073,0.0,0.024798815736075622,0.9959399778947082,0.0008052565808041995,0.017497527111951933,0.04424512825626196,0.0,0.5030809871035152,0.00531308766448696,0,C:\Users\LOQ\Downloads\Rakshak AI\ml\..\ml\..\data\dataset_runs\benign_073\file_0.txt,benign_073
2026-08-16T09:53:47Z,0.46801824827725624,0.21599612525725342,0.20011166732177738,0.0,0.020640271296094515,0.45542068993278917,0.49240325198040424,0.0038000196781228426,0.014122116495736007,0.3012424280740756,0.4955170312026081,0.028248930840259957,0,C:\Users\LOQ\Downloads\Rakshak AI\ml\..\ml\..\data\dataset_runs\benign_073\file_0.txt,benign_073
2026-08-16T09:53:45Z,0.4943625805560239,0.32932605667337705,0.19675712763315087,0.0,0.0,0.6227206424708449,0.29887901836046205,0.010517615378845149,0.0,0.09331944178248266,0.4847722176474066,0.0,0,C:\Users\LOQ\Downloads\Rakshak AI\ml\..\ml\..\data\dataset_runs\benign_073\file_1.txt,benign_073
2026-08-16T09:53:50Z,0.5114036919827173,0.4068747081562859,0.18026109466493523,0.0,0.007439880078749521,0.7256042474651028,0.2218043650676132,0.030802904369164132,0.0,0.4908902455241135,0.5112529520951856,0.0,0,C:\Users\LOQ\Downloads\Rakshak AI\ml\..\ml\..\data\dataset_runs\benign_073\file_2.txt,benign_073
2026-08-16T09:53:53Z,0.5015306164436588,0.5054149868032438,0.2033661640720912,0.0,0.0016758770092992676,0.6124490715835251,0.3971622409024828,0.023716881097744662,0.02470959301992261,0.8522095214357291,0.5207397965688794,0.015588605904482121,0,C:\Users\LOQ\Downloads\Rakshak AI\ml\..\ml\..\data\dataset_runs\benign_073\file_2.txt,benign_073
2026-08-16T09:53:53Z,0.49002223452837435,0.5948881527531398,0.22673032064538343,0.0,0.0015863749923572194,0.6758564419048109,0.3258806855742274,0.0,0.0,0.7775132672675178,0.49994269965498234,0.0,0,C:\Users\LOQ\Downloads\Rakshak AI\ml\..\ml\..\data\dataset_runs\benign_073\file_3.txt,benign_073
2026-08-16T09:53:49Z,0.4952941224033414,0.6838432467608946,0.1745920865151199,0.0,0.00794995599681669,0.7067037928944135,0.2532537403068529,0.0,0.00226192134687003,0.49709523778322684,0.49182527413050514,0.0,0,C:\Users\LOQ\Downloads\Rakshak AI\ml\..\ml\..\data\dataset_runs\benign_073\file_4.txt,benign_073
2026-08-16T09:53:49Z,0.47862150996525693,0.7908047557750926,0.185433740734939,0.0,0.004623796646434226,0.7451553897668913,0.27805903059397213,0.02482932809704915,0.0,0.5070294849862141,0.48457093324062184,0.018067790527934727,0,C:\Users\LOQ\Downloads\Rakshak AI\ml\..\ml\..\data\dataset_runs\benign_073\file_5.txt,benign_073
2026-08-16T09:53:50Z,0.5394745234041143,0.9143914957173016,0.19997963875368885,0.0,0.04200743522223631,0.8106056402007346,0.24373429013104497,0.0,0.0,0.5151228390020357,0.49713749631213877,0.013320374809809337,0,C:\Users\LOQ\Downloads\Rakshak AI\ml\..\ml\..\data\dataset_runs\benign_073\file_6.txt,benign_073
2026-08-16T09:53:50Z,0.5216189542456543,0.9969693967774655,0.22118365501016501,0.0,0.02204809079647789,0.7004522352095642,0.29555953741435337,0.0,0.01417406722390257,0.5522012212835761,0.5120718618368342,0.0,0,C:\Users\LOQ\Downloads\Rakshak AI\ml\..\ml\..\data\dataset_runs\benign_073\file_6.txt,benign_073
2026-08-16T09:53:50Z,0.5209385108237969,0.9969737285425454,0.21704176088161292,0.0,0.0,0.7404951850801823,0.25555059557205556,0.003951736297908587,0.0025673892998596417,0.5463638418772533,0.49399514953417345,0.013876628185888916,0,C:\Users\LOQ\Downloads\Rakshak AI\ml\..\ml\..\data\dataset_runs\benign_073\file_7.txt,benign_073
2026-08-16T09:53:45Z,0.4816730969598833,0.08026035470253873,0.2636471101702514,0.0,0.006568747185131884,0.9634143377343891,0.0,0.0,0.14438465838686046,0.01421248485308735,0.49918500177654396,0.012092690185243917,0,C:\Users\LOQ\Downloads\Rakshak AI\ml\..\ml\..\data\dataset_runs\benign_074\file_0.txt,benign_074
2026-08-16T09:53:47Z,0.4876782902911582,0.16581505645312952,0.20943829356423677,0.0,0.0,0.5165174980042715,0.5045972873351772,0.0244192953590319,0.0,0.23679793627885082,0.5162019761294306,0.0005427067291196908,0,C:\Users\LOQ\Downloads\Rakshak AI\ml\..\ml\..\data\dataset_runs\benign_074\file_0.txt,benign_074
2026-08-16T09:53:48Z,0.4951718411961246,0.27267036985951454,0.19410186532842968,0.0,0.0,0.6596684303752552,0.31385993704946885,0.0,0.005771383749744549,0.3034850747299789,0.5271176734168005,0.0,0,C:\Users\LOQ\Downloads\Rakshak AI\ml\..\ml\..\data\dataset_runs\benign_074\file_1.txt,benign_074
2026-08-16T09:53:50Z,0.4633461180299108,0.3669492442081469,0.1722943475489976,0.0,0.0,0.7369344901518347,0.27541737161304247,0.0,0.00691826886868227,0.5154408744488629,0.5059402778268279,0.0,0,C:\Users\LOQ\Downloads\Rakshak AI\ml\..\ml\..\data\dataset_runs\benign_074\file_2.txt,benign_074
2026-08-16T09:53:48Z,0.5019199191881795,0.5165630000675635,0.22106482140527828,0.0,0.012467182362012604,0.8314179137698017,0.17601004007359902,0.01421014679450936,0.003581419066545003,0.2711280736797416,0.523807394454065,0.0,0,C:\Users\LOQ\Downloads\Rakshak AI\ml\..\ml\..\data\dataset_runs\benign_074\file_3.txt,benign_074
2026-08-16T09:53:54Z,0.5332086269987557,0.5801562641184546,0.20218470378480466,0.0,0.0,0.8574330132008009,0.18833660410011208,0.0,0.0,0.9474917888906745,0.5132979387508046,0.028859718960423157,0,C:\Users\LOQ\Downloads\Rakshak AI\ml\..\ml\..\data\dataset_runs\benign_074\file_4.txt,benign_074
2026-08-16T09:53:56Z,0.7781973171178096,0.594729937247147,0.2046403617637666,0.0,0.01429037159183263,0.8012649104646199,0.18456974017168531,0.011636980771512869,0.020968471740803896,0.9160257265536016,0.5930564048108132,0.00421950511850847,0,C:\Users\LOQ\Downloads\Rakshak AI\ml\..\ml\..\data\dataset_runs\benign_074\file_5.txt,benign_074
2026-08-16T09:53:54Z,0.7411117632501666,0.7002397723062148,0.21869539466180138,0.0,0.0006940842255938531,0.7273239132632064,0.28364745364627236,0.0,0.0,0.7085289745944048,0.6234092364553258,0.04999047452282165,0,C:\Users\LOQ\Downloads\Rakshak AI\ml\..\ml\..\data\dataset_runs\benign_074\file_5.txt,benign_074
2026-08-16T09:53:51Z,0.47621702773462643,0.8001978853557409,0.2281846081246595,0.0,0.01683092112799981,0.7497176106121739,0.26996427232196435,0.0,0.007794515856499217,0.3672041222463801,0.4115441817698083,0.011945300556247682,0,C:\Users\LOQ\Downloads\Rakshak AI\ml\..\ml\..\data\dataset_runs\benign_074\file_6.txt,benign_074
2026-08-16T09:53:53Z,0.7447507153283833,0.8941925369837435,0.20970336398724462,0.0,0.0,0.7789787117331605,0.20330067382937383,0.0,0.0,0.6749680555885377,0.5990228290571188,0.0,0,C:\Users\LOQ\Downloads\Rakshak AI\ml\..\ml\..\data\dataset_runs\benign_074\file_7.txt,benign_074
2026-08-16T09:53:45Z,0.4742473214673003,0.08192362742823074,0.20455939971830228,0.0,0.0,0.9883603970168859,0.0,0.0,0.16562845694826359,0.0109764535607912,0.46975992603989414,0.0,0,C:\Users\LOQ\Downloads\Rakshak AI\ml\..\ml\..\data\dataset_runs\benign_075\file_0.txt,benign_075
2026-08-16T09:53:47Z,0.5212135942882868,0.1974836041228297,0.21399020214695408,0.0,0.0,0.981639117876121,0.0,0.0,0.03550248047680232,0.29747033923889826,0.47786182858096404,0.0,0,C:\Users\LOQ\Downloads\Rakshak AI\ml\..\ml\..\data\dataset_runs\benign_075\file_1.txt,benign_075
2026-08-16T09:53:47Z,0.49768240289177107,0.33661996908393943,0.20565707361190322,0.0,0.0,0.6931618583328517,0.3544059165874307,0.025020859905382165,0.0,0.2672016250356318,0.5278737454007484,0.03338445595040597,0,C:\Users\LOQ\Downloads\Rakshak AI\ml\..\ml\..\data\dataset_runs\benign_075\file_1.txt,benign_075
2026-08-16T09:53:52Z,0.5176188990320724,0.3677449313343737,0.18656745105950728,0.0,0.0168207155211789,0.7725896593823546,0.27897768242120774,0.0309590128205176,0.01862087227130593,0.7691731696212962,0.49669405058509913,0.010288363718916272,0,C:\Users\LOQ\Downloads\Rakshak AI\ml\..\ml\..\data\dataset_runs\benign_075\file_2.txt,benign_075
2026-08-16T09:53:50Z,0.48856548165283686,0.4860568794153486,0.1722912783789962,0.0,0.04037973008816751,0.8176044777114867,0.18238280271960555,0.0,0.0,0.5030331819612287,0.4914343261274348,0.0,0,C:\Users\LOQ\Downloads\Rakshak AI\ml\..\ml\..\data\dataset_runs\benign_075\file_3.txt,benign_075
2026-08-16T09:53:59Z,0.7641393326584515,0.29661838990082146,0.1866541130049973,0.0,0.012290573809576802,0.9997215620641695,0.0,0.0,0.0,0.905526497076876,0.6430245540887334,0.0,0,C:\Users\LOQ\Downloads\Rakshak AI\ml\..\ml\..\data\dataset_runs\benign_075\file_4.txt,benign_075
2026-08-16T09:54:00Z,0.4912103570015213,0.2864591135724564,0.20472073839205643,0.0,0.0,1.0,0.006929424746674415,0.0,0.009241185807523674,0.752134084195873,0.44596105158512084,0.0,0,C:\Users\LOQ\Downloads\Rakshak AI\ml\..\ml\..\data\dataset_runs\benign_075\file_5.txt,benign_075
2026-08-16T09:53:45Z,0.5014978601414469,0.11016974304694561,0.18196405942023644,0.0,0.0,1.0,0.0,0.0,0.11865468331082017,0.0,0.47956992639191653,0.017805666420379118,0,C:\Users\LOQ\Downloads\Rakshak AI\ml\..\ml\..\data\dataset_runs\benign_076\file_0.txt,benign_076
2026-08-16T09:53:46Z,0.4722894137875094,0.20267889814253043,0.19065486775961488,0.0,0.0,0.9853055229363356,0.0,0.010536085168062523,0.0,0.14616823871458134,0.4708239885942397,0.006675409217264191,0,C:\Users\LOQ\Downloads\Rakshak AI\ml\..\ml\..\data\dataset_runs\benign_076\file_1.txt,benign_076
2026-08-16T09:53:50Z,0.5061520170212443,0.29612176946488206,0.19496456179537824,0.0,0.0,0.9795230168344826,0.030150696891414096,0.004232305294721145,0.0,0.5026882905504401,0.5161001858777037,0.0,0,C:\Users\LOQ\Downloads\Rakshak AI\ml\..\ml\..\data\dataset_runs\benign_076\file_2.txt,benign_076
2026-08-16T09:53:48Z,0.49502700423822654,0.3957696337894332,0.2263399330954425,0.0,0.0,1.0,0.0,0.0,0.01650338724579365,0.34076883903971805,0.4990516449410433,0.02202118201488975,0,C:\Users\LOQ\Downloads\Rakshak AI\ml\..\ml\..\data\dataset_runs\benign_076\file_3.txt,benign_076
2026-08-16T09:53:55Z,0.47944012568866623,0.4000681195515805,0.211643127100779,0.0,0.0,0.9888977701025752,0.007308220247129658,0.014262555663872316,0.0,0.8708724363883792,0.5105900836225965,0.04415306398652111,0,C:\Users\LOQ\Downloads\Rakshak AI\ml\..\ml\..\data\dataset_runs\benign_076\file_4.txt,benign_076
2026-08-16T09:53:58Z,0.49111174692522197,0.37625179472543263,0.20004863908789144,0.0,0.0,0.9827926803974086,0.010940230730182274,0.04979627705374572,0.0,0.9262973738232121,0.5074765656439925,0.0,0,C:\Users\LOQ\Downloads\Rakshak AI\ml\..\ml\..\data\dataset_runs\benign_076\file_5.txt,benign_076
2026-08-16T09:53:45Z,0.4749700641489437,0.09115987137949884,0.21879467743707692,0.0,0.0,0.9776641304693783,0.0,0.0,0.12934892474363033,0.0,0.5308651520185754,0.011679922176447716,0,C:\Users\LOQ\Downloads\Rakshak AI\ml\..\ml\..\data\dataset_runs\benign_077\file_0.txt,benign_077
2026-08-16T09:53:46Z,0.5060561027734201,0.18735508885556296,0.2233480489537577,0.0,0.04573509953312474,0.9844099438918487,0.017610669037818657,0.0,0.04379563889042687,0.13991614305285602,0.5228388698698901,0.006824378789003427,0,C:\Users\LOQ\Downloads\Rakshak AI\ml\..\ml\..\data\dataset_runs\benign_077\file_1.txt,benign_077
2026-08-16T09:53:47Z,0.5038952748891063,0.3159973334757551,0.19470634602737913,0.0,0.0,0.9907152458415479,0.0,2.934305552226441e-05,0.008035271715103338,0.23213146933629705,0.507711821241313,0.01449519920393079,0,C:\Users\LOQ\Downloads\Rakshak AI\ml\..\ml\..\data\dataset_runs\benign_077\file_2.txt,benign_077
2026-08-16T09:53:50Z,0.5311636267438428,0.3624520753078698,0.19931449367764756,0.0,0.0,0.742061254878239,0.20847051889196905,0.015575988033641814,0.0,0.5002140900838707,0.5055854574513315,0.005375947745612154,0,C:\Users\LOQ\Downloads\Rakshak AI\ml\..\ml\..\data\dataset_runs\benign_077\file_2.txt,benign_077
2026-08-16T09:53:50Z,0.48949430555558127,0.47646650446376115,0.16964210300614865,0.0,0.0,0.7945815241748057,0.2065301098302376,0.0,0.03662684440434088,0.5452091953896232,0.5136665881320831,0.015031870149119626,0,C:\Users\LOQ\Downloads\Rakshak AI\ml\..\ml\..\data\dataset_runs\benign_077\file_3.txt,benign_077
2026-08-16T09:53:50Z,0.5031984179720175,0.5827336171891889,0.161073573499613,0.0,0.007314826241484981,0.8094564546278545,0.19622874493687134,0.013662265152271782,0.0,0.4991439571455243,0.5081143949326722,0.0017572709841580517,0,C:\Users\LOQ\Downloads\Rakshak AI\ml\..\ml\..\data\dataset_runs\benign_077\file_4.txt,benign_077
2026-08-16T09:53:53Z,0.5065764397328222,0.6891370002537773,0.19270394756818135,0.0,0.0,0.844673864097956,0.1046296611494204,0.0026712713613250404,0.01510429298417938,0.8449212161854576,0.5043467472068048,0.0,0,C:\Users\LOQ\Downloads\Rakshak AI\ml\..\ml\..\data\dataset_runs\benign_077\file_5.txt,benign_077
2026-08-16T09:53:51Z,0.4823333659732444,0.7997028294345113,0.18790453015925668,0.0,0.0,0.8989369347613664,0.14255516478931296,0.03883240951282404,0.017108766160633445,0.6173912652430247,0.5133676339563065,0.0,0,C:\Users\LOQ\Downloads\Rakshak AI\ml\..\ml\..\data\dataset_runs\benign_077\file_6.txt,benign_077
2026-08-16T09:53:57Z,0.7514943287275958,0.6818713489231135,0.1871025278600745,0.0,0.033554311392684645,0.8527788547643431,0.15960389126998878,0.03849715276495059,0.026617740948595387,0.9176876241518854,0.6447937475496275,0.013030303813390806,0,C:\Users\LOQ\Downloads\Rakshak AI\ml\..\ml\..\data\dataset_runs\benign_077\file_7.txt,benign_077
2026-08-16T09:53:58Z,0.7443096621926683,0.7032452448595735,0.20510433382461443,0.0,0.0,0.760334342063391,0.29184686721993497,0.008397424917483912,0.0,0.9046304791322197,0.6003946318373407,0.0,0,C:\Users\LOQ\Downloads\Rakshak AI\ml\..\ml\..\data\dataset_runs\benign_077\file_7.txt,benign_077
2026-08-16T09:53:45Z,0.48383185457005895,0.09196733147215655,0.20934376952624514,0.0,0.020684867544462367,1.0,0.014901686519021693,0.009315826450262008,0.13525982646488655,0.0,0.5026700517732187,0.018790403681245044,0,C:\Users\LOQ\Downloads\Rakshak AI\ml\..\ml\..\data\dataset_runs\benign_078\file_0.txt,benign_078
2026-08-16T09:53:46Z,0.7584431923033383,0.2079843518974438,0.1660918547049457,0.0,0.01787755091419644,1.0,0.0,0.007159200655173343,0.008434633863758432,0.12305666730311708,0.6121955098894638,0.006241483486593259,0,C:\Users\LOQ\Downloads\Rakshak AI\ml\..\ml\..\data\dataset_runs\benign_078\file_1.txt,benign_078
2026-08-16T09:53:46Z,0.5143363667184105,0.27271325117337875,0.20239927387181914,0.0,0.015441233408846606,1.0,0.0,0.0,0.022485604837372903,0.14199028787338877,0.4218683576955349,0.0,0,C:\Users\LOQ\Downloads\Rakshak AI\ml\..\ml\..\data\dataset_runs\benign_078\file_2.txt,benign_078
2026-08-16T09:53:48Z,0.5342740105801271,0.38815789661113426,0.17271996151413388,0.0,0.0,1.0,0.0,0.0,0.0,0.2889786741913827,0.431270653142555,0.0,0,C:\Users\LOQ\Downloads\Rakshak AI\ml\..\ml\..\data\dataset_runs\benign_078\file_3.txt,benign_078
2026-08-16T09:53:52Z,0.4981721009945724,0.4979099637722348,0.2034597851919351,0.0,0.0,0.9796710968567357,0.004876594453006476,0.0,0.01969588586233205,0.6632341817644041,0.4685839779977869,0.016686321922559904,0,C:\Users\LOQ\Downloads\Rakshak AI\ml\..\ml\..\data\dataset_runs\benign_078\file_4.txt,benign_078
2026-08-16T09:53:53Z,0.5450350751539889,0.621601118544344,0.19945303832528544,0.0,0.04474496933913147,1.0,0.0,0.004518340812710845,0.01525434176196004,0.8710964056199406,0.4757865179849355,0.0,0,C:\Users\LOQ\Downloads\Rakshak AI\ml\..\ml\..\data\dataset_runs\benign_078\file_5.txt,benign_078
2026-08-16T09:53:50Z,0.528254033655219,0.6869605420172316,0.22285573978478077,0.0,0.025753442358678682,0.8513811618164446,0.12974377196763662,0.035796700542619256,0.023233383145606867,0.5365367107205326,0.5156802287253032,0.0,0,C:\Users\LOQ\Downloads\Rakshak AI\ml\..\ml\..\data\dataset_runs\benign_078\file_5.txt,benign_078
2026-08-16T09:53:49Z,0.4964549472955917,0.8253275195052524,0.21640608875987505,0.0,0.0023965446832110164,0.8744064687970137,0.07363783571033582,0.00960211034701387,0.018388015330594514,0.43044913244330113,0.5001208363127528,0.0,0,C:\Users\LOQ\Downloads\Rakshak AI\ml\..\ml\..\data\dataset_runs\benign_078\file_6.txt,benign_078
2026-08-16T09:53:51Z,0.5010789716188153,0.8736251134665293,0.1738444288118388,0.0,0.0,0.9073239384020867,0.10922634475147111,0.022241102251501874,0.0,0.5969757156895645,0.4837536069114378,0.012108467440834382,0,C:\Users\LOQ\Downloads\Rakshak AI\ml\..\ml\..\data\dataset_runs\benign_078\file_7.txt,benign_078
2026-08-16T09:53:45Z,0.48472072365489965,0.10323624981070686,0.1963014870451354,0.0,0.020810841938186827,0.9911933150911695,0.0,0.0,0.05077512676620184,0.0,0.5049661595264182,0.0,0,C:\Users\LOQ\Downloads\Rakshak AI\ml\..\ml\..\data\dataset_runs\benign_079\file_0.txt,benign_079
2026-08-16T09:53:46Z,0.46055731908104225,0.2259069233434152,0.20008954728628323,0.0,0.03190073845971013,0.49088926632123103,0.47273265632132705,0.0,0.0,0.161058904650269,0.5129182693180785,0.0,0,C:\Users\LOQ\Downloads\Rakshak AI\ml\..\ml\..\data\dataset_runs\benign_079\file_0.txt,benign_079
2026-08-16T09:53:50Z,0.5048819506497836,0.30459105941959647,0.21454820442750835,0.0,0.02745654743392889,0.6414003731485743,0.314605982111053,0.007538258675331129,0.013730397965209251,0.5218301361615838,0.5252307515983442,0.0009836138839314434,0,C:\Users\LOQ\Downloads\Rakshak AI\ml\..\ml\..\data\dataset_runs\benign_079\file_1.txt,benign_079
2026-08-16T09:53:53Z,0.49141472043707174,0.42469612780948396,0.18205316527329926,0.0,0.003021845950901271,0.7379204148998239,0.24892163105321233,0.01673854139398022,0.0,0.8346943756320577,0.476095475462729,0.004231742257347433,0,C:\Users\LOQ\Downloads\Rakshak AI\ml\..\ml\..\data\dataset_runs\benign_079\file_2.txt,benign_079
2026-08-16T09:53:56Z,0.5443107733228876,0.37264406863563976,0.201069041659994,0.0,0.0,0.4996612312416901,0.47497826188908726,0.0,0.010748832765059866,0.9231998337620557,0.5278365201020677,0.01193472926874474,0,C:\Users\LOQ\Downloads\Rakshak AI\ml\..\ml\..\data\dataset_runs\benign_079\file_2.txt,benign_079
2026-08-16T09:53:59Z,0.5266587514792953,0.420865075165295,0.1868220706845349,0.0,0.0,0.7435096598749065,0.25213038012630073,0.03312032246963693,0.0,0.9335625854876752,0.5111994486545998,0.006740608094624613,0,C:\Users\LOQ\Downloads\Rakshak AI\ml\..\ml\..\data\dataset_runs\benign_079\file_3.txt,benign_079
2026-08-16T09:54:03Z,0.526016496953931,0.4049213892710115,0.20532900375290697,0.0,0.03811213939322964,0.4943041719548968,0.5018313422909882,0.0,0.02849471160283361,0.9815337381238336,0.5045144719813414,0.0,0,C:\Users\LOQ\Downloads\Rakshak AI\ml\..\ml\..\data\dataset_runs\benign_079\file_3.txt,benign_079
2026-08-16T09:53:52Z,0.5192346666619864,0.4918487041525341,0.20656866303782997,0.0,0.044886604436347045,0.5948397827439739,0.4126151412675737,0.01494659655390575,0.3757326005794061,0.0015432894174314906,0.47692876237121923,0.0,0,C:\Users\LOQ\Downloads\Rakshak AI\ml\..\ml\..\data\dataset_runs\benign_079\file_4.txt,benign_079
2026-08-16T09:53:55Z,0.47307578263863265,0.6029451625357957,0.19495307845787088,0.0,0.0,0.6577392644651512,0.3197825052051357,0.01106437664160076,0.01309985198336029,0.2861312708608259,0.5067697178083019,0.015273773060355027,0,C:\Users\LOQ\Downloads\Rakshak AI\ml\..\ml\..\data\dataset_runs\benign_079\file_5.txt,benign_079
2026-08-16T09:53:45Z,0.9723085635782566,0.10864353688057074,0.21643127374270446,0.0,1.0,0.005911988054872795,0.021138233474599696,1.0,0.07499481281585253,0.016053061120242358,0.5073801970177971,0.005130066355633189,1,C:\Users\LOQ\Downloads\Rakshak AI\ml\..\ml\..\data\dataset_runs\attack_000\doc_0.txt.encrypted,attack_000
2026-08-16T09:53:46Z,0.976874411288949,0.20731830622947828,0.21308796441555364,0.0,0.9982247810921299,0.04385220267362465,0.024984285827460533,0.9944167851334453,0.00023686681438612483,0.11193983858591877,0.5084862789771072,0.01649368598932969,1,C:\Users\LOQ\Downloads\Rakshak AI\ml\..\ml\..\data\dataset_runs\attack_000\doc_1.txt.encrypted,attack_000
2026-08-16T09:53:47Z,0.9653238416985501,0.3170666013724019,0.1933378058881005,0.0,1.0,0.0,0.0,0.9705217532886079,0.0,0.22753360084034313,0.49205841651529136,0.0,1,C:\Users\LOQ\Downloads\Rakshak AI\ml\..\ml\..\data\dataset_runs\attack_000\doc_2.txt.encrypted,attack_000
2026-08-16T09:53:47Z,0.9733130532802517,0.3738571631807797,0.190424147130698,0.0,1.0,0.0,0.0038896501615554423,1.0,0.0,0.25735740217003955,0.5021545904924148,0.031175163535237527,1,C:\Users\LOQ\Downloads\Rakshak AI\ml\..\ml\..\data\dataset_runs\attack_000\doc_3.txt.encrypted,attack_000
2026-08-16T09:53:48Z,0.7755999212661382,0.5219616084138912,0.16140069464219037,0.0,1.0,0.019186157070357052,0.0,0.7802596109834916,0.02828141029210975,0.35093090676508987,0.4174731472295783,0.0,1,C:\Users\LOQ\Downloads\Rakshak AI\ml\..\ml\..\data\dataset_runs\attack_000\doc_4.txt.encrypted,attack_000
2026-08-16T09:53:49Z,0.9493678472068113,0.6130610104651179,0.17740600763349398,0.0,0.9939892415120102,0.02375069913460974,0.0,0.8302934322739018,0.0,0.4365151580208658,0.5261102092492422,0.0,1,C:\Users\LOQ\Downloads\Rakshak AI\ml\..\ml\..\data\dataset_runs\attack_000\doc_5.txt.encrypted,attack_000
2026-08-16T09:53:50Z,0.7878593470851858,0.7272267085747325,0.16929142589041474,0.0,0.9878891335911963,0.0,0.0,0.7526272812583061,0.0,0.528455835356324,0.4290758376696794,0.0,1,C:\Users\LOQ\Downloads\Rakshak AI\ml\..\ml\..\data\dataset_runs\attack_000\doc_6.txt.encrypted,attack_000
2026-08-16T09:53:51Z,0.9403650619171863,0.7872259306274281,0.42226067667445516,0.0,0.8709982337886591,0.0,0.11056943455017526,0.7607102071978991,0.002059813068431171,0.5895543561748197,0.5331224815966153,0.011128505695874442,1,C:\Users\LOQ\Downloads\Rakshak AI\ml\..\ml\..\data\dataset_runs\attack_000\doc_7.txt,attack_000
2026-08-16T09:53:52Z,1.0,0.9039358473873084,0.403241772948942,0.0,0.8765530562193826,0.02405377889122823,0.10524205530493223,0.76875002446567,0.019341282854639562,0.6657713058326434,0.5113574419762322,0.012499259040018695,1,C:\Users\LOQ\Downloads\Rakshak AI\ml\..\ml\..\data\dataset_runs\attack_000\doc_8.txt.encrypted,attack_000
2026-08-16T09:53:52Z,0.9500976639054035,0.9797604174728841,0.3824517850929995,0.0,0.9208674968739872,0.0,0.06739652188430847,0.8211475292987357,0.03226105238002626,0.7098456181780457,0.519174790231703,0.0,1,C:\Users\LOQ\Downloads\Rakshak AI\ml\..\ml\..\data\dataset_runs\attack_000\doc_9.txt.encrypted,attack_000
2026-08-16T09:53:53Z,0.9917735291848053,1.0,0.3970863268536179,1.0,0.8847903693848655,0.008784490220230302,0.047349336956034285,0.8294941194674651,0.0,0.7764938585238375,0.5278282822196222,0.003678567396417127,1,C:\Users\LOQ\Downloads\Rakshak AI\ml\..\ml\..\data\dataset_runs\attack_000\salary_2026.xlsx.encrypted,attack_000
2026-08-16T09:53:45Z,0.9838071318943871,0.14990973832101595,0.19149776648500794,0.0,0.009677981368615963,0.0,1.0,0.9760224352372888,0.1124279859593362,0.0,0.5006158202399398,0.021773788647780217,1,C:\Users\LOQ\Downloads\Rakshak AI\ml\..\ml\..\data\dataset_runs\attack_001\doc_0.txt,attack_001
2026-08-16T09:53:45Z,0.9388010797198668,0.1907603764817818,0.24142725872085913,0.0,0.015182953475197181,0.010519815553210616,1.0,1.0,0.006314664845749063,0.017229170055395038,0.5354769985067733,0.008796300576283448,1,C:\Users\LOQ\Downloads\Rakshak AI\ml\..\ml\..\data\dataset_runs\attack_001\doc_1.txt,attack_001
2026-08-16T09:53:46Z,0.9661523858142087,0.31680815869916923,0.4093776092182803,0.0,0.3531363159924248,0.0,0.63972364728875,1.0,0.032710746273406914,0.09841687374276674,0.5067752352705494,0.0,1,C:\Users\LOQ\Downloads\Rakshak AI\ml\..\ml\..\data\dataset_runs\attack_001\doc_2.txt.encrypted,attack_001
2026-08-16T09:53:47Z,0.9694276551341543,0.35398910190202154,0.42309355526553355,0.0,0.24419232901136287,0.029022715803492555,0.751275676878513,0.9996047044257405,0.03456260085765898,0.1691922171899544,0.4923871189615776,0.004872062702984199,1,C:\Users\LOQ\Downloads\Rakshak AI\ml\..\ml\..\data\dataset_runs\attack_001\doc_3.txt,attack_001
2026-08-16T09:53:47Z,0.9915990890989991,0.501346812835869,0.3895443297519193,0.0,0.40012835532541163,0.002088173815911243,0.608074895690406,0.9620546574924211,0.02105704369039808,0.201691086151293,0.4747378169937032,0.03461866008898483,1,C:\Users\LOQ\Downloads\Rakshak AI\ml\..\ml\..\data\dataset_runs\attack_001\doc_4.txt.encrypted,attack_001
2026-08-16T09:53:47Z,0.973037571157878,0.5883588380034533,0.4046804501012436,0.0,0.4737920898615628,0.0,0.48737224403430357,1.0,0.0,0.2000294425494262,0.4977995371268167,0.0009769174400448923,1,C:\Users\LOQ\Downloads\Rakshak AI\ml\..\ml\..\data\dataset_runs\attack_001\doc_5.txt.encrypted,attack_001
2026-08-16T09:53:48Z,1.0,0.6811573215982993,0.3915656542104784,1.0,0.5939597429482398,0.0,0.4125994282931018,1.0,0.026330705168184792,0.2520059446446627,0.5232103961467073,0.0,1,C:\Users\LOQ\Downloads\Rakshak AI\ml\..\ml\..\data\dataset_runs\attack_001\salary_2026.xlsx.encrypted,attack_001
2026-08-16T09:53:45Z,0.9870047271843582,0.1048662570950282,0.21302653828701248,0.0,0.0,0.015049056654333511,0.9874974487968466,1.0,0.09324961028841049,0.0,0.45812230307179347,0.030782415989806914,1,C:\Users\LOQ\Downloads\Rakshak AI\ml\..\ml\..\data\dataset_runs\attack_002\doc_0.txt,attack_002
2026-08-16T09:53:46Z,0.9724332344951367,0.22871355472148483,0.3766412014877405,0.0,0.5282077789132472,0.0,0.5011731563220212,1.0,0.0,0.09593802573008442,0.513246098274935,0.005496599429526273,1,C:\Users\LOQ\Downloads\Rakshak AI\ml\..\ml\..\data\dataset_runs\attack_002\doc_1.txt.encrypted,attack_002
2026-08-16T09:53:47Z,0.9997202936680587,0.29508408305132855,0.40744597139705396,0.0,0.664217740590398,0.0019104669463048732,0.3293969015585664,1.0,0.015096362170776298,0.12322107117881946,0.49191335007429376,0.013700213298585036,1,C:\Users\LOQ\Downloads\Rakshak AI\ml\..\ml\..\data\dataset_runs\attack_002\doc_2.txt.encrypted,attack_002
2026-08-16T09:53:45Z,0.988065307055557,0.080675480304072,0.1890717461327129,0.0,0.9690224757147272,0.0,0.0,0.9899573362805897,0.05571414147593129,0.0,0.5000497980076203,0.02265026095284761,1,C:\Users\LOQ\Downloads\Rakshak AI\ml\..\ml\..\data\dataset_runs\attack_003\doc_0.txt.encrypted,attack_003
2026-08-16T09:53:46Z,0.976338384640213,0.22763909881195676,0.38352680306283043,0.0,0.46631906781599747,0.0014991265904995988,0.5008397297797256,0.9943706489654427,0.0,0.05990495763842618,0.5106830004997635,0.0,1,C:\Users\LOQ\Downloads\Rakshak AI\ml\..\ml\..\data\dataset_runs\attack_003\doc_1.txt,attack_003
2026-08-16T09:53:46Z,0.9879293453288759,0.3314981370845873,0.4128944714940151,0.0,0.6708599084824132,0.0,0.32121982842698504,1.0,0.0,0.0888903092701287,0.5165837113841556,0.0027947582487505697,1,C:\Users\LOQ\Downloads\Rakshak AI\ml\..\ml\..\data\dataset_runs\attack_003\doc_2.txt.encrypted,attack_003
2026-08-16T09:53:46Z,0.9679517876177355,0.3968017659530137,0.390032370326544,0.0,0.7395813226831244,0.0,0.26352145836964086,0.9839454562717447,0.0,0.15935034372365253,0.5250225007016817,0.0,1,C:\Users\LOQ\Downloads\Rakshak AI\ml\..\ml\..\data\dataset_runs\attack_003\doc_3.txt.encrypted,attack_003
2026-08-16T09:53:48Z,1.0,0.4856100036439711,0.4421157766030843,0.0,0.7912550494767747,0.0,0.2256807513904654,0.9985246290997587,0.0,0.23321335248228425,0.512604696866665,0.006169900990581147,1,C:\Users\LOQ\Downloads\Rakshak AI\ml\..\ml\..\data\dataset_runs\attack_003\doc_4.txt.encrypted,attack_003
2026-08-16T09:53:48Z,0.7914244691773652,0.6083626957145043,0.4048996157575098,0.0,0.8322836091139626,0.0,0.1726990866006531,0.8679134675525708,0.0,0.31016148223588363,0.3648947892946847,0.0,1,C:\Users\LOQ\Downloads\Rakshak AI\ml\..\ml\..\data\dataset_runs\attack_003\doc_5.txt.encrypted,attack_003
2026-08-16T09:53:49Z,0.9781239220275249,0.6886050138094826,0.40338452470910635,0.0,0.869104414962786,0.0,0.1453273519142974,0.8767631221349728,0.0,0.4013807220485173,0.5249341843068837,0.0,1,C:\Users\LOQ\Downloads\Rakshak AI\ml\..\ml\..\data\dataset_runs\attack_003\doc_6.txt.encrypted,attack_003
2026-08-16T09:53:50Z,0.9559103901005569,0.8322903571163811,0.4026003980082843,0.0,0.8725675555718679,0.0,0.09693187593726871,0.8594923460749883,0.0,0.4669888913731978,0.5208773697039237,0.0,1,C:\Users\LOQ\Downloads\Rakshak AI\ml\..\ml\..\data\dataset_runs\attack_003\doc_7.txt.encrypted,attack_003
2026-08-16T09:53:45Z,0.9756904039698646,0.08258952500622593,0.19470662163288535,0.0,1.0,0.0,0.0006955731663705317,1.0,0.102319227007107,0.01946970899599751,0.5086761591065618,0.0,1,C:\Users\LOQ\Downloads\Rakshak AI\ml\..\ml\..\data\dataset_runs\attack_004\doc_0.txt.encrypted,attack_004
2026-08-16T09:53:46Z,0.9895015700791772,0.20796668023381729,0.19157114652045582,0.0,1.0,0.026414914280324886,0.0,0.994182754808816,0.024800274042760757,0.10058077633555708,0.5246786454937937,0.0,1,C:\Users\LOQ\Downloads\Rakshak AI\ml\..\ml\..\data\dataset_runs\attack_004\doc_1.txt.encrypted,attack_004
2026-08-16T09:53:46Z,0.9786717662605687,0.2939657349900663,0.38879090963997937,0.0,0.6735381023120653,0.0008727666325340912,0.31546692791377595,1.0,0.0,0.1350638340297768,0.5219491296405612,0.003583146856505624,1,C:\Users\LOQ\Downloads\Rakshak AI\ml\..\ml\..\data\dataset_runs\attack_004\doc_2.txt,attack_004
2026-08-16T09:53:47Z,0.9947867340224901,0.41968740354136547,0.39973313903561586,1.0,0.762542238885357,0.0,0.24305983458286692,0.9803604509828243,0.0,0.18014311729577542,0.507533187332816,0.0,1,C:\Users\LOQ\Downloads\Rakshak AI\ml\..\ml\..\data\dataset_runs\attack_004\salary_2026.xlsx.encrypted,attack_004
2026-08-16T09:53:45Z,0.9823024420620146,0.12024881706507728,0.2077151222138703,0.0,0.9965007733861684,0.012571500122364385,0.001401343278642724,1.0,0.08591762603267922,0.014779855668355428,0.4757682536541468,0.010600276864734335,1,C:\Users\LOQ\Downloads\Rakshak AI\ml\..\ml\..\data\dataset_runs\attack_005\doc_0.txt.encrypted,attack_005
2026-08-16T09:53:46Z,0.998492110655342,0.22692110236212684,0.17916569764251788,0.0,0.9959126092057873,0.0,0.0,0.9761324000094688,0.01574189284446743,0.10572699532995936,0.4995029027865577,0.005783724079544857,1,C:\Users\LOQ\Downloads\Rakshak AI\ml\..\ml\..\data\dataset_runs\attack_005\doc_1.txt.encrypted,attack_005
2026-08-16T09:53:47Z,0.976108027714598,0.30986007405987587,0.20774619014704465,0.0,1.0,0.0,0.013698897166816708,0.9829036095613222,0.0019122662058949193,0.19836011195043257,0.5206955296646228,0.0,1,C:\Users\LOQ\Downloads\Rakshak AI\ml\..\ml\..\data\dataset_runs\attack_005\doc_2.txt.encrypted,attack_005
2026-08-16T09:53:48Z,0.9871563686719456,0.38815869944028586,0.14843586314308993,0.0,1.0,0.04625162239293197,0.0,0.9942733306297724,0.02246217059704127,0.23170074583543346,0.5018488581289102,0.0,1,C:\Users\LOQ\Downloads\Rakshak AI\ml\..\ml\..\data\dataset_runs\attack_005\doc_3.txt.encrypted,attack_005
2026-08-16T09:53:49Z,0.7788583176175837,0.48690429066369983,0.21544887959073297,0.0,0.986626238484846,0.02406640368194225,0.0,0.78255752626406,0.0,0.35815433163375937,0.38486035683001163,0.0,1,C:\Users\LOQ\Downloads\Rakshak AI\ml\..\ml\..\data\dataset_runs\attack_005\doc_4.txt.encrypted,attack_005
2026-08-16T09:53:49Z,0.9544825755338265,0.6033425131985628,0.18319408025400283,0.0,0.9901466721960142,0.0,0.012441421908237993,0.8159618665514415,0.0,0.3676411583434112,0.4964731190769973,0.0,1,C:\Users\LOQ\Downloads\Rakshak AI\ml\..\ml\..\data\dataset_runs\attack_005\doc_5.txt.encrypted,attack_005
2026-08-16T09:53:50Z,0.9853728586349073,0.753447592888813,0.22917747976103522,0.0,0.9794731436826644,0.0,0.0,0.848119781158162,0.0,0.49841986004708305,0.5406476633154346,0.0010593807608311578,1,C:\Users\LOQ\Downloads\Rakshak AI\ml\..\ml\..\data\dataset_runs\attack_005\doc_6.txt.encrypted,attack_005
2026-08-16T09:53:51Z,0.9833754863391558,0.8152487658934604,0.17466563114755898,0.0,1.0,0.03513919278073985,0.03009674042322009,0.8668682466213735,0.031522636917202154,0.5742546183779706,0.5339407655005661,0.0,1,C:\Users\LOQ\Downloads\Rakshak AI\ml\..\ml\..\data\dataset_runs\attack_005\doc_7.txt.encrypted,attack_005
2026-08-16T09:53:52Z,0.9802951775647891,0.9186835306635911,0.39598595191994146,0.0,0.9157801964913611,0.003485050144755084,0.0829054917328933,0.9125165271697685,0.0,0.6616427392290367,0.5231227692739844,0.0,1,C:\Users\LOQ\Downloads\Rakshak AI\ml\..\ml\..\data\dataset_runs\attack_005\doc_8.txt,attack_005
2026-08-16T09:53:52Z,0.9565811880428369,1.0,0.3753796606260647,1.0,0.9081606641271319,0.0,0.11899999573257973,0.9149635427646564,0.0,0.6548695314185847,0.5040708710836915,0.0,1,C:\Users\LOQ\Downloads\Rakshak AI\ml\..\ml\..\data\dataset_runs\attack_005\salary_2026.xlsx.encrypted,attack_005
2026-08-16T09:53:45Z,0.9582651241924944,0.07690591144828095,0.230410500140915,0.0,0.988798194538737,0.006643574009842654,0.0016470400829039491,1.0,0.16403599718685036,0.011763156149723595,0.49317586774663524,0.0,1,C:\Users\LOQ\Downloads\Rakshak AI\ml\..\ml\..\data\dataset_runs\attack_006\doc_0.txt.encrypted,attack_006
2026-08-16T09:53:46Z,0.9820188912236196,0.23797668450089915,0.1733432756259629,0.0,1.0,0.014427914092845003,0.03266021771172077,1.0,0.011248346935333109,0.11099733943010176,0.512185125348207,0.0,1,C:\Users\LOQ\Downloads\Rakshak AI\ml\..\ml\..\data\dataset_runs\attack_006\doc_1.txt.encrypted,attack_006
2026-08-16T09:53:47Z,0.808856199347761,0.280757017307976,0.20108717591050343,0.0,0.9843923212786744,0.015486951681623022,0.0,0.6673058858053961,0.009534468631735734,0.15301909632564017,0.41313036215565824,0.009106950632162835,1,C:\Users\LOQ\Downloads\Rakshak AI\ml\..\ml\..\data\dataset_runs\attack_006\doc_2.txt.encrypted,attack_006
2026-08-16T09:53:47Z,0.97629023131305,0.4259867820734011,0.44608556258176,0.0,0.7697475047699285,0.014299850729033448,0.22857144150174932,0.7353828256898074,0.0028910589844634567,0.17771062635634852,0.5010552102940681,0.0,1,C:\Users\LOQ\Downloads\Rakshak AI\ml\..\ml\..\data\dataset_runs\attack_006\doc_3.txt,attack_006
2026-08-16T09:53:47Z,0.9786480024453837,0.5262641060865212,0.36236182142409734,0.0,0.7965748594275767,0.0,0.19472046557740916,0.8221143093377007,0.0,0.21898950285229274,0.49866506708734876,0.048244069624832894,1,C:\Users\LOQ\Downloads\Rakshak AI\ml\..\ml\..\data\dataset_runs\attack_006\doc_4.txt.encrypted,attack_006
2026-08-16T09:53:48Z,0.9670308784170276,0.5739963801839285,0.4030741979708491,0.0,0.8568477183939471,0.0,0.17676823487504986,0.854101782811376,0.01818721504131512,0.24980226739999492,0.5586142576534278,0.03360187650756767,1,C:\Users\LOQ\Downloads\Rakshak AI\ml\..\ml\..\data\dataset_runs\attack_006\doc_5.txt.encrypted,attack_006
2026-08-16T09:53:48Z,0.9347807247614655,0.730639851874008,0.39535329989385537,0.0,0.8522946097052413,0.014716224162590566,0.1519787974793212,0.8827372275707855,0.0,0.3270742055877905,0.5557213205315548,0.0,1,C:\Users\LOQ\Downloads\Rakshak AI\ml\..\ml\..\data\dataset_runs\attack_006\doc_6.txt.encrypted,attack_006
2026-08-16T09:53:49Z,0.9897827505375681,0.7893930941302465,0.4257367562505269,0.0,0.7717978594450698,0.0,0.23522574104756058,0.8871623910176458,0.0,0.3984066726537891,0.5072149590969349,0.015211275190111813,1,C:\Users\LOQ\Downloads\Rakshak AI\ml\..\ml\..\data\dataset_runs\attack_006\doc_7.txt,attack_006
2026-08-16T09:53:45Z,0.981831589673157,0.08578561507005933,0.17520679414033102,0.0,0.0,0.0,0.9816725359316815,1.0,0.10707878418776395,0.002487095933700557,0.4928896881601874,0.0,1,C:\Users\LOQ\Downloads\Rakshak AI\ml\..\ml\..\data\dataset_runs\attack_007\doc_0.txt,attack_007
2026-08-16T09:53:46Z,0.9783376733301609,0.18202362463963828,0.4031812978976211,0.0,0.5303271099993144,0.0,0.4910329842932005,1.0,0.0008513478019325387,0.09561082677589226,0.502669803908616,0.0063619285534125885,1,C:\Users\LOQ\Downloads\Rakshak AI\ml\..\ml\..\data\dataset_runs\attack_007\doc_1.txt.encrypted,attack_007
2026-08-16T09:53:47Z,0.9983659813260547,0.31497183552368657,0.3954092139143842,0.0,0.648629668029688,0.0,0.30780854401009955,0.9904736564623196,0.03305135055077713,0.16378163221089376,0.49269580329454815,0.015684373106281405,1,C:\Users\LOQ\Downloads\Rakshak AI\ml\..\ml\..\data\dataset_runs\attack_007\doc_2.txt.encrypted,attack_007
2026-08-16T09:53:48Z,0.9971470236352408,0.38427376304043626,0.4032608975944695,0.0,0.7606827795567173,0.0,0.265880860546168,1.0,0.003001778058469031,0.2713754727651362,0.5200161373184405,0.034629175065165156,1,C:\Users\LOQ\Downloads\Rakshak AI\ml\..\ml\..\data\dataset_runs\attack_007\doc_3.txt.encrypted,attack_007
2026-08-16T09:53:48Z,0.9882231075440095,0.5161470794103452,0.4047855622986208,0.0,0.807210160350249,0.00040475388796755066,0.21796036741423183,1.0,0.007761421207268569,0.3278947260814113,0.5082394783045066,0.004625582888804151,1,C:\Users\LOQ\Downloads\Rakshak AI\ml\..\ml\..\data\dataset_runs\attack_007\doc_4.txt.encrypted,attack_007
2026-08-16T09:53:49Z,0.9777552586673982,0.5937020388453214,0.3684022174026645,0.0,0.8371201023023905,0.009096139901000473,0.14938404463179678,1.0,0.012523130704279172,0.3621242669455794,0.5136782095360655,0.0,1,C:\Users\LOQ\Downloads\Rakshak AI\ml\..\ml\..\data\dataset_runs\attack_007\doc_5.txt.encrypted,attack_007
2026-08-16T09:53:50Z,0.9818945829720812,0.7035239533498036,0.3870508949581488,0.0,0.8416400828285482,0.02690352444535035,0.18558827567762495,0.9992443288967185,0.0,0.46743276263678696,0.4844831431126687,0.029932391619119852,1,C:\Users\LOQ\Downloads\Rakshak AI\ml\..\ml\..\data\dataset_runs\attack_007\doc_6.txt.encrypted,attack_007
2026-08-16T09:53:50Z,0.988914792175516,0.7772753699920345,0.4067432937584705,0.0,0.8931259757272091,0.019965468712152903,0.10355948796247715,1.0,0.0,0.490030640579246,0.5328426228703981,0.00907072226048632,1,C:\Users\LOQ\Downloads\Rakshak AI\ml\..\ml\..\data\dataset_runs\attack_007\doc_7.txt.encrypted,attack_007
2026-08-16T09:53:52Z,0.7652564727895039,0.8946430460241169,0.38143592390975795,0.0,0.9034438866628087,0.0,0.10650952942047844,0.8988539712686465,0.01354894476616328,0.607643766086254,0.43055316318652065,0.0,1,C:\Users\LOQ\Downloads\Rakshak AI\ml\..\ml\..\data\dataset_runs\attack_007\doc_8.txt.encrypted,attack_007
2026-08-16T09:53:52Z,0.972495574329213,1.0,0.40739344007985634,0.0,0.8997646771698417,0.0,0.11292455972957334,0.889219706834696,0.0,0.6904156060433367,0.5113057028073238,0.0,1,C:\Users\LOQ\Downloads\Rakshak AI\ml\..\ml\..\data\dataset_runs\attack_007\doc_9.txt.encrypted,attack_007
2026-08-16T09:53:53Z,0.9793389895320366,0.9976710727617203,0.622368505580939,1.0,0.8030290629383804,0.017888136410460165,0.17926147624081643,0.8888200021693439,0.017562827833484482,0.7933712965248166,0.5190145761457494,0.0,1,C:\Users\LOQ\Downloads\Rakshak AI\ml\..\ml\..\data\dataset_runs\attack_007\salary_2026.xlsx,attack_007
2026-08-16T09:53:45Z,0.9920761037130301,0.13209736257881166,0.2180622002509298,0.0,0.0009638076200613937,0.01788052012109393,1.0,0.9931722549692638,0.11404291491876832,0.001361188908253815,0.49177055657249164,0.02679573731769361,1,C:\Users\LOQ\Downloads\Rakshak AI\ml\..\ml\..\data\dataset_runs\attack_008\doc_0.txt,attack_008
2026-08-16T09:53:46Z,0.9889350897165354,0.1717246687019344,0.20675781214330682,0.0,0.0,0.0,1.0,0.9949297258483452,0.0,0.035493292247857806,0.47438619175008123,0.02857742883383478,1,C:\Users\LOQ\Downloads\Rakshak AI\ml\..\ml\..\data\dataset_runs\attack_008\doc_1.txt,attack_008
2026-08-16T09:53:46Z,0.9818494817389236,0.2815747408754813,0.38345368143067143,0.0,0.341137236573414,0.012390997650084848,0.6406077912699668,1.0,0.009427375934557846,0.07619156829738087,0.4943591370726242,0.0,1,C:\Users\LOQ\Downloads\Rakshak AI\ml\..\ml\..\data\dataset_runs\attack_008\doc_2.txt.encrypted,attack_008
2026-08-16T09:53:45Z,0.9667726729128285,0.10772179115353077,0.19589423684436003,0.0,1.0,0.0007602390218163517,0.0138316483746729,0.9956930471515337,0.08217342473277588,0.0,0.4793383398111715,0.0,1,C:\Users\LOQ\Downloads\Rakshak AI\ml\..\ml\..\data\dataset_runs\attack_009\doc_0.txt.encrypted,attack_009
2026-08-16T09:53:46Z,0.9971862278394974,0.15743863713988732,0.18680276661535042,0.0,1.0,0.029954767965614436,0.0,1.0,0.003742210171772919,0.02610421123999503,0.493954490685756,0.0,1,C:\Users\LOQ\Downloads\Rakshak AI\ml\..\ml\..\data\dataset_runs\attack_009\doc_1.txt.encrypted,attack_009
2026-08-16T09:53:46Z,0.9710193475868074,0.3243688159329837,0.16982398003536497,0.0,1.0,0.0,0.0,1.0,0.01078860696691798,0.06845709493475327,0.4906583153405317,0.037585194783287784,1,C:\Users\LOQ\Downloads\Rakshak AI\ml\..\ml\..\data\dataset_runs\attack_009\doc_2.txt.encrypted,attack_009
2026-08-16T09:53:47Z,0.9481675417653548,0.41594528983526646,0.21467343100563516,0.0,0.982170001231399,0.01365061371117609,0.0,1.0,0.02697063117356647,0.15498588590158216,0.49129977054163226,0.005677762481840601,1,C:\Users\LOQ\Downloads\Rakshak AI\ml\..\ml\..\data\dataset_runs\attack_009\doc_3.txt.encrypted,attack_009
2026-08-16T09:53:48Z,0.9630742290631851,0.46354810994365825,0.18858695035435424,0.0,1.0,0.0003436067589674167,0.007289082711485715,0.9983997623615674,0.010164642613602707,0.29506357938877714,0.5139717080258434,0.03422756833491044,1,C:\Users\LOQ\Downloads\Rakshak AI\ml\..\ml\..\data\dataset_runs\attack_009\doc_4.txt.encrypted,attack_009
2026-08-16T09:53:49Z,0.9822992137348009,0.5937865775505935,0.3864266983582366,0.0,0.8010521429780076,0.0,0.18231284115368268,1.0,0.03624449076587434,0.3437024510254066,0.5050499938862626,0.0,1,C:\Users\LOQ\Downloads\Rakshak AI\ml\..\ml\..\data\dataset_runs\attack_009\doc_5.txt,attack_009
2026-08-16T09:53:49Z,1.0,0.6718391537992926,0.40969013416530886,0.0,0.8333738140192687,0.029150429382818477,0.09943157206478073,1.0,0.015137835660822944,0.3431650242731063,0.522959922734323,0.0,1,C:\Users\LOQ\Downloads\Rakshak AI\ml\..\ml\..\data\dataset_runs\attack_009\doc_6.txt.encrypted,attack_009
2026-08-16T09:53:50Z,0.8076435375151553,0.8313380163716761,0.407480167320588,0.0,0.8801271547761832,0.0,0.13001981749263816,0.8657020428272931,0.014656912102437306,0.44663169253535584,0.43704069261582923,0.0,1,C:\Users\LOQ\Downloads\Rakshak AI\ml\..\ml\..\data\dataset_runs\attack_009\doc_7.txt.encrypted,attack_009
2026-08-16T09:53:51Z,0.9812147294763738,0.8923331185623828,0.39096998723440946,0.0,0.9218641515390487,0.013742184551766665,0.11056546478487199,0.8952760750606267,0.005847927788181434,0.5369076258416379,0.5057189510028534,0.0011115244727625214,1,C:\Users\LOQ\Downloads\Rakshak AI\ml\..\ml\..\data\dataset_runs\attack_009\doc_8.txt.encrypted,attack_009
2026-08-16T09:53:52Z,0.9509791401821612,1.0,0.4097521010797848,1.0,0.956012307761135,0.004297649011734814,0.1371174312055658,0.8793001116457507,0.0,0.6257277332897065,0.4731681985448667,0.056129002867523745,1,C:\Users\LOQ\Downloads\Rakshak AI\ml\..\ml\..\data\dataset_runs\attack_009\salary_2026.xlsx.encrypted,attack_009
2026-08-16T09:53:45Z,0.9584922377898921,0.11882091407409086,0.22672150626676676,0.0,0.9843970976963705,0.007858926681952127,0.054567405766727306,1.0,0.10499518112872984,0.0,0.5025686609542693,0.0019401233716298352,1,C:\Users\LOQ\Downloads\Rakshak AI\ml\..\ml\..\data\dataset_runs\attack_010\doc_0.txt.encrypted,attack_010
2026-08-16T09:53:46Z,0.950033641442098,0.20282608810997646,0.24879265397817893,0.0,0.9649823251744161,0.024791340844399583,0.015910226313958484,0.9824512539182308,0.015442720341195634,0.06491120927915124,0.47391490921573715,0.005451993545164885,1,C:\Users\LOQ\Downloads\Rakshak AI\ml\..\ml\..\data\dataset_runs\attack_010\doc_1.txt.encrypted,attack_010
2026-08-16T09:53:46Z,0.9789994749805286,0.2675402871245383,0.18280110633558683,0.0,0.9907818208348594,0.0,0.020170379634595195,0.996578832253265,0.0022261428798301766,0.08406950425800308,0.4894196375808767,0.0,1,C:\Users\LOQ\Downloads\Rakshak AI\ml\..\ml\..\data\dataset_runs\attack_010\doc_2.txt.encrypted,attack_010
2026-08-16T09:53:47Z,0.9833503101393154,0.3862191436148887,0.1786168535591799,1.0,0.9495824085236563,0.0,0.0,1.0,0.007674887212795703,0.1408923511944313,0.4690123517441713,0.02433942774638404,1,C:\Users\LOQ\Downloads\Rakshak AI\ml\..\ml\..\data\dataset_runs\attack_010\salary_2026.xlsx.encrypted,attack_010
2026-08-16T09:53:45Z,0.9813847297630603,0.10757423347820491,0.20708623870840306,0.0,1.0,0.0016164620720480923,0.0,1.0,0.1015200013565177,0.0,0.5281651454540675,0.0,1,C:\Users\LOQ\Downloads\Rakshak AI\ml\..\ml\..\data\dataset_runs\attack_011\doc_0.txt.encrypted,attack_011
2026-08-16T09:53:46Z,0.7810979368494897,0.17940215278641714,0.20945014569645595,0.0,1.0,0.0,0.003100253650307463,0.48592530595219147,0.0,0.06028334517657423,0.40946860431029886,0.0,1,C:\Users\LOQ\Downloads\Rakshak AI\ml\..\ml\..\data\dataset_runs\attack_011\doc_1.txt.encrypted,attack_011
2026-08-16T09:53:46Z,0.9388987227133583,0.2774286546376452,0.17202186754828663,0.0,0.9938661911945854,0.0,0.0,0.6670265232546595,0.019880511193143144,0.07003809461723796,0.5627648567517649,0.00210337076554845,1,C:\Users\LOQ\Downloads\Rakshak AI\ml\..\ml\..\data\dataset_runs\attack_011\doc_2.txt.encrypted,attack_011
2026-08-16T09:53:47Z,0.931239624924969,0.4021965437287976,0.22265221433219076,0.0,0.9919034687941521,0.0,0.0,0.7516278585775683,0.02004908632446825,0.10807269510706648,0.5407455558846664,0.0,1,C:\Users\LOQ\Downloads\Rakshak AI\ml\..\ml\..\data\dataset_runs\attack_011\doc_3.txt.encrypted,attack_011
2026-08-16T09:53:46Z,0.9518075266042019,0.1349907324261058,0.18814319023779041,0.0,1.0,0.0,0.0,0.9807927197044348,0.08079981716717108,0.004257660538992089,0.4853799926147123,0.02792093956933544,1,C:\Users\LOQ\Downloads\Rakshak AI\ml\..\ml\..\data\dataset_runs\attack_012\doc_0.txt.encrypted,attack_012
2026-08-16T09:53:47Z,0.9778180201660736,0.2070134171926221,0.2096991985318726,0.0,0.9446889351245408,0.003056380349165646,0.00889343680965304,1.0,0.0,0.0981978772876251,0.4897092408607432,0.0,1,C:\Users\LOQ\Downloads\Rakshak AI\ml\..\ml\..\data\dataset_runs\attack_012\doc_1.txt.encrypted,attack_012
2026-08-16T09:53:48Z,0.9999547046267646,0.3075868228651174,0.18299411437241955,0.0,1.0,0.02533081618298049,0.0,1.0,0.0007665044754405017,0.23480645402795486,0.5068340539016392,0.0,1,C:\Users\LOQ\Downloads\Rakshak AI\ml\..\ml\..\data\dataset_runs\attack_012\doc_2.txt.encrypted,attack_012
2026-08-16T09:53:49Z,0.7694384439389684,0.4300930344925006,0.38614229794848426,0.0,0.7459488712140158,0.0,0.2488824311762714,0.7454093152583975,0.007709989138088577,0.3151485678522685,0.4390051642232712,0.0068566524796327445,1,C:\Users\LOQ\Downloads\Rakshak AI\ml\..\ml\..\data\dataset_runs\attack_012\doc_3.txt,attack_012
2026-08-16T09:53:49Z,0.9758733759145658,0.49419593423376906,0.408538583415495,0.0,0.8176869460754974,0.0,0.19503163806786647,0.7902536980750676,0.006412538505837477,0.33284165741970567,0.5202626540632528,0.0,1,C:\Users\LOQ\Downloads\Rakshak AI\ml\..\ml\..\data\dataset_runs\attack_012\doc_4.txt.encrypted,attack_012
2026-08-16T09:53:50Z,0.967218243947012,0.5886611057467195,0.5773164314967607,1.0,0.6875458687457581,0.01102212836663513,0.3226468083824382,0.8083547637385918,0.00830959466039324,0.4441862061649007,0.540350145184674,3.643902058610609e-05,1,C:\Users\LOQ\Downloads\Rakshak AI\ml\..\ml\..\data\dataset_runs\attack_012\salary_2026.xlsx,attack_012
2026-08-16T09:53:46Z,0.9737653139548507,0.08952739750712677,0.16965268553111093,0.0,1.0,0.0,0.0,0.9972260993053081,0.12380411702664848,0.013313554350897547,0.5274605406523329,0.0,1,C:\Users\LOQ\Downloads\Rakshak AI\ml\..\ml\..\data\dataset_runs\attack_013\doc_0.txt.encrypted,attack_013
2026-08-16T09:53:47Z,0.9950141633437669,0.18603272664589576,0.18753129436408048,0.0,1.0,0.0,0.0,1.0,0.03482310839466123,0.16152959330203498,0.5031229271007817,0.0,1,C:\Users\LOQ\Downloads\Rakshak AI\ml\..\ml\..\data\dataset_runs\attack_013\doc_1.txt.encrypted,attack_013
2026-08-16T09:53:47Z,1.0,0.2697189889793943,0.18585553008605615,0.0,1.0,0.017304086172813055,0.006776584330444744,0.9656917694311777,0.0,0.13342798014475268,0.5255081100405626,0.02428220940075355,1,C:\Users\LOQ\Downloads\Rakshak AI\ml\..\ml\..\data\dataset_runs\attack_013\doc_2.txt.encrypted,attack_013
2026-08-16T09:53:46Z,0.9627304499586355,0.11982814153227517,0.209360393113248,0.0,0.0,0.022817751244133506,1.0,1.0,0.0981765883921224,0.009055153307536363,0.4839024970960012,0.0007940451300976766,1,C:\Users\LOQ\Downloads\Rakshak AI\ml\..\ml\..\data\dataset_runs\attack_014\doc_0.txt,attack_014
2026-08-16T09:53:46Z,0.946169147716015,0.20356618300281437,0.2372659520304361,0.0,0.0,0.00427056520290877,1.0,0.9928147313160482,0.0,0.048690049057317206,0.505985486059502,0.0,1,C:\Users\LOQ\Downloads\Rakshak AI\ml\..\ml\..\data\dataset_runs\attack_014\doc_1.txt,attack_014
2026-08-16T09:53:46Z,0.972426166553199,0.3298418584740726,0.17683929865062037,0.0,0.02146959138858651,0.0,1.0,0.9741633222731574,0.0,0.04900614028225571,0.5318542210963926,0.0346936844043949,1,C:\Users\LOQ\Downloads\Rakshak AI\ml\..\ml\..\data\dataset_runs\attack_014\doc_2.txt,attack_014
2026-08-16T09:53:47Z,0.9752754780202819,0.3945410908189719,0.4394654551567951,0.0,0.24135973213648138,0.0004300018464848772,0.7406054294318061,1.0,0.008352915917267166,0.08909401717478514,0.5228756869835605,0.01857786888763002,1,C:\Users\LOQ\Downloads\Rakshak AI\ml\..\ml\..\data\dataset_runs\attack_014\doc_3.txt.encrypted,attack_014
2026-08-16T09:53:48Z,0.9776237447792377,0.5361023230534092,0.37263657065147426,0.0,0.4214745966619069,0.0,0.6012489229317226,0.9872059393677377,0.009425574801216925,0.21887114262183827,0.5066825435081074,0.00881594575576542,1,C:\Users\LOQ\Downloads\Rakshak AI\ml\..\ml\..\data\dataset_runs\attack_014\doc_4.txt.encrypted,attack_014
2026-08-16T09:53:49Z,0.7862099946127488,0.618299390295823,0.4259797026796172,0.0,0.516458973423775,0.0,0.5263903456730247,0.8183955374868088,0.0,0.3008641704042496,0.4229337323922596,0.020249589793588783,1,C:\Users\LOQ\Downloads\Rakshak AI\ml\..\ml\..\data\dataset_runs\attack_014\doc_5.txt.encrypted,attack_014
2026-08-16T09:53:49Z,1.0,0.6876785420719039,0.4108610018819571,0.0,0.5818260502917898,0.008608676951666554,0.4447665226908325,0.8591268256031929,0.0,0.36061191850416546,0.4935928370018844,0.005795558675116663,1,C:\Users\LOQ\Downloads\Rakshak AI\ml\..\ml\..\data\dataset_runs\attack_014\doc_6.txt.encrypted,attack_014
2026-08-16T09:53:50Z,0.9777597386103828,0.7832589044871832,0.4164428847672091,0.0,0.5814104732088935,0.025078800036444766,0.37550277609066607,0.8719750637438297,0.04732813557616293,0.46758860120663803,0.5481871819693558,0.0,1,C:\Users\LOQ\Downloads\Rakshak AI\ml\..\ml\..\data\dataset_runs\attack_014\doc_7.txt.encrypted,attack_014
2026-08-16T09:53:51Z,0.9969592165579381,0.8834257430638409,0.3917321679217264,0.0,0.6407148027545495,0.009135761075477249,0.31401769515412703,0.8897620171641546,0.0,0.5512817425583616,0.5085867665736928,0.0,1,C:\Users\LOQ\Downloads\Rakshak AI\ml\..\ml\..\data\dataset_runs\attack_014\doc_8.txt.encrypted,attack_014
2026-08-16T09:53:52Z,0.9913206607302095,0.9680278199182191,0.4153221477200685,0.0,0.661574232059589,0.0,0.29727604205023017,0.8884037782648064,0.026902691090403552,0.6649753439250327,0.5265191060310157,0.018805691834102738,1,C:\Users\LOQ\Downloads\Rakshak AI\ml\..\ml\..\data\dataset_runs\attack_014\doc_9.txt.encrypted,attack_014
2026-08-16T09:53:53Z,0.9469194045521512,0.9792689941684144,0.421769585341657,1.0,0.704617197840532,0.0,0.29386891546321137,0.9045514052954513,0.04722354290533254,0.7338309724297363,0.5138740677229423,0.014744233365352329,1,C:\Users\LOQ\Downloads\Rakshak AI\ml\..\ml\..\data\dataset_runs\attack_014\salary_2026.xlsx.encrypted,attack_014
2026-08-16T09:53:46Z,0.9814140627217687,0.10692224180902861,0.18954204433179128,0.0,0.0,0.00403318531651155,0.9918972382228356,1.0,0.09986857123404333,0.003230196099630176,0.5081445773271449,0.011639117599666184,1,C:\Users\LOQ\Downloads\Rakshak AI\ml\..\ml\..\data\dataset_runs\attack_015\doc_0.txt,attack_015
2026-08-16T09:53:46Z,1.0,0.18071352607812047,0.38076368333088906,0.0,0.4997372051121205,0.0,0.5151330050907604,1.0,0.02269053100853805,0.08418403564288474,0.5022757589212692,0.0,1,C:\Users\LOQ\Downloads\Rakshak AI\ml\..\ml\..\data\dataset_runs\attack_015\doc_1.txt.encrypted,attack_015
2026-08-16T09:53:46Z,0.9810390398281164,0.29134279714046485,0.3871568025636239,0.0,0.6790397527320235,0.0,0.34600106305519396,0.9941506991206489,0.0,0.07571873244305159,0.49637443465230835,0.0,1,C:\Users\LOQ\Downloads\Rakshak AI\ml\..\ml\..\data\dataset_runs\attack_015\doc_2.txt.encrypted,attack_015
2026-08-16T09:53:47Z,1.0,0.41183298746460467,0.36696470979767637,0.0,0.7175008346331697,0.0,0.24530974900327604,0.9997155244652193,0.022141618227954914,0.1517437739330256,0.4614239940546625,0.03444306729426806,1,C:\Users\LOQ\Downloads\Rakshak AI\ml\..\ml\..\data\dataset_runs\attack_015\doc_3.txt.encrypted,attack_015
2026-08-16T09:53:48Z,0.9713240385260171,0.4898855780773963,0.37113129525233524,0.0,0.7986418908477205,0.006408092288654227,0.18314105625301313,0.9924894243967481,0.0,0.23414690935811983,0.49004127464765435,0.015927372947809555,1,C:\Users\LOQ\Downloads\Rakshak AI\ml\..\ml\..\data\dataset_runs\attack_015\doc_4.txt.encrypted,attack_015
2026-08-16T09:53:49Z,0.997241290409297,0.6301671844814378,0.38488157830732017,0.0,0.6711916190859721,0.0,0.34582905941604847,1.0,0.005164279011158175,0.31916038101134436,0.5240211578491915,0.0,1,C:\Users\LOQ\Downloads\Rakshak AI\ml\..\ml\..\data\dataset_runs\attack_015\doc_5.txt,attack_015
2026-08-16T09:53:46Z,0.7422410828699956,0.09358539789806168,0.21604675756976435,0.0,0.9887997047034722,0.006390642828477704,0.012102222717848686,0.014107984190735907,0.14002529341683329,0.02858893623221658,0.4938957187864681,0.015846439600719863,1,C:\Users\LOQ\Downloads\Rakshak AI\ml\..\ml\..\data\dataset_runs\attack_016\doc_0.txt.encrypted,attack_016
2026-08-16T09:53:46Z,0.9641480151500407,0.20352665031837813,0.19155714585265357,0.0,0.9461233087494769,0.0,0.002841317077622267,0.5104515016851867,0.0016570242810736383,0.06327059049048162,0.6185565450542122,0.0,1,C:\Users\LOQ\Downloads\Rakshak AI\ml\..\ml\..\data\dataset_runs\attack_016\doc_1.txt.encrypted,attack_016
2026-08-16T09:53:47Z,0.971254951205309,0.3229772373716498,0.19428961031782013,0.0,0.9677491443976064,0.002834599888132921,0.0,0.6577537693580077,0.0,0.11665972924546324,0.5440384369428203,0.014988523552389513,1,C:\Users\LOQ\Downloads\Rakshak AI\ml\..\ml\..\data\dataset_runs\attack_016\doc_2.txt.encrypted,attack_016
2026-08-16T09:53:48Z,0.9874503912020506,0.42884961019483175,0.216450590888564,0.0,1.0,0.017788774895590793,0.0,0.7544081863310904,0.0,0.21172134426736505,0.5431520138434851,0.017139081769016563,1,C:\Users\LOQ\Downloads\Rakshak AI\ml\..\ml\..\data\dataset_runs\attack_016\doc_3.txt.encrypted,attack_016
2026-08-16T09:53:48Z,0.9755160048606752,0.4936181828000093,0.21600300846252207,0.0,0.9706014912929674,0.009229117451674236,0.040006237186583464,0.792821825156794,0.0,0.27169169963708717,0.5320110564515234,0.029306639448719515,1,C:\Users\LOQ\Downloads\Rakshak AI\ml\..\ml\..\data\dataset_runs\attack_016\doc_4.txt.encrypted,attack_016
2026-08-16T09:53:49Z,0.7679569815822765,0.5674951807878061,0.19240214833919014,0.0,0.980225786252412,0.0,0.0,0.6756803463630338,0.00847159819046618,0.32507042072680337,0.37949077113854274,0.007484473992478814,1,C:\Users\LOQ\Downloads\Rakshak AI\ml\..\ml\..\data\dataset_runs\attack_016\doc_5.txt.encrypted,attack_016
2026-08-16T09:53:50Z,0.965441923266442,0.6905681501830685,0.22020436153723824,0.0,1.0,0.0,0.008965261033207475,0.7222465454682303,0.005737587453908152,0.3888269276534179,0.5082673400100909,0.018053418044996845,1,C:\Users\LOQ\Downloads\Rakshak AI\ml\..\ml\..\data\dataset_runs\attack_016\doc_6.txt.encrypted,attack_016
2026-08-16T09:53:51Z,0.9304452875040008,0.8066407546893712,0.1758132104892835,0.0,1.0,0.009819731346788842,0.0,0.7338993455221041,0.0,0.4929244192037847,0.5501108004875986,0.003008051664335291,1,C:\Users\LOQ\Downloads\Rakshak AI\ml\..\ml\..\data\dataset_runs\attack_016\doc_7.txt.encrypted,attack_016
2026-08-16T09:53:52Z,0.9897262946848306,0.9157642530838757,0.16315777816652038,0.0,0.9750267860307181,0.020210847195436,0.018051943731412737,0.7916263789117107,0.0,0.5620911345264182,0.5282865093599847,0.020195827070796857,1,C:\Users\LOQ\Downloads\Rakshak AI\ml\..\ml\..\data\dataset_runs\attack_016\doc_8.txt.encrypted,attack_016
2026-08-16T09:53:46Z,0.9804213826655573,0.11180417795828228,0.213656355702922,0.0,0.0,0.01890025190000578,1.0,0.9987607437809434,0.1144103049612113,0.0,0.4744855112360108,0.0,1,C:\Users\LOQ\Downloads\Rakshak AI\ml\..\ml\..\data\dataset_runs\attack_017\doc_0.txt,attack_017
2026-08-16T09:53:47Z,0.9794209138138231,0.20410913268696695,0.21610117526461753,0.0,0.013828416611767239,0.04598675669755232,0.9934671839835014,1.0,0.008484752042267896,0.10055608722113209,0.5035927178384209,0.0,1,C:\Users\LOQ\Downloads\Rakshak AI\ml\..\ml\..\data\dataset_runs\attack_017\doc_1.txt,attack_017
2026-08-16T09:53:48Z,1.0,0.28792940089405444,0.40685621089891555,0.0,0.32822813276714297,0.0,0.6461816788042024,1.0,0.005047671560659118,0.20972651880132656,0.49096572529557364,0.019672206835331427,1,C:\Users\LOQ\Downloads\Rakshak AI\ml\..\ml\..\data\dataset_runs\attack_017\doc_2.txt.encrypted,attack_017
2026-08-16T09:53:48Z,0.98263227263088,0.394867207356736,0.4096261496995757,0.0,0.5323555896156731,0.009841668342114127,0.4861698989258398,0.9808631672392141,0.013362677318709201,0.27251867646891315,0.5128268115140181,0.0,1,C:\Users\LOQ\Downloads\Rakshak AI\ml\..\ml\..\data\dataset_runs\attack_017\doc_3.txt.encrypted,attack_017
2026-08-16T09:53:49Z,0.98271336763107,0.5278451530768601,0.38829394199561584,0.0,0.42557676862550475,0.012939801285770478,0.5833393239503504,1.0,0.0,0.39507686666592506,0.5040054192229162,0.023442986708325203,1,C:\Users\LOQ\Downloads\Rakshak AI\ml\..\ml\..\data\dataset_runs\attack_017\doc_4.txt,attack_017
2026-08-16T09:53:50Z,0.9792945910153225,0.6121103217623622,0.4147631504791014,0.0,0.34231098108547325,0.0,0.6547805383845988,0.998202527982041,0.014233022793163163,0.428990081067505,0.5086149452262495,0.010318467686746092,1,C:\Users\LOQ\Downloads\Rakshak AI\ml\..\ml\..\data\dataset_runs\attack_017\doc_5.txt,attack_017
2026-08-16T09:53:51Z,0.9908255124103342,0.71004630944196,0.4101956207563482,0.0,0.4131956427639046,0.004570202629078381,0.547117910480612,0.9782275177924158,0.0169381971359773,0.525483426150492,0.4836659086465115,0.004382198626552335,1,C:\Users\LOQ\Downloads\Rakshak AI\ml\..\ml\..\data\dataset_runs\attack_017\doc_6.txt.encrypted,attack_017
2026-08-16T09:53:51Z,0.7943262062097977,0.7999420857347772,0.3751015609161649,0.0,0.48909235626375436,0.0,0.5153907333902854,0.8876545619712694,0.044168215573157796,0.60411096009534,0.4064147490444779,0.0,1,C:\Users\LOQ\Downloads\Rakshak AI\ml\..\ml\..\data\dataset_runs\attack_017\doc_7.txt.encrypted,attack_017
2026-08-16T09:53:52Z,0.9707788058000529,0.8813636653074045,0.3964026990032922,0.0,0.5559457904619203,0.007977575946951929,0.4565616916935956,0.8738458559738649,0.0,0.6876620821309357,0.5208857680869192,0.0,1,C:\Users\LOQ\Downloads\Rakshak AI\ml\..\ml\..\data\dataset_runs\attack_017\doc_8.txt.encrypted,attack_017
2026-08-16T09:53:53Z,0.9516640989272129,0.9894708455070234,0.4055592341351988,0.0,0.6254669119589542,0.01065422477444507,0.39972691906569946,0.8777205792195151,0.0,0.7719632019885283,0.5374887363208173,0.0,1,C:\Users\LOQ\Downloads\Rakshak AI\ml\..\ml\..\data\dataset_runs\attack_017\doc_9.txt.encrypted,attack_017
2026-08-16T09:53:46Z,0.965008935869307,0.07086414835292183,0.2186141339155295,0.0,0.9971857287239482,0.0,0.027210181720123797,1.0,0.10483689583763618,0.004763562602422051,0.4882685404008654,0.024775306102958,1,C:\Users\LOQ\Downloads\Rakshak AI\ml\..\ml\..\data\dataset_runs\attack_018\doc_0.txt.encrypted,attack_018
2026-08-16T09:53:47Z,0.9620832443618819,0.2034399946069016,0.20792793962006775,0.0,0.9696279080826479,0.0,0.0,1.0,0.0,0.1461784797687526,0.5287818944830758,0.0,1,C:\Users\LOQ\Downloads\Rakshak AI\ml\..\ml\..\data\dataset_runs\attack_018\doc_1.txt.encrypted,attack_018
2026-08-16T09:53:48Z,1.0,0.2936609847094041,0.188368229216289,0.0,1.0,0.03639838705393505,0.0,0.9917971391635265,0.0,0.2329287478214928,0.5584546686707532,0.0023690232638209742,1,C:\Users\LOQ\Downloads\Rakshak AI\ml\..\ml\..\data\dataset_runs\attack_018\doc_2.txt.encrypted,attack_018
2026-08-16T09:53:48Z,0.979262539988322,0.38533419049130124,0.3931981685311602,0.0,0.7388051634376548,0.0,0.24671113034785785,0.971104081705218,0.011787676505819066,0.2444298905520272,0.5128965290709963,0.012206536440511728,1,C:\Users\LOQ\Downloads\Rakshak AI\ml\..\ml\..\data\dataset_runs\attack_018\doc_3.txt,attack_018
2026-08-16T09:53:49Z,0.7623745183670998,0.5233428163651962,0.39775147596201565,0.0,0.7847215386419975,0.0,0.2289213371127905,0.7979546499737646,0.0,0.2675449668824782,0.41966691217360763,0.0,1,C:\Users\LOQ\Downloads\Rakshak AI\ml\..\ml\..\data\dataset_runs\attack_018\doc_4.txt.encrypted,attack_018
2026-08-16T09:53:49Z,0.8182670544682691,0.6135668079864728,0.45088208747154573,0.0,0.6375586350685428,0.0,0.33208561309105095,0.6277276145095567,0.01585166590698745,0.38097604592539364,0.42600715841436826,0.026703841741145852,1,C:\Users\LOQ\Downloads\Rakshak AI\ml\..\ml\..\data\dataset_runs\attack_018\doc_5.txt,attack_018
2026-08-16T09:53:50Z,0.7680441739892404,0.7265845333216959,0.4126571349206221,0.0,0.7187363328122008,0.0011590033809102374,0.29603611441003685,0.5706684790351453,0.004179998979712372,0.3746562682428907,0.43949550488022915,0.0,1,C:\Users\LOQ\Downloads\Rakshak AI\ml\..\ml\..\data\dataset_runs\attack_018\doc_6.txt.encrypted,attack_018
2026-08-16T09:53:51Z,0.80101732289774,0.8295034590262664,0.443288605378675,0.0,0.7276415594397313,0.009105388334276312,0.24301170367167996,0.49867529381065284,0.0007003461624086508,0.5221049485402558,0.4611886902812208,0.0,1,C:\Users\LOQ\Downloads\Rakshak AI\ml\..\ml\..\data\dataset_runs\attack_018\doc_7.txt.encrypted,attack_018
2026-08-16T09:53:51Z,0.783749474361128,0.9137789497985647,0.3847919220710716,0.0,0.6778576598049261,0.012352623807643131,0.3354589736036529,0.4559530502293285,0.039362627121735445,0.5357882359854252,0.43679536574274125,0.0,1,C:\Users\LOQ\Downloads\Rakshak AI\ml\..\ml\..\data\dataset_runs\attack_018\doc_8.txt,attack_018
2026-08-16T09:53:52Z,0.9556437817878897,1.0,0.3811723259785041,0.0,0.595613879981694,0.03546142638311312,0.41189595634218296,0.48968038942854486,0.026699050351192414,0.5823900031660706,0.5502852516530526,0.0,1,C:\Users\LOQ\Downloads\Rakshak AI\ml\..\ml\..\data\dataset_runs\attack_018\doc_9.txt,attack_018
2026-08-16T09:53:53Z,0.8273688024037382,0.9954860270296334,0.37141521442162456,1.0,0.6291759449083341,0.0,0.37284246333899845,0.5486053131039292,0.0,0.7069792934885589,0.46703182915962277,0.009574863281056577,1,C:\Users\LOQ\Downloads\Rakshak AI\ml\..\ml\..\data\dataset_runs\attack_018\salary_2026.xlsx.encrypted,attack_018
2026-08-16T09:53:46Z,0.9780501411732875,0.1271953980776405,0.20915193361986223,0.0,0.009208107337971599,0.0,0.985322441737951,0.9791627823156902,0.07661879268066166,0.0,0.5076350558162278,0.0,1,C:\Users\LOQ\Downloads\Rakshak AI\ml\..\ml\..\data\dataset_runs\attack_019\doc_0.txt,attack_019
2026-08-16T09:53:47Z,0.7634440273428618,0.1995251663360737,0.4529530469293708,0.0,0.4883304607580221,0.006406625797432537,0.5262646929860003,0.5185161874141219,0.0,0.09248216756576515,0.37241061609653936,0.0,1,C:\Users\LOQ\Downloads\Rakshak AI\ml\..\ml\..\data\dataset_runs\attack_019\doc_1.txt.encrypted,attack_019
2026-08-16T09:53:47Z,0.9575660139242463,0.29121008423019207,0.41030897691196816,0.0,0.6501797765529974,0.0,0.33474368653478825,0.6445251688164472,0.0,0.16386648071145285,0.5409114390020057,0.004837419537864574,1,C:\Users\LOQ\Downloads\Rakshak AI\ml\..\ml\..\data\dataset_runs\attack_019\doc_2.txt.encrypted,attack_019
2026-08-16T09:53:48Z,0.8463525406567052,0.4065006191068177,0.40977809432852386,0.0,0.7726783967089407,0.0,0.23592006063125198,0.4969366406385334,0.01937333344850731,0.2416855746789354,0.4365775800858041,0.0282506443886865,1,C:\Users\LOQ\Downloads\Rakshak AI\ml\..\ml\..\data\dataset_runs\attack_019\doc_3.txt.encrypted,attack_019
2026-08-16T09:53:49Z,0.996883615931034,0.49959516144450206,0.363041246900724,0.0,0.8279326596628368,0.0,0.17851789230156784,0.5719309943671081,0.0,0.35167904409555584,0.5496036415484341,0.0,1,C:\Users\LOQ\Downloads\Rakshak AI\ml\..\ml\..\data\dataset_runs\attack_019\doc_4.txt.encrypted,attack_019
2026-08-16T09:53:50Z,0.973321140953263,0.6276727759581721,0.4318100714989553,0.0,0.8279547021760728,0.0,0.17460241986334682,0.6574231752053191,0.0048934190404853126,0.38387719599815956,0.5214511037157927,0.015162096977022328,1,C:\Users\LOQ\Downloads\Rakshak AI\ml\..\ml\..\data\dataset_runs\attack_019\doc_5.txt.encrypted,attack_019
2026-08-16T09:53:50Z,0.7689437880991431,0.696022380060996,0.4274281391316637,0.0,0.8472823669380102,0.005895842196793593,0.15334323054010623,0.5620645378481254,0.017825312533398995,0.45754258472306086,0.4504087649319727,0.011428920256751376,1,C:\Users\LOQ\Downloads\Rakshak AI\ml\..\ml\..\data\dataset_runs\attack_019\doc_6.txt.encrypted,attack_019
2026-08-16T09:53:51Z,0.9862428823036653,0.7943557937042314,0.43675225083525854,0.0,0.8951209176484649,0.0,0.1140137383636151,0.634848441639952,0.0,0.5592063601943497,0.5537527993164161,0.0,1,C:\Users\LOQ\Downloads\Rakshak AI\ml\..\ml\..\data\dataset_runs\attack_019\doc_7.txt.encrypted,attack_019
2026-08-16T09:53:46Z,1.0,0.10824591067922505,0.21739205428285588,0.0,1.0,0.0,0.0,0.9863688043567458,0.1197208549760634,0.02191758501176584,0.513931328917896,0.022592101288082735,1,C:\Users\LOQ\Downloads\Rakshak AI\ml\..\ml\..\data\dataset_runs\attack_020\doc_0.txt.encrypted,attack_020
2026-08-16T09:53:47Z,0.9592006095864859,0.20560085700554925,0.22674160121771253,0.0,0.9983019203187191,0.02552905511942796,0.0,0.9888490469515623,0.0,0.09392020260666964,0.48460131754309776,0.059124145331648705,1,C:\Users\LOQ\Downloads\Rakshak AI\ml\..\ml\..\data\dataset_runs\attack_020\doc_1.txt.encrypted,attack_020
2026-08-16T09:53:48Z,0.9824082135758726,0.2789894712291179,0.184087021546498,0.0,1.0,0.0,0.0,0.9887410435193758,0.0,0.2268136765444653,0.5151094852008979,0.0,1,C:\Users\LOQ\Downloads\Rakshak AI\ml\..\ml\..\data\dataset_runs\attack_020\doc_2.txt.encrypted,attack_020
2026-08-16T09:53:48Z,0.9804690051058893,0.38600510479220657,0.17189764170076516,0.0,0.9895891175115109,0.0,0.0,1.0,0.005863214838437089,0.2548909561707439,0.48859180049208945,0.04310093844292071,1,C:\Users\LOQ\Downloads\Rakshak AI\ml\..\ml\..\data\dataset_runs\attack_020\doc_3.txt.encrypted,attack_020
2026-08-16T09:53:49Z,0.9841726042323931,0.5099369611284026,0.20929596277978496,0.0,0.9824859134350172,0.0,0.0,1.0,0.0,0.38088295839276054,0.48983400305361857,0.021993937423788502,1,C:\Users\LOQ\Downloads\Rakshak AI\ml\..\ml\..\data\dataset_runs\attack_020\doc_4.txt.encrypted,attack_020
2026-08-16T09:53:50Z,0.9931353135465217,0.5853496204359745,0.3642165762083214,0.0,0.8235944589318892,0.0,0.17699200904115406,1.0,0.0,0.4714155980156124,0.44990525016286664,0.0,1,C:\Users\LOQ\Downloads\Rakshak AI\ml\..\ml\..\data\dataset_runs\attack_020\doc_5.txt,attack_020
2026-08-16T09:53:51Z,0.9712816320455832,0.6947594929210115,0.3725330457980536,0.0,0.8580290957550654,0.013743389593795952,0.13734169459267095,0.9836633301694269,0.0009620450127832766,0.5710093933864637,0.510689556780374,0.0,1,C:\Users\LOQ\Downloads\Rakshak AI\ml\..\ml\..\data\dataset_runs\attack_020\doc_6.txt.encrypted,attack_020
2026-08-16T09:53:46Z,0.9633236265472843,0.10572100155358921,0.18730048650758105,0.0,0.9875983380055281,0.05141317219694569,0.0,1.0,0.1102315882288353,0.031237494699855192,0.4855632336548555,0.024086764823541152,1,C:\Users\LOQ\Downloads\Rakshak AI\ml\..\ml\..\data\dataset_runs\attack_021\doc_0.txt.encrypted,attack_021
2026-08-16T09:53:46Z,0.759004101401116,0.2061446751766379,0.42530733424794165,0.0,0.4864483546997933,0.0074925614886854055,0.5234534103013512,0.4999975808222222,0.03710308580531448,0.0010791785070149822,0.3929539919059239,0.01152040306570145,1,C:\Users\LOQ\Downloads\Rakshak AI\ml\..\ml\..\data\dataset_runs\attack_021\doc_1.txt,attack_021
2026-08-16T09:53:47Z,0.7579355576400698,0.2957176168864177,0.41426328872732243,0.0,0.6756670767157819,0.0109683146596381,0.35214439058387675,0.3067866216628107,0.016065090586889666,0.1368143946432732,0.4714399653760101,0.0,1,C:\Users\LOQ\Downloads\Rakshak AI\ml\..\ml\..\data\dataset_runs\attack_021\doc_2.txt.encrypted,attack_021
2026-08-16T09:53:48Z,0.8015796206733846,0.4239937680207611,0.4083229011714657,0.0,0.7945340806008104,0.0,0.2568985693218316,0.22969463268987167,0.007805295710366765,0.19200568923850247,0.46155944202163246,0.008912393098470557,1,C:\Users\LOQ\Downloads\Rakshak AI\ml\..\ml\..\data\dataset_runs\attack_021\doc_3.txt.encrypted,attack_021
2026-08-16T09:53:49Z,0.9727661147911176,0.525074377905802,0.38755970055050737,0.0,0.8130624179743665,0.021850983041038698,0.19880870680466425,0.3790912738921163,0.015832399845791066,0.3444423683645905,0.5784436969261403,0.027638797708233243,1,C:\Users\LOQ\Downloads\Rakshak AI\ml\..\ml\..\data\dataset_runs\attack_021\doc_4.txt.encrypted,attack_021
2026-08-16T09:53:50Z,1.0,0.5930230569377104,0.42912650463926744,0.0,0.8462411264962295,0.006729256133566949,0.18128250705367638,0.4856008715595182,0.0,0.45385335384295133,0.554011804664415,0.0,1,C:\Users\LOQ\Downloads\Rakshak AI\ml\..\ml\..\data\dataset_runs\attack_021\doc_5.txt.encrypted,attack_021
2026-08-16T09:53:50Z,0.7933540249020331,0.7047824436737734,0.411685725650321,0.0,0.8537477766766166,0.0036165751689795135,0.12503377063461427,0.4555289935587276,0.0,0.4568212630443921,0.4534527741542646,0.0,1,C:\Users\LOQ\Downloads\Rakshak AI\ml\..\ml\..\data\dataset_runs\attack_021\doc_6.txt.encrypted,attack_021
2026-08-16T09:53:51Z,0.8103572338801923,0.7876426810342377,0.40349325358364496,0.0,0.8588287610673946,0.0,0.12118976298492984,0.3988377752918374,0.013727265446275207,0.49460920168471334,0.4248220941030949,0.0,1,C:\Users\LOQ\Downloads\Rakshak AI\ml\..\ml\..\data\dataset_runs\attack_021\doc_7.txt.encrypted,attack_021
2026-08-16T09:53:46Z,0.9514118623346567,0.08751066004786653,0.21636991238862044,0.0,1.0,0.022908039197680186,0.0,0.9889813907991859,0.10669946452557537,0.011008086173617112,0.4851939707952659,0.0,1,C:\Users\LOQ\Downloads\Rakshak AI\ml\..\ml\..\data\dataset_runs\attack_022\doc_0.txt.encrypted,attack_022
2026-08-16T09:53:46Z,1.0,0.23765952346178065,0.20153417887282157,0.0,1.0,0.0,0.0,0.9921426791104362,0.0,0.09563992082820895,0.4895570975376521,0.0,1,C:\Users\LOQ\Downloads\Rakshak AI\ml\..\ml\..\data\dataset_runs\attack_022\doc_1.txt.encrypted,attack_022
2026-08-16T09:53:48Z,0.9532220567766992,0.2814038215025675,0.22374313453001318,0.0,0.9838797197199456,0.0,0.0,0.9714969168654773,0.0,0.10887344640467359,0.4896973520857269,0.021530031657237658,1,C:\Users\LOQ\Downloads\Rakshak AI\ml\..\ml\..\data\dataset_runs\attack_022\doc_2.txt.encrypted,attack_022
2026-08-16T09:53:48Z,0.9632825278598569,0.39647297518778907,0.2216178774141579,0.0,0.9822378157889374,0.0,0.027330065799418005,1.0,0.0,0.23734847873335146,0.5087574055002113,0.020457311767639458,1,C:\Users\LOQ\Downloads\Rakshak AI\ml\..\ml\..\data\dataset_runs\attack_022\doc_3.txt.encrypted,attack_022
2026-08-16T09:53:49Z,0.9489792899532146,0.4996627980317839,0.39382611010364427,0.0,0.8196590758342943,0.04931674514177574,0.17307248695764707,0.9816577773263722,0.010344748390159085,0.3218579025389386,0.5190587962362905,0.0,1,C:\Users\LOQ\Downloads\Rakshak AI\ml\..\ml\..\data\dataset_runs\attack_022\doc_4.txt,attack_022
2026-08-16T09:53:49Z,0.9534303662091397,0.6032265348774599,0.38144111766178096,0.0,0.8433417034928951,0.0,0.16106324185465723,0.9943864241405875,0.0,0.3199349955495747,0.5123215286302962,0.0,1,C:\Users\LOQ\Downloads\Rakshak AI\ml\..\ml\..\data\dataset_runs\attack_022\doc_5.txt.encrypted,attack_022
2026-08-16T09:53:50Z,0.9855989868088433,0.7291592198543992,0.4070648181727873,0.0,0.712438731938736,0.0,0.2567730278819217,1.0,0.0,0.4384548223502447,0.5322366736889947,0.0202166814838423,1,C:\Users\LOQ\Downloads\Rakshak AI\ml\..\ml\..\data\dataset_runs\attack_022\doc_6.txt,attack_022
2026-08-16T09:53:51Z,0.9890513244208331,0.8092998385333794,0.43592195484333945,0.0,0.7115081090959757,0.01995683202939987,0.25280909858796613,0.9876776977377042,0.0,0.458359230516154,0.519698005016285,0.026202981180553808,1,C:\Users\LOQ\Downloads\Rakshak AI\ml\..\ml\..\data\dataset_runs\attack_022\doc_7.txt.encrypted,attack_022
2026-08-16T09:53:52Z,0.9878404463632807,0.9373170565850667,0.419496858348418,0.0,0.6798983337487564,0.0,0.3653922190244163,0.9557888098807878,0.0,0.5791237691645461,0.4909734123028751,0.020875475216673416,1,C:\Users\LOQ\Downloads\Rakshak AI\ml\..\ml\..\data\dataset_runs\attack_022\doc_8.txt,attack_022
2026-08-16T09:53:53Z,0.9540791085617351,0.9976676187324256,0.4140224194811475,1.0,0.6604947265515968,0.0,0.32879647725889044,1.0,0.0,0.6832708902648545,0.5246211643501776,0.0191977261804936,1,C:\Users\LOQ\Downloads\Rakshak AI\ml\..\ml\..\data\dataset_runs\attack_022\salary_2026.xlsx.encrypted,attack_022
2026-08-16T09:53:46Z,0.8150980970110654,0.10909891482829835,0.1974207411461631,0.0,1.0,0.0,0.0004430293058037974,0.0,0.11995955487457363,0.0,0.518528925990043,0.005227513195920878,1,C:\Users\LOQ\Downloads\Rakshak AI\ml\..\ml\..\data\dataset_runs\attack_023\doc_0.txt.encrypted,attack_023
2026-08-16T09:53:47Z,0.9914154319608002,0.19731230497720706,0.3960877685762195,0.0,0.4943720156011631,0.007554193448781388,0.5080349309601365,0.4992955336460599,0.0,0.07996953654240613,0.6195102980244325,0.0,1,C:\Users\LOQ\Downloads\Rakshak AI\ml\..\ml\..\data\dataset_runs\attack_023\doc_1.txt,attack_023
2026-08-16T09:53:48Z,0.9854542528471525,0.2977971985675285,0.37121149613930826,0.0,0.6734433111190247,0.02740185294129385,0.35944014869800406,0.7039856183842907,0.0,0.13348006124042194,0.5910972161466851,0.0,1,C:\Users\LOQ\Downloads\Rakshak AI\ml\..\ml\..\data\dataset_runs\attack_023\doc_2.txt.encrypted,attack_023
2026-08-16T09:53:48Z,0.9954332499457345,0.3716268874778144,0.4028490431141742,0.0,0.7587223839968087,0.0,0.2472869211071638,0.7753779335851801,0.0,0.20568741483971495,0.5412596156535892,0.0,1,C:\Users\LOQ\Downloads\Rakshak AI\ml\..\ml\..\data\dataset_runs\attack_023\doc_3.txt.encrypted,attack_023
2026-08-16T09:53:49Z,0.7762745311391505,0.5128854118775549,0.38315829878763563,0.0,0.6206034058863897,0.0,0.41119654849714643,0.5965468856631233,0.0,0.3245745884010712,0.42553206420258133,0.008864517318535239,1,C:\Users\LOQ\Downloads\Rakshak AI\ml\..\ml\..\data\dataset_runs\attack_023\doc_4.txt,attack_023
2026-08-16T09:53:50Z,0.9822518535863863,0.5839082977782637,0.38268842393961267,0.0,0.6673395801557428,0.0,0.32546606858553134,0.6421011768383357,0.02017497416253674,0.3823168205339109,0.5258399235901003,0.0,1,C:\Users\LOQ\Downloads\Rakshak AI\ml\..\ml\..\data\dataset_runs\attack_023\doc_5.txt.encrypted,attack_023
2026-08-16T09:53:50Z,0.9863382545027508,0.7175517554666508,0.41847302729931735,0.0,0.7175709845915617,0.004081409217467469,0.3050019310981417,0.7310979326526917,0.0,0.45146092345025773,0.5194207208994502,0.02748834280812384,1,C:\Users\LOQ\Downloads\Rakshak AI\ml\..\ml\..\data\dataset_runs\attack_023\doc_6.txt.encrypted,attack_023
2026-08-16T09:53:46Z,0.9858355778037046,0.0674319047235862,0.19339401729678526,0.0,1.0,0.020327068368862458,0.0,1.0,0.0823145495532965,0.010509821604784506,0.4888973911107211,0.0,1,C:\Users\LOQ\Downloads\Rakshak AI\ml\..\ml\..\data\dataset_runs\attack_024\doc_0.txt.encrypted,attack_024
2026-08-16T09:53:47Z,0.9990103002020921,0.22738158341444714,0.2287062670812771,0.0,1.0,0.037409106613325374,0.011321098618891091,0.9850950981537218,0.0,0.09749748554093389,0.5182088978046475,0.0,1,C:\Users\LOQ\Downloads\Rakshak AI\ml\..\ml\..\data\dataset_runs\attack_024\doc_1.txt.encrypted,attack_024
2026-08-16T09:53:48Z,0.9886359527298335,0.3339333553252203,0.17904395692843908,0.0,0.9916569902918205,0.024625179413176275,0.0,0.9591736946631865,0.0,0.18701819493765243,0.5099163206105621,0.0,1,C:\Users\LOQ\Downloads\Rakshak AI\ml\..\ml\..\data\dataset_runs\attack_024\doc_2.txt.encrypted,attack_024
2026-08-16T09:53:48Z,0.996899619027005,0.3807564412210992,0.3939973938255508,0.0,0.7504619552689161,0.0,0.2654170643272105,0.966395402242793,0.0041806711473745635,0.21046051698445375,0.4929492336342152,0.019977749652773973,1,C:\Users\LOQ\Downloads\Rakshak AI\ml\..\ml\..\data\dataset_runs\attack_024\doc_3.txt,attack_024
2026-08-16T09:53:49Z,0.9680944977942583,0.48921660046408866,0.36614287122301065,0.0,0.7912951083927691,0.012221827500906866,0.2027596246703949,1.0,0.031109460213618018,0.3084559285957643,0.510167826638113,0.001042299314543859,1,C:\Users\LOQ\Downloads\Rakshak AI\ml\..\ml\..\data\dataset_runs\attack_024\doc_4.txt.encrypted,attack_024
2026-08-16T09:53:49Z,1.0,0.5799603163061078,0.3778216609999964,1.0,0.8004862795713856,0.006043873883022063,0.17492447562875652,0.9820558669740245,0.0,0.3257874664507117,0.48021272878215554,0.028170569206995944,1,C:\Users\LOQ\Downloads\Rakshak AI\ml\..\ml\..\data\dataset_runs\attack_024\salary_2026.xlsx.encrypted,attack_024
2026-08-16T09:53:46Z,0.969200667403675,0.14211271548287302,0.20717666699887377,0.0,1.0,0.016451831130635957,0.013503644322442054,0.9819535643369325,0.11752640389297835,0.0,0.4870157725059651,0.025816930903429135,1,C:\Users\LOQ\Downloads\Rakshak AI\ml\..\ml\..\data\dataset_runs\attack_025\doc_0.txt.encrypted,attack_025
2026-08-16T09:53:46Z,0.966381341545824,0.16738417776613876,0.44254835755717437,0.0,0.501595433375168,0.0,0.4827501125152493,1.0,0.014756901713512162,0.06758217150768153,0.5013049049803231,0.0,1,C:\Users\LOQ\Downloads\Rakshak AI\ml\..\ml\..\data\dataset_runs\attack_025\doc_1.txt,attack_025
2026-08-16T09:53:46Z,0.9597702524947522,0.3174041723477156,0.38916751338553307,0.0,0.6560618431065091,0.011535331422013772,0.2933931976968459,1.0,0.03195104839297007,0.09034963098341771,0.5053730723046196,0.004455386762804965,1,C:\Users\LOQ\Downloads\Rakshak AI\ml\..\ml\..\data\dataset_runs\attack_025\doc_2.txt.encrypted,attack_025
2026-08-16T09:53:47Z,0.9590029675778636,0.4051243640144238,0.39690481142000855,0.0,0.7663686325348095,0.0,0.26557368410802507,1.0,0.03051194708452625,0.16099619394178327,0.5101423736763909,0.0,1,C:\Users\LOQ\Downloads\Rakshak AI\ml\..\ml\..\data\dataset_runs\attack_025\doc_3.txt.encrypted,attack_025
2026-08-16T09:53:49Z,0.7862337898512314,0.47747793533262217,0.38251665035447635,0.0,0.8026537697800278,0.0,0.2164423658695012,0.8126285968427852,0.008955325487487783,0.2578904414535463,0.41798682616521043,0.0,1,C:\Users\LOQ\Downloads\Rakshak AI\ml\..\ml\..\data\dataset_runs\attack_025\doc_4.txt.encrypted,attack_025
2026-08-16T09:53:49Z,0.9418889183045851,0.5918039740574915,0.4032536154076495,0.0,0.6503496226781341,0.0,0.32891096967023326,0.8249540527102392,0.0,0.3164272503585356,0.5222951430406727,0.0,1,C:\Users\LOQ\Downloads\Rakshak AI\ml\..\ml\..\data\dataset_runs\attack_025\doc_5.txt,attack_025
2026-08-16T09:53:50Z,0.9704296625533415,0.7450313084469958,0.38834281614956123,0.0,0.6747213358732868,0.0,0.29696832329214234,0.8915276213824744,0.010317454051795183,0.4074511854040352,0.4873886894641185,0.044908973677134235,1,C:\Users\LOQ\Downloads\Rakshak AI\ml\..\ml\..\data\dataset_runs\attack_025\doc_6.txt.encrypted,attack_025
2026-08-16T09:53:46Z,1.0,0.08751600777241764,0.19950368365454071,0.0,0.9763649727719609,0.0,0.0,1.0,0.09054659660491465,0.0,0.48566917813485166,0.0,1,C:\Users\LOQ\Downloads\Rakshak AI\ml\..\ml\..\data\dataset_runs\attack_026\doc_0.txt.encrypted,attack_026
2026-08-16T09:53:47Z,1.0,0.19149497365460816,0.1546561505208754,0.0,0.9882364583626586,0.0142644382342288,0.0,0.9840071139589509,0.0,0.07367457879183578,0.5214236808827727,0.0,1,C:\Users\LOQ\Downloads\Rakshak AI\ml\..\ml\..\data\dataset_runs\attack_026\doc_1.txt.encrypted,attack_026
2026-08-16T09:53:47Z,0.959107663664097,0.2756324856292617,0.18312834415769516,0.0,1.0,0.011456304457756375,0.0,0.9724644513070996,0.0,0.08520727726697273,0.49442654248609785,0.0,1,C:\Users\LOQ\Downloads\Rakshak AI\ml\..\ml\..\data\dataset_runs\attack_026\doc_2.txt.encrypted,attack_026
2026-08-16T09:53:47Z,0.9649733790507816,0.39997208915927596,0.21053392540397875,0.0,1.0,0.009701216724170651,0.0,1.0,0.021166642968775674,0.1448834353136665,0.4952945920115653,0.0,1,C:\Users\LOQ\Downloads\Rakshak AI\ml\..\ml\..\data\dataset_runs\attack_026\doc_3.txt.encrypted,attack_026
2026-08-16T09:53:49Z,0.9481042119515457,0.5420269515790163,0.14269741672044411,1.0,1.0,0.0,0.005900180460392921,0.9968655643581732,0.0,0.21585698221440094,0.5445258373608433,0.0018316870148097281,1,C:\Users\LOQ\Downloads\Rakshak AI\ml\..\ml\..\data\dataset_runs\attack_026\salary_2026.xlsx.encrypted,attack_026
2026-08-16T09:53:46Z,0.8024405996601773,0.10639655986712224,0.20354482743642816,0.0,0.9705821607117093,0.0,0.007014069450248603,0.023143783867988682,0.13829281772652494,0.0,0.5273461733282905,0.0,1,C:\Users\LOQ\Downloads\Rakshak AI\ml\..\ml\..\data\dataset_runs\attack_027\doc_0.txt.encrypted,attack_027
2026-08-16T09:53:46Z,1.0,0.1984395098508044,0.18545753186762817,0.0,0.9961378465366726,0.0,0.0,0.5152258930481772,0.0,0.07037427153395906,0.5779956418003673,0.0,1,C:\Users\LOQ\Downloads\Rakshak AI\ml\..\ml\..\data\dataset_runs\attack_027\doc_1.txt.encrypted,attack_027
2026-08-16T09:53:47Z,0.9725771290437362,0.2728630091251656,0.4365785125295632,0.0,0.7168153402279362,0.0,0.35340696071044925,0.6653942619305668,0.0,0.09185624855937738,0.5538351058109946,0.022398309639764476,1,C:\Users\LOQ\Downloads\Rakshak AI\ml\..\ml\..\data\dataset_runs\attack_027\doc_2.txt,attack_027
2026-08-16T09:53:46Z,0.7672575849995646,0.11063244568955896,0.18750527839477257,0.0,0.9942669568911452,0.0,0.039942260680733116,0.0,0.10541843272838193,0.0,0.5102536760022682,0.0,1,C:\Users\LOQ\Downloads\Rakshak AI\ml\..\ml\..\data\dataset_runs\attack_028\doc_0.txt.encrypted,attack_028
2026-08-16T09:53:47Z,0.9586909110845738,0.20250979552243537,0.20512080447686307,0.0,0.9950992835106309,0.0,0.0,0.4820753540384977,0.0,0.04456367150165883,0.5776100949908438,0.015402746867179006,1,C:\Users\LOQ\Downloads\Rakshak AI\ml\..\ml\..\data\dataset_runs\attack_028\doc_1.txt.encrypted,attack_028
2026-08-16T09:53:47Z,0.9636562005871997,0.317684079224203,0.24151699289175588,0.0,1.0,0.0,0.009634563338748606,0.6385363782290487,0.0,0.12359476779993261,0.5285852416521224,0.005880469749667435,1,C:\Users\LOQ\Downloads\Rakshak AI\ml\..\ml\..\data\dataset_runs\attack_028\doc_2.txt.encrypted,attack_028
2026-08-16T09:53:48Z,0.9868699902258373,0.4228610190260471,0.18934420433973548,0.0,1.0,0.010689577536817967,0.0,0.7729242690680757,0.0,0.23106413692559705,0.541215687783125,0.0008382398581556516,1,C:\Users\LOQ\Downloads\Rakshak AI\ml\..\ml\..\data\dataset_runs\attack_028\doc_3.txt.encrypted,attack_028
2026-08-16T09:53:49Z,0.7563681246267044,0.5276635553454273,0.15471211957089614,0.0,1.0,0.0,0.0,0.5998409685552327,0.008330259947509182,0.2608794047482013,0.39347551186332624,0.0,1,C:\Users\LOQ\Downloads\Rakshak AI\ml\..\ml\..\data\dataset_runs\attack_028\doc_4.txt.encrypted,attack_028
2026-08-16T09:53:50Z,0.9694314593494127,0.6066101802618187,0.18026139641655445,1.0,1.0,0.0393686816571684,0.0,0.6502658671303109,0.0,0.3347503706651365,0.5484018640990284,0.015278583509448017,1,C:\Users\LOQ\Downloads\Rakshak AI\ml\..\ml\..\data\dataset_runs\attack_028\salary_2026.xlsx.encrypted,attack_028
2026-08-16T09:53:46Z,0.9531016829503497,0.11578542565743521,0.16973626167705058,0.0,1.0,0.002526493083793215,0.0,0.9456243602457782,0.13415626566879701,0.009571933620132827,0.4760647429821525,0.0,1,C:\Users\LOQ\Downloads\Rakshak AI\ml\..\ml\..\data\dataset_runs\attack_029\doc_0.txt.encrypted,attack_029
2026-08-16T09:53:46Z,0.9931605300460004,0.1731217107093061,0.20123053549329087,0.0,1.0,0.0,0.0,0.9873468165103639,0.0,0.029822126294688625,0.49687965121672173,0.0,1,C:\Users\LOQ\Downloads\Rakshak AI\ml\..\ml\..\data\dataset_runs\attack_029\doc_1.txt.encrypted,attack_029
2026-08-16T09:53:47Z,0.958403835178258,0.3101751715093464,0.21934175735751718,0.0,0.9750564543873965,0.0,0.001005448667899684,0.9730209991672953,0.0,0.09197952490405219,0.47508826700126094,0.0,1,C:\Users\LOQ\Downloads\Rakshak AI\ml\..\ml\..\data\dataset_runs\attack_029\doc_2.txt.encrypted,attack_029
2026-08-16T09:53:47Z,0.9777010210142704,0.42055723376265836,0.1952149839370659,0.0,1.0,0.014056173912799766,0.0,0.9565868201329629,0.005028243671466807,0.14870130263323703,0.5235237452185435,0.022484514926659763,1,C:\Users\LOQ\Downloads\Rakshak AI\ml\..\ml\..\data\dataset_runs\attack_029\doc_3.txt.encrypted,attack_029
2026-08-16T09:53:48Z,1.0,0.4775732241008124,0.3836010867941542,0.0,0.8207280107001977,0.0,0.17637104083009916,0.9927801345851544,0.0,0.21390321092374248,0.48154305382215545,0.008462268596093465,1,C:\Users\LOQ\Downloads\Rakshak AI\ml\..\ml\..\data\dataset_runs\attack_029\doc_4.txt,attack_029
2026-08-16T09:53:49Z,0.9687716439012711,0.5743827202490954,0.3500572603998216,0.0,0.8601157864866334,0.023125461441999406,0.165781715008512,1.0,0.0,0.3244393483635598,0.4701665658769112,0.04452486342393723,1,C:\Users\LOQ\Downloads\Rakshak AI\ml\..\ml\..\data\dataset_runs\attack_029\doc_5.txt.encrypted,attack_029
2026-08-16T09:53:50Z,0.7743548710028093,0.6882209768590452,0.3900460676666187,0.0,0.7067664381173598,0.0,0.27115473336203355,0.8460713761016793,0.009735427166699695,0.4216646585012182,0.4171963363709416,0.001797106091264681,1,C:\Users\LOQ\Downloads\Rakshak AI\ml\..\ml\..\data\dataset_runs\attack_029\doc_6.txt,attack_029
2026-08-16T09:53:50Z,1.0,0.7913594830495474,0.39088620121352513,0.0,0.7286250796179143,0.015589292956122568,0.2696482162184012,0.8457569508901285,0.013168837335966369,0.42090026608728015,0.5316016513976815,0.018003582948044983,1,C:\Users\LOQ\Downloads\Rakshak AI\ml\..\ml\..\data\dataset_runs\attack_029\doc_7.txt.encrypted,attack_029
2026-08-16T09:53:51Z,0.9800926481057579,0.9260357629069139,0.5729557268618942,1.0,0.6714467714396875,0.0,0.322799018796605,0.8796647791879819,0.0,0.5238127261716748,0.5066614376537532,0.0016863021073789148,1,C:\Users\LOQ\Downloads\Rakshak AI\ml\..\ml\..\data\dataset_runs\attack_029\salary_2026.xlsx,attack_029
2026-08-16T09:53:46Z,0.9677320642865134,0.0821043718662063,0.19320466758444144,0.0,1.0,0.0,0.0220436665915861,0.9933691504768547,0.1052031945251035,0.0,0.4779966305969058,0.0,1,C:\Users\LOQ\Downloads\Rakshak AI\ml\..\ml\..\data\dataset_runs\attack_030\doc_0.txt.encrypted,attack_030
2026-08-16T09:53:47Z,0.8097398318304467,0.2080359915586329,0.19425539516871887,0.0,0.984556297126184,0.0,0.0,0.47048835127673,0.0,0.12868952313901266,0.39114376755358005,0.011501400512924562,1,C:\Users\LOQ\Downloads\Rakshak AI\ml\..\ml\..\data\dataset_runs\attack_030\doc_1.txt.encrypted,attack_030
2026-08-16T09:53:48Z,0.9739266564802269,0.2945589243053137,0.38241942380469085,0.0,0.6471386296050315,0.0,0.32536277243914613,0.6616210617977343,0.0,0.18528469864740463,0.5521415639638514,0.0,1,C:\Users\LOQ\Downloads\Rakshak AI\ml\..\ml\..\data\dataset_runs\attack_030\doc_2.txt,attack_030
2026-08-16T09:53:46Z,0.9596911795428509,0.10264919714990545,0.19976739356992565,0.0,1.0,0.0,0.0,1.0,0.09900464815556785,0.0005889493571495862,0.5338471859163718,0.0,1,C:\Users\LOQ\Downloads\Rakshak AI\ml\..\ml\..\data\dataset_runs\attack_031\doc_0.txt.encrypted,attack_031
2026-08-16T09:53:47Z,0.9805565270008111,0.21197823494763934,0.1882858752449555,0.0,0.9828173454022947,0.0,0.032208507488216305,0.9876338192580196,0.0,0.07593950968876165,0.4800659550805527,0.0018827260436060662,1,C:\Users\LOQ\Downloads\Rakshak AI\ml\..\ml\..\data\dataset_runs\attack_031\doc_1.txt.encrypted,attack_031
2026-08-16T09:53:48Z,0.9684184691157051,0.29444294102414187,0.21549710219758186,0.0,0.9877608372314675,0.02703232236814086,0.0,1.0,0.0,0.19086889642003388,0.5361399334187317,0.0,1,C:\Users\LOQ\Downloads\Rakshak AI\ml\..\ml\..\data\dataset_runs\attack_031\doc_2.txt.encrypted,attack_031
2026-08-16T09:53:48Z,0.7913065732910216,0.4156425786377129,0.23833859310972286,0.0,0.9922006424281768,0.031327093581530366,0.0,0.7588863094929804,0.0426669689594811,0.2796646380507568,0.4144426774175674,0.015639152678709543,1,C:\Users\LOQ\Downloads\Rakshak AI\ml\..\ml\..\data\dataset_runs\attack_031\doc_3.txt.encrypted,attack_031
2026-08-16T09:53:49Z,0.9703848727123593,0.5068678740777285,0.41563011412064005,0.0,0.8407452833007283,0.0,0.20082786871133965,0.8486652928549516,0.032687170350803256,0.24989333958730392,0.5207736142947786,0.0,1,C:\Users\LOQ\Downloads\Rakshak AI\ml\..\ml\..\data\dataset_runs\attack_031\doc_4.txt,attack_031
2026-08-16T09:53:49Z,0.7723001110713617,0.5924780940306081,0.42393948523419767,0.0,0.8375454207368067,0.0,0.18420735333745664,0.6654986488760252,0.018414533627398474,0.312772216072691,0.4195620819426302,0.0,1,C:\Users\LOQ\Downloads\Rakshak AI\ml\..\ml\..\data\dataset_runs\attack_031\doc_5.txt.encrypted,attack_031
2026-08-16T09:53:50Z,0.9628472652846887,0.7203882572655883,0.38981210049737847,0.0,0.8475951035704016,0.0,0.17570975123179333,0.7068791090922779,0.0,0.37379079296927875,0.5503853356750062,0.0,1,C:\Users\LOQ\Downloads\Rakshak AI\ml\..\ml\..\data\dataset_runs\attack_031\doc_6.txt.encrypted,attack_031
2026-08-16T09:53:50Z,0.9908996386157377,0.7906228057501019,0.395354676566273,0.0,0.8484498367320734,0.02249040906162821,0.154389855738993,0.7304260306873255,0.006407629916925506,0.4297774334364294,0.5363706798246962,0.0,1,C:\Users\LOQ\Downloads\Rakshak AI\ml\..\ml\..\data\dataset_runs\attack_031\doc_7.txt.encrypted,attack_031
2026-08-16T09:53:51Z,1.0,0.9025751067941833,0.36217223344296073,0.0,0.8910476380393331,0.0,0.1266559930866037,0.7934048709665645,0.0,0.474309762216532,0.5191011835466895,0.0,1,C:\Users\LOQ\Downloads\Rakshak AI\ml\..\ml\..\data\dataset_runs\attack_031\doc_8.txt.encrypted,attack_031
2026-08-16T09:53:52Z,0.9693464895193874,0.980756952957442,0.4183383687785103,0.0,0.8108458846972776,0.0054691225687955375,0.19793211522300447,0.8139132436940277,0.0,0.545798641943234,0.5369380055254154,0.03172394445717914,1,C:\Users\LOQ\Downloads\Rakshak AI\ml\..\ml\..\data\dataset_runs\attack_031\doc_9.txt,attack_031
2026-08-16T09:53:46Z,0.9719297104996052,0.08496300275179514,0.16733342970831527,0.0,0.9811656895471188,0.027551742950036547,0.012168131261334456,0.9959530652917691,0.08228639604899858,0.002488030588929326,0.49112189058786304,0.0,1,C:\Users\LOQ\Downloads\Rakshak AI\ml\..\ml\..\data\dataset_runs\attack_032\doc_0.txt.encrypted,attack_032
2026-08-16T09:53:47Z,1.0,0.18025993916464533,0.19525301896916977,0.0,1.0,0.0,0.006729632877804813,1.0,0.0,0.0588916521644514,0.492303474859374,0.004274648588386408,1,C:\Users\LOQ\Downloads\Rakshak AI\ml\..\ml\..\data\dataset_runs\attack_032\doc_1.txt.encrypted,attack_032
2026-08-16T09:53:47Z,0.9663425012983156,0.28878173766324033,0.1714430838122261,0.0,0.9913229263142798,0.0,0.011093349777135204,1.0,0.0,0.06798840555935122,0.5227124356020928,0.0,1,C:\Users\LOQ\Downloads\Rakshak AI\ml\..\ml\..\data\dataset_runs\attack_032\doc_2.txt.encrypted,attack_032
2026-08-16T09:53:47Z,0.9865398930719356,0.4097595974557858,0.23940547488888925,0.0,0.9639376969646394,0.0,0.0,0.9811543786420163,0.0,0.11329246982241299,0.5284385533370314,0.0,1,C:\Users\LOQ\Downloads\Rakshak AI\ml\..\ml\..\data\dataset_runs\attack_032\doc_3.txt.encrypted,attack_032
2026-08-16T09:53:48Z,0.7953364635747326,0.4688643776735591,0.2042197780957862,0.0,1.0,0.0,0.0,0.8158745385955424,0.003683556424532228,0.23275398140412637,0.4102728783892297,0.0,1,C:\Users\LOQ\Downloads\Rakshak AI\ml\..\ml\..\data\dataset_runs\attack_032\doc_4.txt.encrypted,attack_032
2026-08-16T09:53:46Z,0.9768045353402823,0.09433629824930262,0.16097153046068408,0.0,1.0,0.0,0.019291602864754797,1.0,0.1296388253101647,0.0,0.4782293842148617,0.0,1,C:\Users\LOQ\Downloads\Rakshak AI\ml\..\ml\..\data\dataset_runs\attack_033\doc_0.txt.encrypted,attack_033
2026-08-16T09:53:47Z,0.7431577500026606,0.24804061838134892,0.1688835743175463,0.0,0.9935147601519918,0.0,0.015294336649030531,0.5060778554695908,0.03485028915647144,0.02954858104148527,0.3944291103450815,0.0113617972507182,1,C:\Users\LOQ\Downloads\Rakshak AI\ml\..\ml\..\data\dataset_runs\attack_033\doc_1.txt.encrypted,attack_033
2026-08-16T09:53:48Z,0.9636863980168795,0.29953641313814133,0.20963453407044125,0.0,0.9771504845010709,0.022429585412337145,0.0,0.6531004270939708,0.0010364530916820145,0.20306022902384555,0.5137658424104246,0.0,1,C:\Users\LOQ\Downloads\Rakshak AI\ml\..\ml\..\data\dataset_runs\attack_033\doc_2.txt.encrypted,attack_033
2026-08-16T09:53:49Z,0.9764972813738739,0.40855190739739206,0.23329498438085478,0.0,0.9918873866793755,0.025466747392646413,0.020135421388944055,0.79547803493147,0.00914317329843107,0.27416029312274165,0.58281009922362,0.0,1,C:\Users\LOQ\Downloads\Rakshak AI\ml\..\ml\..\data\dataset_runs\attack_033\doc_3.txt.encrypted,attack_033
2026-08-16T09:53:49Z,1.0,0.5131443231815286,0.3869085793935716,0.0,0.7839256065989899,0.0,0.1892315178683767,0.8094178453785624,0.0,0.3104354943661211,0.5082615017440382,0.02742452594447621,1,C:\Users\LOQ\Downloads\Rakshak AI\ml\..\ml\..\data\dataset_runs\attack_033\doc_4.txt,attack_033
2026-08-16T09:53:50Z,0.7787095696871366,0.6212286214935594,0.3721979447995866,0.0,0.8456643342197954,0.0,0.12697237221334018,0.6865344788021019,0.013091470299371775,0.3353015144867369,0.3970046250328244,0.02176016927568934,1,C:\Users\LOQ\Downloads\Rakshak AI\ml\..\ml\..\data\dataset_runs\attack_033\doc_5.txt.encrypted,attack_033
2026-08-16T09:53:51Z,0.9466912491652542,0.7337611426942457,0.3948017709931385,0.0,0.8602617172382638,0.0048323451329535215,0.11674195598010703,0.7191265239424447,0.0,0.4456486486908688,0.5401244356633904,0.0,1,C:\Users\LOQ\Downloads\Rakshak AI\ml\..\ml\..\data\dataset_runs\attack_033\doc_6.txt.encrypted,attack_033
2026-08-16T09:53:52Z,0.9814638513055328,0.7891735572178958,0.42933617948045927,0.0,0.8481674064488159,0.0,0.12636720376452878,0.787050872026434,0.027395336607184156,0.5666041249960881,0.5745257775298468,0.004970830966639245,1,C:\Users\LOQ\Downloads\Rakshak AI\ml\..\ml\..\data\dataset_runs\attack_033\doc_7.txt.encrypted,attack_033
2026-08-16T09:53:53Z,0.9807862014905369,0.8481857371697814,0.41612283480428686,0.0,0.8712832112402976,0.0,0.1305485807896078,0.7975962786811763,0.0,0.6596359222318329,0.5118944942792882,0.0,1,C:\Users\LOQ\Downloads\Rakshak AI\ml\..\ml\..\data\dataset_runs\attack_033\doc_8.txt.encrypted,attack_033
2026-08-16T09:53:46Z,0.9878656930119749,0.07894047917721392,0.19960013612304695,0.0,1.0,0.006837120661037862,0.0,0.9985485313989625,0.10056197200203307,0.0,0.48877214359022914,0.0,1,C:\Users\LOQ\Downloads\Rakshak AI\ml\..\ml\..\data\dataset_runs\attack_034\doc_0.txt.encrypted,attack_034
2026-08-16T09:53:47Z,1.0,0.19144773973815626,0.2141740075544128,0.0,1.0,0.0,0.0,0.9983304516034834,0.04042494381890709,0.02882233090920904,0.5420904353382376,0.017821261076216496,1,C:\Users\LOQ\Downloads\Rakshak AI\ml\..\ml\..\data\dataset_runs\attack_034\doc_1.txt.encrypted,attack_034
2026-08-16T09:53:47Z,0.9935618242884153,0.27053568793149324,0.20153795019636384,0.0,1.0,0.0,0.01787740523597454,1.0,0.007948823429775955,0.11022789613665976,0.47649807387469373,0.0,1,C:\Users\LOQ\Downloads\Rakshak AI\ml\..\ml\..\data\dataset_runs\attack_034\doc_2.txt.encrypted,attack_034
2026-08-16T09:53:48Z,1.0,0.42599480316056604,0.22074153862139845,0.0,0.9929241822084005,0.013687340250862724,0.0,0.9717294057257849,0.02505803645953833,0.19089722598295628,0.5210498616496783,0.0,1,C:\Users\LOQ\Downloads\Rakshak AI\ml\..\ml\..\data\dataset_runs\attack_034\doc_3.txt.encrypted,attack_034
2026-08-16T09:53:49Z,0.9586501242948451,0.4851800605553331,0.18286806897138105,0.0,1.0,0.0,0.021375446394150798,0.9994530027499825,0.000998952514966986,0.2792305799091449,0.512379758832579,0.016916130884822144,1,C:\Users\LOQ\Downloads\Rakshak AI\ml\..\ml\..\data\dataset_runs\attack_034\doc_4.txt.encrypted,attack_034
2026-08-16T09:53:49Z,0.9681289049203187,0.6105387767656406,0.2005956461927032,0.0,0.9830286824295745,0.01292336437716115,0.0,0.9897949186823041,0.024724238461103748,0.30295051964343284,0.5041864469322608,0.014306104066505556,1,C:\Users\LOQ\Downloads\Rakshak AI\ml\..\ml\..\data\dataset_runs\attack_034\doc_5.txt.encrypted,attack_034
2026-08-16T09:53:50Z,0.8054448225209564,0.7380019291878257,0.16116024283639033,0.0,0.9939184673184646,0.014993864897525975,0.007140560160228109,0.8706539383436018,0.01471529243549012,0.38617990201085495,0.40387374545666554,0.005633286396488487,1,C:\Users\LOQ\Downloads\Rakshak AI\ml\..\ml\..\data\dataset_runs\attack_034\doc_6.txt.encrypted,attack_034
2026-08-16T09:53:46Z,0.9559040062353091,0.1041259619155817,0.18213422226903628,0.0,0.9858239825986144,0.0,0.0023135342596906365,0.9766330247613967,0.1343190262404462,0.0,0.495432200630806,0.015384327880198109,1,C:\Users\LOQ\Downloads\Rakshak AI\ml\..\ml\..\data\dataset_runs\attack_035\doc_0.txt.encrypted,attack_035
2026-08-16T09:53:47Z,0.9485376263374339,0.24146510353792724,0.21773458577936342,0.0,1.0,0.0,0.014539091287526671,1.0,0.0,0.09173833513927054,0.4855068201477088,0.0,1,C:\Users\LOQ\Downloads\Rakshak AI\ml\..\ml\..\data\dataset_runs\attack_035\doc_1.txt.encrypted,attack_035
2026-08-16T09:53:48Z,0.8069439402983506,0.2719750974031265,0.2142094823904669,0.0,0.9863469824037083,0.006052735947967113,0.0,0.6983216780301549,0.0,0.19587945069321414,0.4203528546225932,0.02582984870820691,1,C:\Users\LOQ\Downloads\Rakshak AI\ml\..\ml\..\data\dataset_runs\attack_035\doc_2.txt.encrypted,attack_035
2026-08-16T09:53:49Z,0.9791348115518964,0.4238209685797039,0.17223629376154206,0.0,0.9617951895438742,0.0,0.016953319563199114,0.727398096058766,0.0029660029299213393,0.2592819528696857,0.5307713609088943,0.0,1,C:\Users\LOQ\Downloads\Rakshak AI\ml\..\ml\..\data\dataset_runs\attack_035\doc_3.txt.encrypted,attack_035
2026-08-16T09:53:46Z,0.9867015533582305,0.12346296579771204,0.19237608383268193,0.0,0.9861248360622868,0.0,0.006714877604288852,0.9971496352190561,0.10518722651413755,0.0,0.47710537801297914,0.0,1,C:\Users\LOQ\Downloads\Rakshak AI\ml\..\ml\..\data\dataset_runs\attack_036\doc_0.txt.encrypted,attack_036
2026-08-16T09:53:47Z,0.7453551884227082,0.21132503268247232,0.37564244297199584,0.0,0.5143882380340609,0.006266862677114391,0.48847585800991866,0.493841494612086,0.0,0.12470252440324366,0.3923195352872219,0.0,1,C:\Users\LOQ\Downloads\Rakshak AI\ml\..\ml\..\data\dataset_runs\attack_036\doc_1.txt,attack_036
2026-08-16T09:53:48Z,0.9355009673308247,0.3427779454535536,0.4349901269020866,0.0,0.6674125206059345,0.028024059178985865,0.3439946753000467,0.6266235934866098,0.010731165829622982,0.17978545749716882,0.5680906438800191,0.015112250837357757,1,C:\Users\LOQ\Downloads\Rakshak AI\ml\..\ml\..\data\dataset_runs\attack_036\doc_2.txt.encrypted,attack_036
2026-08-16T09:53:48Z,0.9577871870224315,0.42937857872529583,0.39436445419912336,0.0,0.7788787963586805,0.02640506555409689,0.22728141065446028,0.7639917960558029,0.0,0.20857015557588246,0.5848695730320982,0.025106914033502355,1,C:\Users\LOQ\Downloads\Rakshak AI\ml\..\ml\..\data\dataset_runs\attack_036\doc_3.txt.encrypted,attack_036
2026-08-16T09:53:49Z,0.7839680613255927,0.541857952660007,0.39999014572426195,0.0,0.8000633768183686,0.00428089229294327,0.18670179384694832,0.5942148469202296,0.03504931673841882,0.2303185781002229,0.4101120945496809,0.01229464228616294,1,C:\Users\LOQ\Downloads\Rakshak AI\ml\..\ml\..\data\dataset_runs\attack_036\doc_4.txt.encrypted,attack_036
2026-08-16T09:53:49Z,0.9788892925920099,0.5937493172161301,0.4233659422097977,0.0,0.6639204547443602,0.0,0.2960955314407102,0.6437378795676235,0.010524468536704011,0.2859234192429355,0.555695514486821,0.0,1,C:\Users\LOQ\Downloads\Rakshak AI\ml\..\ml\..\data\dataset_runs\attack_036\doc_5.txt,attack_036
2026-08-16T09:53:50Z,0.9906114862915191,0.7002083214577326,0.3821030106288915,0.0,0.6730686934086022,0.0,0.30763465732151074,0.7113450895260268,0.0,0.39345350493229386,0.5703033336618986,0.0,1,C:\Users\LOQ\Downloads\Rakshak AI\ml\..\ml\..\data\dataset_runs\attack_036\doc_6.txt.encrypted,attack_036
2026-08-16T09:53:52Z,0.8210238987994278,0.8111195972471404,0.5644179508232562,1.0,0.6019989207425072,0.0,0.3692327143060964,0.6443391356936398,0.0,0.5645531617517668,0.41804070030002266,0.0,1,C:\Users\LOQ\Downloads\Rakshak AI\ml\..\ml\..\data\dataset_runs\attack_036\salary_2026.xlsx,attack_036
2026-08-16T09:53:46Z,0.9500889105750288,0.07629288572942872,0.19567880941504537,0.0,0.999668517817515,0.0,0.001213812015562035,1.0,0.10518726289982389,0.01797998868654807,0.5136838922210197,0.025160365926167744,1,C:\Users\LOQ\Downloads\Rakshak AI\ml\..\ml\..\data\dataset_runs\attack_037\doc_0.txt.encrypted,attack_037
2026-08-16T09:53:47Z,0.946626285269831,0.19408083732399162,0.1991246626864063,0.0,1.0,0.0,0.028109148754572228,0.9600517190859084,0.0401466829950114,0.014799581090276208,0.5038187264443045,0.0,1,C:\Users\LOQ\Downloads\Rakshak AI\ml\..\ml\..\data\dataset_runs\attack_037\doc_1.txt.encrypted,attack_037
2026-08-16T09:53:47Z,0.9581341740165186,0.29254027813889083,0.1781828721250086,0.0,0.9943688641539067,0.0,0.015180870956668504,1.0,0.004598749562096677,0.10468048054592083,0.5319438569069889,0.008786766598514476,1,C:\Users\LOQ\Downloads\Rakshak AI\ml\..\ml\..\data\dataset_runs\attack_037\doc_2.txt.encrypted,attack_037
2026-08-16T09:53:48Z,0.9887519492237207,0.3933983799406367,0.19291427743662434,0.0,0.9906334147582483,0.0,0.021144658143919998,1.0,0.0,0.14673586869413072,0.5267108124883737,0.01770525917413201,1,C:\Users\LOQ\Downloads\Rakshak AI\ml\..\ml\..\data\dataset_runs\attack_037\doc_3.txt.encrypted,attack_037
2026-08-16T09:53:49Z,1.0,0.49349228587869937,0.2104391937099878,0.0,1.0,0.01077667540117138,0.003557965293096682,1.0,0.0,0.2501751719452974,0.4992112742890452,0.021581513196760164,1,C:\Users\LOQ\Downloads\Rakshak AI\ml\..\ml\..\data\dataset_runs\attack_037\doc_4.txt.encrypted,attack_037
2026-08-16T09:53:50Z,0.9581226539535515,0.6065228708819299,0.17474752791837211,0.0,0.9958556900225248,0.0,0.0,1.0,0.00101549124932633,0.3724407865303877,0.485691165472209,0.006762540520933252,1,C:\Users\LOQ\Downloads\Rakshak AI\ml\..\ml\..\data\dataset_runs\attack_037\doc_5.txt.encrypted,attack_037
2026-08-16T09:53:51Z,1.0,0.705380330506775,0.23199296415874304,0.0,1.0,0.01296885697409957,0.0013896030524903793,0.9767698872552871,0.0,0.44786817342654456,0.4946620957776726,0.0,1,C:\Users\LOQ\Downloads\Rakshak AI\ml\..\ml\..\data\dataset_runs\attack_037\doc_6.txt.encrypted,attack_037
2026-08-16T09:53:52Z,1.0,0.7871642706396714,0.18419250676277746,0.0,0.9929176037987737,0.0,0.0,1.0,0.024321284191902354,0.5145388482140943,0.5097504012167587,0.0,1,C:\Users\LOQ\Downloads\Rakshak AI\ml\..\ml\..\data\dataset_runs\attack_037\doc_7.txt.encrypted,attack_037
2026-08-16T09:53:53Z,0.7856809588525496,0.8943879731291654,0.21158377408924214,0.0,0.9818224251160509,0.02701722044233601,0.0,0.8563299332602862,0.0,0.6115370762274672,0.43799722623777027,0.025153070948287733,1,C:\Users\LOQ\Downloads\Rakshak AI\ml\..\ml\..\data\dataset_runs\attack_037\doc_8.txt.encrypted,attack_037
2026-08-16T09:53:46Z,0.9756292640970373,0.11029644218313724,0.18719835417936828,0.0,0.9848233106626044,0.0,0.00756190917064554,0.9788522821740963,0.08423538185658513,0.0,0.5180542731092626,0.0,1,C:\Users\LOQ\Downloads\Rakshak AI\ml\..\ml\..\data\dataset_runs\attack_038\doc_0.txt.encrypted,attack_038
2026-08-16T09:53:47Z,0.9834595930088782,0.21625087439011367,0.19457735106879065,0.0,1.0,0.03896019118895652,0.008245990149573145,1.0,0.0,0.012508402889415057,0.5078917075551778,0.0,1,C:\Users\LOQ\Downloads\Rakshak AI\ml\..\ml\..\data\dataset_runs\attack_038\doc_1.txt.encrypted,attack_038
2026-08-16T09:53:47Z,0.9873682082749146,0.3025106565352652,0.41473951814424,0.0,0.641091529121461,0.02065546133578149,0.32164136072155475,0.9576194512952865,0.0007186418338746371,0.07163426803246287,0.5178051020005668,0.0,1,C:\Users\LOQ\Downloads\Rakshak AI\ml\..\ml\..\data\dataset_runs\attack_038\doc_2.txt,attack_038
2026-08-16T09:53:48Z,0.7872174931840337,0.41666415770931664,0.4105459804329653,0.0,0.7357974326788419,0.01175441032907877,0.26385931349046765,0.7210682091545068,0.0,0.16710171031763352,0.38184641095131777,0.0,1,C:\Users\LOQ\Downloads\Rakshak AI\ml\..\ml\..\data\dataset_runs\attack_038\doc_3.txt.encrypted,attack_038
2026-08-16T09:53:50Z,0.7650721412427544,0.5223239255254226,0.35132991330726293,0.0,0.6295199384709464,0.054090692270951,0.41081502230183353,0.6367109238888178,0.0,0.32882800424360115,0.4215637635257945,0.0,1,C:\Users\LOQ\Downloads\Rakshak AI\ml\..\ml\..\data\dataset_runs\attack_038\doc_4.txt,attack_038
2026-08-16T09:53:50Z,0.9776117757638032,0.5711340929826448,0.40312371622982307,0.0,0.6916372183731322,0.0056117119675852915,0.33393654945615947,0.6875458845401609,0.004184514380726706,0.36980828968817303,0.51780826057281,0.0,1,C:\Users\LOQ\Downloads\Rakshak AI\ml\..\ml\..\data\dataset_runs\attack_038\doc_5.txt.encrypted,attack_038
2026-08-16T09:53:50Z,0.9655488654100413,0.684624235783723,0.39229875421084226,0.0,0.576516704504304,0.0,0.41667672426053554,0.7422259457526782,0.0,0.38947638023599734,0.5518196313256212,0.02233871423466006,1,C:\Users\LOQ\Downloads\Rakshak AI\ml\..\ml\..\data\dataset_runs\attack_038\doc_6.txt,attack_038
2026-08-16T09:53:51Z,0.9974578931007292,0.8066633294214556,0.4350543255011558,0.0,0.6445590714980094,0.0,0.3858582205617326,0.7486048653325058,0.0,0.47229690318935275,0.5162834457563414,0.0,1,C:\Users\LOQ\Downloads\Rakshak AI\ml\..\ml\..\data\dataset_runs\attack_038\doc_7.txt.encrypted,attack_038
2026-08-16T09:53:52Z,0.9412826986567128,0.9109731298188523,0.3855809851235908,0.0,0.7011198936259562,0.0,0.37461891375864803,0.801288947238786,0.014105197672834443,0.5448334351642108,0.5326615331422824,0.0,1,C:\Users\LOQ\Downloads\Rakshak AI\ml\..\ml\..\data\dataset_runs\attack_038\doc_8.txt.encrypted,attack_038
2026-08-16T09:53:46Z,0.9895582520900212,0.0571979104840595,0.20097392056616392,0.0,1.0,0.0,0.04774789260559932,0.9911895703712611,0.12451351042614453,0.0,0.4866947026387668,0.020464836255919973,1,C:\Users\LOQ\Downloads\Rakshak AI\ml\..\ml\..\data\dataset_runs\attack_039\doc_0.txt.encrypted,attack_039
2026-08-16T09:53:47Z,0.9754908154258586,0.1898566179173412,0.2225449172285072,0.0,1.0,0.01428528653181754,0.0,0.9982081462049117,0.0,0.09126878050226257,0.47702259571507616,0.0030029408927498774,1,C:\Users\LOQ\Downloads\Rakshak AI\ml\..\ml\..\data\dataset_runs\attack_039\doc_1.txt.encrypted,attack_039
2026-08-16T09:53:48Z,0.9854839221813664,0.30144911652605305,0.18645306325099492,0.0,0.9905421784818671,0.0025367192600869964,0.0007182740269112271,1.0,0.0,0.19510971632321203,0.4901297975065994,0.0,1,C:\Users\LOQ\Downloads\Rakshak AI\ml\..\ml\..\data\dataset_runs\attack_039\doc_2.txt.encrypted,attack_039
2026-08-16T09:53:49Z,0.9771100250645647,0.39438754664579084,0.22179175428727205,0.0,1.0,0.011676850347733405,0.009176269577858102,0.9992263332948108,0.0,0.19361066689312584,0.5228019153476762,0.013779330753122746,1,C:\Users\LOQ\Downloads\Rakshak AI\ml\..\ml\..\data\dataset_runs\attack_039\doc_3.txt.encrypted,attack_039
2026-08-16T09:53:49Z,0.9635661232468803,0.4812908147928207,0.18660669611984151,0.0,0.983557850068707,0.0,0.016084420345540223,0.9883397718411578,0.0,0.2962911122496443,0.48750265310207236,0.0,1,C:\Users\LOQ\Downloads\Rakshak AI\ml\..\ml\..\data\dataset_runs\attack_039\doc_4.txt.encrypted,attack_039
2026-08-16T09:53:46Z,0.9698744753860135,0.10042081200270332,0.19129043379220315,0.0,0.0,0.015780529681140017,1.0,1.0,0.14027600320174002,0.019081809914433333,0.48736192507555925,0.0,1,C:\Users\LOQ\Downloads\Rakshak AI\ml\..\ml\..\data\dataset_runs\attack_040\doc_0.txt,attack_040
2026-08-16T09:53:47Z,0.791044278434995,0.1834822077043686,0.15667705478552912,0.0,0.0,0.0,0.9728889891577192,0.5020539489312765,0.0,0.10539714136972847,0.38871873711705224,0.008198367729835124,1,C:\Users\LOQ\Downloads\Rakshak AI\ml\..\ml\..\data\dataset_runs\attack_040\doc_1.txt,attack_040
2026-08-16T09:53:48Z,0.9617220195010399,0.311616385039894,0.3799775140350699,0.0,0.3388580163371273,0.015979128184956778,0.6759309868175647,0.6520086600616721,0.016412157802017397,0.10613283380923454,0.5312814218114087,0.0,1,C:\Users\LOQ\Downloads\Rakshak AI\ml\..\ml\..\data\dataset_runs\attack_040\doc_2.txt.encrypted,attack_040
2026-08-16T09:53:49Z,0.7900855928418488,0.43953040133939986,0.37374421327879276,0.0,0.24048482351439893,0.0,0.7616959605674465,0.44507117177125244,0.028561616526038554,0.2566054021072757,0.43589469332639996,0.0,1,C:\Users\LOQ\Downloads\Rakshak AI\ml\..\ml\..\data\dataset_runs\attack_040\doc_3.txt,attack_040
2026-08-16T09:53:50Z,0.9586559647688863,0.5316281345993443,0.3963130022667095,0.0,0.413430905953506,0.0012755702927775227,0.5966477338483537,0.6288840151097287,0.0,0.2601818272764479,0.5229280776515683,0.01958725169936855,1,C:\Users\LOQ\Downloads\Rakshak AI\ml\..\ml\..\data\dataset_runs\attack_040\doc_4.txt.encrypted,attack_040
2026-08-16T09:53:51Z,1.0,0.5926842254747271,0.438867910848881,0.0,0.5495047534794736,0.0,0.4780168580028877,0.6497998845838056,0.001580271301717132,0.4242795655749478,0.5589573574758675,0.017556988167161145,1,C:\Users\LOQ\Downloads\Rakshak AI\ml\..\ml\..\data\dataset_runs\attack_040\doc_5.txt.encrypted,attack_040
2026-08-16T09:53:52Z,0.8002188715009745,0.7028416896824092,0.410149664793668,0.0,0.574166209707719,0.0,0.41112807514623945,0.5648496253645386,0.006242585287677246,0.5158465184722012,0.4530912498012231,0.02482791488567679,1,C:\Users\LOQ\Downloads\Rakshak AI\ml\..\ml\..\data\dataset_runs\attack_040\doc_6.txt.encrypted,attack_040
2026-08-16T09:53:52Z,0.9497224427751058,0.7991100226913161,0.3555296442226547,0.0,0.6327473585280655,0.016068620316777745,0.3884659772628476,0.5860451010959855,0.0,0.5067076962601006,0.5363629324698657,0.011841594536017139,1,C:\Users\LOQ\Downloads\Rakshak AI\ml\..\ml\..\data\dataset_runs\attack_040\doc_7.txt.encrypted,attack_040
2026-08-16T09:53:53Z,0.9953127642761116,0.9131779379846693,0.36732271485104945,0.0,0.6876563279351354,0.0,0.3365788434498171,0.6375726671374493,0.0,0.646659863268797,0.5324880369591025,0.0,1,C:\Users\LOQ\Downloads\Rakshak AI\ml\..\ml\..\data\dataset_runs\attack_040\doc_8.txt.encrypted,attack_040
2026-08-16T09:53:53Z,0.9813854035669192,1.0,0.43539644899457525,1.0,0.7120865914866813,0.0054853401365537215,0.3384522306252136,0.7254566407867962,0.013079946466952685,0.6424741379101541,0.5456653149436904,0.0,1,C:\Users\LOQ\Downloads\Rakshak AI\ml\..\ml\..\data\dataset_runs\attack_040\salary_2026.xlsx.encrypted,attack_040
2026-08-16T09:53:47Z,0.9762632484022494,0.1212971227844262,0.20371806814115231,0.0,0.9657126519892986,0.0,0.022155830301364983,0.9996743063266629,0.13890254330084878,0.019365985507137008,0.5056334371733257,0.0,1,C:\Users\LOQ\Downloads\Rakshak AI\ml\..\ml\..\data\dataset_runs\attack_041\doc_0.txt.encrypted,attack_041
2026-08-16T09:53:47Z,0.9818250360414453,0.17856734972001137,0.41278710157475257,0.0,0.4945873902390974,0.004242779905500523,0.5032805694265552,1.0,0.01777529953515556,0.07439231206942265,0.5038401331326127,0.0,1,C:\Users\LOQ\Downloads\Rakshak AI\ml\..\ml\..\data\dataset_runs\attack_041\doc_1.txt,attack_041
2026-08-16T09:53:48Z,0.9794564592108763,0.2922348635780945,0.43086302591968684,0.0,0.6478374411264142,0.01983023786338207,0.34393637746592975,1.0,0.0075910600678481925,0.12774236249527607,0.4831939219764588,0.01247618486882013,1,C:\Users\LOQ\Downloads\Rakshak AI\ml\..\ml\..\data\dataset_runs\attack_041\doc_2.txt.encrypted,attack_041
2026-08-16T09:53:49Z,1.0,0.376622612776365,0.36139659736061536,0.0,0.7706115259925943,0.0,0.28078132529781524,1.0,0.0,0.24080781080664623,0.5069569910425399,0.011321275660891686,1,C:\Users\LOQ\Downloads\Rakshak AI\ml\..\ml\..\data\dataset_runs\attack_041\doc_3.txt.encrypted,attack_041
2026-08-16T09:53:50Z,0.7960278262500452,0.4955240389350465,0.38384398163999417,0.0,0.7833152299090742,0.0,0.20681489863637897,0.8183301056287917,0.0,0.3244890199811041,0.40971372868184824,0.012618291029363092,1,C:\Users\LOQ\Downloads\Rakshak AI\ml\..\ml\..\data\dataset_runs\attack_041\doc_4.txt.encrypted,attack_041
2026-08-16T09:53:51Z,0.9762320624003462,0.6228619879754625,0.3678652223488428,0.0,0.851789310579317,0.00900874430502063,0.14610594911215624,0.8115370007613639,0.013181131192519442,0.391643847041323,0.5428649091066855,0.0038354299556825552,1,C:\Users\LOQ\Downloads\Rakshak AI\ml\..\ml\..\data\dataset_runs\attack_041\doc_5.txt.encrypted,attack_041
2026-08-16T09:53:47Z,0.9468602687308385,0.13789091745401982,0.19445222596180164,0.0,0.9851516675290857,0.0,0.0,0.9819046368551159,0.07894356912854077,0.012445332232586108,0.4846038440730096,0.0,1,C:\Users\LOQ\Downloads\Rakshak AI\ml\..\ml\..\data\dataset_runs\attack_042\doc_0.txt.encrypted,attack_042
2026-08-16T09:53:47Z,0.9599860467692033,0.1954638640650321,0.199328088049991,0.0,1.0,0.01528866343124592,0.011619036313272789,0.9942674038890071,0.0,0.08993575596069478,0.5056854827715297,0.0,1,C:\Users\LOQ\Downloads\Rakshak AI\ml\..\ml\..\data\dataset_runs\attack_042\doc_1.txt.encrypted,attack_042
2026-08-16T09:53:48Z,1.0,0.29164953134635824,0.3793051617223385,0.0,0.6331712841236757,0.00440015041473047,0.3473575533417627,1.0,0.0,0.16467885503400742,0.5206377699239298,0.0,1,C:\Users\LOQ\Downloads\Rakshak AI\ml\..\ml\..\data\dataset_runs\attack_042\doc_2.txt,attack_042
2026-08-16T09:53:49Z,0.7905342461216436,0.4586049126971859,0.41057952620925087,0.0,0.7592438462160962,0.020521691065099042,0.23459447456384752,0.7797688384011348,0.0,0.23708069768058862,0.3995148910795523,0.0,1,C:\Users\LOQ\Downloads\Rakshak AI\ml\..\ml\..\data\dataset_runs\attack_042\doc_3.txt.encrypted,attack_042
2026-08-16T09:53:50Z,0.9266991955845677,0.5012315656623696,0.4136038260661322,1.0,0.8112396456158638,0.0,0.1932458326922094,0.8207262889732341,0.04116380610073761,0.37095516072068274,0.5350383086572106,0.008569924451020696,1,C:\Users\LOQ\Downloads\Rakshak AI\ml\..\ml\..\data\dataset_runs\attack_042\salary_2026.xlsx.encrypted,attack_042
2026-08-16T09:53:47Z,0.968425696242721,0.07683080111930168,0.22951069438265775,0.0,1.0,0.010943680776088293,0.0,0.9826140537387155,0.05204445895205109,0.019415343888047904,0.4705797388878266,0.02194439958975265,1,C:\Users\LOQ\Downloads\Rakshak AI\ml\..\ml\..\data\dataset_runs\attack_043\doc_0.txt.encrypted,attack_043
2026-08-16T09:53:47Z,0.9727729941593191,0.1796864873136041,0.20479215839516615,0.0,1.0,0.003841065845721749,0.0,1.0,0.0,0.07940687019303659,0.5033439235066134,0.025625373175446595,1,C:\Users\LOQ\Downloads\Rakshak AI\ml\..\ml\..\data\dataset_runs\attack_043\doc_1.txt.encrypted,attack_043
2026-08-16T09:53:48Z,0.9773820978990051,0.3463259943638182,0.3906251968833727,0.0,0.6972888077905532,0.0,0.348161258338616,1.0,0.0,0.1699486360043243,0.46615552943985283,0.0,1,C:\Users\LOQ\Downloads\Rakshak AI\ml\..\ml\..\data\dataset_runs\attack_043\doc_2.txt,attack_043
2026-08-16T09:53:47Z,0.9786794841035852,0.12588243149325823,0.18543176904487313,0.0,0.981648953987206,0.011988617353935789,0.04803615422484666,0.9923344702338791,0.1023855445633959,0.014627731406118038,0.5021353993225954,0.008970742077631523,1,C:\Users\LOQ\Downloads\Rakshak AI\ml\..\ml\..\data\dataset_runs\attack_044\doc_0.txt.encrypted,attack_044
2026-08-16T09:53:48Z,0.9719803683693068,0.21825885687284857,0.3567877773502317,0.0,0.5156916413047585,0.014044021732653057,0.5243291236804872,1.0,0.0,0.12890458009226372,0.49762579868516826,0.012955005119797929,1,C:\Users\LOQ\Downloads\Rakshak AI\ml\..\ml\..\data\dataset_runs\attack_044\doc_1.txt,attack_044
2026-08-16T09:53:49Z,0.9934184162881168,0.3192167548204011,0.3782225912308234,0.0,0.6899119864539852,0.00986099991999734,0.32293975255103075,0.9784574929198403,0.0,0.22392657309259112,0.5139823305647657,0.0,1,C:\Users\LOQ\Downloads\Rakshak AI\ml\..\ml\..\data\dataset_runs\attack_044\doc_2.txt.encrypted,attack_044
2026-08-16T09:53:50Z,0.7738543273993841,0.40909604509831904,0.40591741716449525,0.0,0.7272775867082001,0.010257397669697554,0.22891640416841208,0.7327543669587584,0.0,0.3014878442112362,0.41844394799057427,0.020080074810439302,1,C:\Users\LOQ\Downloads\Rakshak AI\ml\..\ml\..\data\dataset_runs\attack_044\doc_3.txt.encrypted,attack_044
2026-08-16T09:53:51Z,0.976706708371267,0.4943876733818145,0.4022152422221608,0.0,0.8098737060801152,0.014847474916915897,0.17740876214630266,0.8135695921459543,0.0,0.42860764735514256,0.5412700386758148,0.0,1,C:\Users\LOQ\Downloads\Rakshak AI\ml\..\ml\..\data\dataset_runs\attack_044\doc_4.txt.encrypted,attack_044
2026-08-16T09:53:51Z,0.9715329741290077,0.5894493761534575,0.3979433008520314,0.0,0.7985561350853432,0.0,0.17133325621297135,0.8442673355163319,0.0,0.5008904619933668,0.531267329219851,0.006547714878865181,1,C:\Users\LOQ\Downloads\Rakshak AI\ml\..\ml\..\data\dataset_runs\attack_044\doc_5.txt.encrypted,attack_044
2026-08-16T09:53:52Z,0.9250079253663808,0.6823646917704628,0.36877018169291975,0.0,0.8726276637760789,0.02224186795039086,0.12388826330803437,0.8810475018157544,0.00638063753749044,0.584919370864073,0.5302573610076956,0.0,1,C:\Users\LOQ\Downloads\Rakshak AI\ml\..\ml\..\data\dataset_runs\attack_044\doc_6.txt.encrypted,attack_044
2026-08-16T09:53:53Z,0.9755937954361483,0.7832172731802773,0.39740446041595356,0.0,0.8528302246100173,0.020519222512150194,0.15245115429658668,0.8599073423890147,0.0,0.6774025645815899,0.5208822413717974,0.0,1,C:\Users\LOQ\Downloads\Rakshak AI\ml\..\ml\..\data\dataset_runs\attack_044\doc_7.txt.encrypted,attack_044
2026-08-16T09:53:54Z,0.9594961045389824,0.8813963800795617,0.4110318292904441,0.0,0.9125919160424717,0.0,0.1234356000250901,0.8923442377052482,0.0,0.7706908313516742,0.5325207736592734,0.03723489748252848,1,C:\Users\LOQ\Downloads\Rakshak AI\ml\..\ml\..\data\dataset_runs\attack_044\doc_8.txt.encrypted,attack_044
2026-08-16T09:53:55Z,0.9474531502910001,1.0,0.3762695707142638,0.0,0.8837469224431697,0.0,0.09549798239771584,0.88457832125061,0.02662891640174061,0.8323476767355802,0.5235084854155035,0.009730679894704018,1,C:\Users\LOQ\Downloads\Rakshak AI\ml\..\ml\..\data\dataset_runs\attack_044\doc_9.txt.encrypted,attack_044
2026-08-16T09:53:56Z,0.9669856610851468,0.9943847276617271,0.3722824207313986,1.0,0.9133112213302895,0.0,0.10499218713385668,0.9226700701371155,0.0,0.92858180795587,0.5193614772167195,0.0,1,C:\Users\LOQ\Downloads\Rakshak AI\ml\..\ml\..\data\dataset_runs\attack_044\salary_2026.xlsx.encrypted,attack_044
2026-08-16T09:53:47Z,0.7775818146332872,0.13029152039170822,0.23522803242048237,0.0,0.015843387942377236,0.0,1.0,0.0,0.15489417144210552,0.027376938926469075,0.48194814090071003,0.0,1,C:\Users\LOQ\Downloads\Rakshak AI\ml\..\ml\..\data\dataset_runs\attack_045\doc_0.txt,attack_045
2026-08-16T09:53:47Z,0.9409923310988195,0.16285301054889628,0.3933840741356767,0.0,0.5046025927626709,0.0,0.49597563756261137,0.4980099183256194,0.0,0.05332694148270344,0.5878971831412354,0.0408029343659279,1,C:\Users\LOQ\Downloads\Rakshak AI\ml\..\ml\..\data\dataset_runs\attack_045\doc_1.txt.encrypted,attack_045
2026-08-16T09:53:48Z,0.9770605797869834,0.3048027936138803,0.38867439313479685,0.0,0.6435508739262612,0.0062122809713893124,0.3619181484434535,0.6476718009592825,0.017584004798276445,0.11441124636472177,0.5615864107559478,0.0,1,C:\Users\LOQ\Downloads\Rakshak AI\ml\..\ml\..\data\dataset_runs\attack_045\doc_2.txt.encrypted,attack_045
2026-08-16T09:53:49Z,0.9808188257456438,0.4037718338992192,0.40639144214837125,0.0,0.751764967725408,0.0,0.21211041363233543,0.7445942708177629,0.0,0.23756048380228037,0.5406377762684618,0.0,1,C:\Users\LOQ\Downloads\Rakshak AI\ml\..\ml\..\data\dataset_runs\attack_045\doc_3.txt.encrypted,attack_045
2026-08-16T09:53:50Z,0.8307093826278462,0.4628431897570857,0.4067453868136026,0.0,0.5849434148390276,0.0027444400129476116,0.4126011812799468,0.5772809721589821,0.015954099290192827,0.29923661083861863,0.4632883013757846,0.0,1,C:\Users\LOQ\Downloads\Rakshak AI\ml\..\ml\..\data\dataset_runs\attack_045\doc_4.txt,attack_045
2026-08-16T09:53:51Z,1.0,0.5999179873688153,0.43471198714111287,0.0,0.5212916359386374,0.03957647831667904,0.5045410365471529,0.656643562293219,0.001983355280790197,0.38139901635254914,0.5197570870791057,0.0,1,C:\Users\LOQ\Downloads\Rakshak AI\ml\..\ml\..\data\dataset_runs\attack_045\doc_5.txt,attack_045
2026-08-16T09:53:52Z,0.9842694576438191,0.7012943819119266,0.40588093352885607,0.0,0.43216314237760406,0.0,0.5925734753874926,0.6955714657594898,0.0,0.5112631928691749,0.5365387497008685,0.0,1,C:\Users\LOQ\Downloads\Rakshak AI\ml\..\ml\..\data\dataset_runs\attack_045\doc_6.txt,attack_045
2026-08-16T09:53:52Z,0.9305989114253292,0.8218651694257785,0.38423550467210293,0.0,0.5175754169377914,0.0,0.5234650766243496,0.713221957003169,0.0,0.5637816906651923,0.5382155381503869,0.0,1,C:\Users\LOQ\Downloads\Rakshak AI\ml\..\ml\..\data\dataset_runs\attack_045\doc_7.txt.encrypted,attack_045
2026-08-16T09:53:53Z,0.95555270100903,0.8883615326056667,0.3993287608214894,0.0,0.5419849867957854,0.018849887462518363,0.4571580444939809,0.7600908233616241,0.012352049971547893,0.6511104873554392,0.5580843323277527,0.0,1,C:\Users\LOQ\Downloads\Rakshak AI\ml\..\ml\..\data\dataset_runs\attack_045\doc_8.txt.encrypted,attack_045
2026-08-16T09:53:47Z,1.0,0.12313484041640824,0.2158195867686184,0.0,0.97488905637484,0.0,0.0,0.9574239413333272,0.11855913900394303,0.0,0.48142931363500574,0.013157783007569899,1,C:\Users\LOQ\Downloads\Rakshak AI\ml\..\ml\..\data\dataset_runs\attack_046\doc_0.txt.encrypted,attack_046
2026-08-16T09:53:47Z,0.9876517100843365,0.1909427197547766,0.19393307219400416,0.0,1.0,0.019630638291135465,0.0,1.0,0.0065123445366014115,0.05271760706009165,0.45756629819976924,0.0,1,C:\Users\LOQ\Downloads\Rakshak AI\ml\..\ml\..\data\dataset_runs\attack_046\doc_1.txt.encrypted,attack_046
2026-08-16T09:53:48Z,0.9881111157189761,0.2854569636008587,0.17536993752015984,0.0,1.0,0.0,0.00634694106392312,0.9930726037553762,0.0,0.04749021972029915,0.511182000650838,0.012932632834464542,1,C:\Users\LOQ\Downloads\Rakshak AI\ml\..\ml\..\data\dataset_runs\attack_046\doc_2.txt.encrypted,attack_046
2026-08-16T09:53:49Z,0.9786703178102487,0.42014059628725814,0.21367562421642244,0.0,0.9698888075270239,0.0,0.0,1.0,0.0,0.2033902425388972,0.49220161379521643,0.0070881711277202145,1,C:\Users\LOQ\Downloads\Rakshak AI\ml\..\ml\..\data\dataset_runs\attack_046\doc_3.txt.encrypted,attack_046
2026-08-16T09:53:49Z,0.9782224464922579,0.5107896170259243,0.19791579971464812,0.0,0.9675393496988629,0.021137775614740045,0.0,0.9852306979501396,0.008374759557732646,0.21292712185399237,0.5099820390164739,0.013970192592172186,1,C:\Users\LOQ\Downloads\Rakshak AI\ml\..\ml\..\data\dataset_runs\attack_046\doc_4.txt.encrypted,attack_046
2026-08-16T09:53:50Z,0.9862984443651674,0.5843498689603638,0.16645335570257316,0.0,1.0,0.027307168571974887,0.0,1.0,0.02170015886717837,0.3096251126504098,0.49944048069550856,0.0017486024429246745,1,C:\Users\LOQ\Downloads\Rakshak AI\ml\..\ml\..\data\dataset_runs\attack_046\doc_5.txt.encrypted,attack_046
2026-08-16T09:53:51Z,0.9663932341661319,0.7036409039171461,0.20877511358434908,0.0,1.0,0.0,0.03759468307409074,0.9572798860423539,0.0,0.4457503031242472,0.5017516363722143,0.0,1,C:\Users\LOQ\Downloads\Rakshak AI\ml\..\ml\..\data\dataset_runs\attack_046\doc_6.txt.encrypted,attack_046
2026-08-16T09:53:52Z,0.9872424036263238,0.8117077311905068,0.18620062752950128,0.0,0.994058948925251,0.0,0.03581131437002926,1.0,0.0,0.5005978998308056,0.49034499191427755,0.0,1,C:\Users\LOQ\Downloads\Rakshak AI\ml\..\ml\..\data\dataset_runs\attack_046\doc_7.txt.encrypted,attack_046
2026-08-16T09:53:53Z,1.0,0.9213936695783609,0.39687590785140003,1.0,0.8584404692763217,0.028880777321068116,0.09952552164665751,1.0,0.0005168092968244498,0.6164076562056218,0.4736787093191721,0.0,1,C:\Users\LOQ\Downloads\Rakshak AI\ml\..\ml\..\data\dataset_runs\attack_046\salary_2026.xlsx,attack_046
2026-08-16T09:53:47Z,0.980872461678262,0.10232976480309289,0.23713490901197531,0.0,1.0,0.0,0.009311046841607759,0.9967880796598804,0.12525101089562216,0.0016183221959034117,0.4973221406461752,0.005669312310660884,1,C:\Users\LOQ\Downloads\Rakshak AI\ml\..\ml\..\data\dataset_runs\attack_047\doc_0.txt.encrypted,attack_047
2026-08-16T09:53:48Z,0.9758844964160162,0.21997142154451826,0.1674741613000603,0.0,1.0,0.0,0.0,1.0,0.0,0.06509586410563573,0.499792909881256,0.0020028696419237884,1,C:\Users\LOQ\Downloads\Rakshak AI\ml\..\ml\..\data\dataset_runs\attack_047\doc_1.txt.encrypted,attack_047
2026-08-16T09:53:49Z,0.9924757425409707,0.31962020436675437,0.2283687637375723,0.0,0.9978574887449448,0.0,0.0076848514393058455,0.984162083498319,0.022070928737679976,0.24717187813855163,0.486883997386619,0.012297512543071184,1,C:\Users\LOQ\Downloads\Rakshak AI\ml\..\ml\..\data\dataset_runs\attack_047\doc_2.txt.encrypted,attack_047
2026-08-16T09:53:49Z,0.8004318364798513,0.39360691146150806,0.38470384062681534,0.0,0.7077328398560393,0.0,0.2762006083827937,0.7887244091779596,0.0006997179756399535,0.2670022670168311,0.40312449075297047,0.0,1,C:\Users\LOQ\Downloads\Rakshak AI\ml\..\ml\..\data\dataset_runs\attack_047\doc_3.txt,attack_047
2026-08-16T09:53:50Z,0.9483924429946393,0.5148096587359532,0.425688451251739,0.0,0.6076043781886726,0.017224272932466693,0.39453980749513584,0.8192604491834491,0.009926292251403209,0.3681943139982429,0.5536595523623193,0.010886441916473685,1,C:\Users\LOQ\Downloads\Rakshak AI\ml\..\ml\..\data\dataset_runs\attack_047\doc_4.txt,attack_047
2026-08-16T09:53:50Z,0.9601830731369598,0.6068439816998179,0.40220524316980244,0.0,0.6718948144556827,3.990031811585667e-05,0.31233827037054024,0.8197358024638712,0.0,0.33484581781891604,0.5215556344359228,0.0,1,C:\Users\LOQ\Downloads\Rakshak AI\ml\..\ml\..\data\dataset_runs\attack_047\doc_5.txt.encrypted,attack_047
2026-08-16T09:53:51Z,0.9973005535998557,0.6966699165413277,0.4280659351604027,1.0,0.7118023384805879,0.0,0.27483535816881105,0.8448664176527977,0.006942759716633677,0.4329528178973239,0.49890492035551515,0.0,1,C:\Users\LOQ\Downloads\Rakshak AI\ml\..\ml\..\data\dataset_runs\attack_047\salary_2026.xlsx.encrypted,attack_047
2026-08-16T09:53:47Z,0.9886079228139055,0.09767936839975266,0.2033870651437331,0.0,0.9817396956173616,0.0,0.012928951918742482,0.9693903873965899,0.12003779076617635,0.00587275757586598,0.5281195315586207,0.014575832816821142,1,C:\Users\LOQ\Downloads\Rakshak AI\ml\..\ml\..\data\dataset_runs\attack_048\doc_0.txt.encrypted,attack_048
2026-08-16T09:53:47Z,0.9807399100808055,0.2170527405127749,0.21214577308861218,0.0,1.0,0.0,0.014574161872752208,0.9936034084171713,0.0,0.05300277389829522,0.4773410862572329,0.0,1,C:\Users\LOQ\Downloads\Rakshak AI\ml\..\ml\..\data\dataset_runs\attack_048\doc_1.txt.encrypted,attack_048
2026-08-16T09:53:48Z,0.9642724695957026,0.2875864961083083,0.18264763078035975,0.0,1.0,0.0,0.0245420977880854,0.9984079042254229,0.011639588274817819,0.10446912110344873,0.5039214607137451,0.0,1,C:\Users\LOQ\Downloads\Rakshak AI\ml\..\ml\..\data\dataset_runs\attack_048\doc_2.txt.encrypted,attack_048
2026-08-16T09:53:48Z,0.9512908215838924,0.3817131218551408,0.13560290478527792,0.0,0.9708889654740251,0.004795439222465343,0.0,0.9847560092499454,0.0,0.1628773042410918,0.48541878271345357,0.0,1,C:\Users\LOQ\Downloads\Rakshak AI\ml\..\ml\..\data\dataset_runs\attack_048\doc_3.txt.encrypted,attack_048
2026-08-16T09:53:49Z,1.0,0.4893214937047397,0.21394990418704668,0.0,1.0,0.0057774125214247254,0.0,0.9824943129022939,0.0,0.22336492844888595,0.5148830168670594,0.0,1,C:\Users\LOQ\Downloads\Rakshak AI\ml\..\ml\..\data\dataset_runs\attack_048\doc_4.txt.encrypted,attack_048
2026-08-16T09:53:50Z,0.9641744396548714,0.6342910533632978,0.17551440464246384,0.0,1.0,0.0037262735944373704,0.03231989202798135,1.0,0.0,0.3074242356699334,0.5147063117608764,0.0,1,C:\Users\LOQ\Downloads\Rakshak AI\ml\..\ml\..\data\dataset_runs\attack_048\doc_5.txt.encrypted,attack_048
2026-08-16T09:53:51Z,0.972166651528673,0.6761567950483628,0.18953412830780375,0.0,0.9985069773249198,0.013734562405281113,0.011703780534162633,0.9639479922144054,0.0046815664337340485,0.38888213246175196,0.5208421224293224,0.0,1,C:\Users\LOQ\Downloads\Rakshak AI\ml\..\ml\..\data\dataset_runs\attack_048\doc_6.txt.encrypted,attack_048
2026-08-16T09:53:47Z,0.9930250764761753,0.09441966524236248,0.1801838478348652,0.0,1.0,0.020800348755749338,0.035218121849610866,0.9821742846529048,0.07955972598693069,0.0,0.507249382374061,0.0337488173446807,1,C:\Users\LOQ\Downloads\Rakshak AI\ml\..\ml\..\data\dataset_runs\attack_049\doc_0.txt.encrypted,attack_049
2026-08-16T09:53:47Z,0.9474713219404551,0.21942942010610172,0.19244421166346848,0.0,1.0,0.0038903731454538277,0.0,0.9552150021629664,0.0,0.04492483640569796,0.5070432777787465,0.014429578390504266,1,C:\Users\LOQ\Downloads\Rakshak AI\ml\..\ml\..\data\dataset_runs\attack_049\doc_1.txt.encrypted,attack_049
2026-08-16T09:53:48Z,0.9709132766239537,0.29088229494845375,0.20801623625629836,0.0,1.0,0.0,0.04378968982058962,1.0,0.029376027931216186,0.1418936143148078,0.5061096617053548,0.0001343973466738451,1,C:\Users\LOQ\Downloads\Rakshak AI\ml\..\ml\..\data\dataset_runs\attack_049\doc_2.txt.encrypted,attack_049
2026-08-16T09:53:48Z,0.96461299268902,0.41365262703840877,0.1888334715542694,0.0,0.9932695524846125,0.0,0.0,0.9872314570579144,0.0,0.11495371411533167,0.4748383623856325,0.007164962611243299,1,C:\Users\LOQ\Downloads\Rakshak AI\ml\..\ml\..\data\dataset_runs\attack_049\doc_3.txt.encrypted,attack_049
2026-08-16T09:53:49Z,0.7740532511827352,0.46683497869284885,0.19431719110725515,0.0,0.9987931271584112,0.0,0.004200464513525234,0.7775504496320935,0.0,0.23328692501222342,0.43262842560932446,0.00187797667525602,1,C:\Users\LOQ\Downloads\Rakshak AI\ml\..\ml\..\data\dataset_runs\attack_049\doc_4.txt.encrypted,attack_049
2026-08-16T09:53:50Z,0.9560326675199052,0.639409746866999,0.39213304625102485,0.0,0.8308067797368857,0.0,0.19518862286916605,0.8264498859840551,0.032993496060447,0.30745806884119276,0.5367087726826194,0.0,1,C:\Users\LOQ\Downloads\Rakshak AI\ml\..\ml\..\data\dataset_runs\attack_049\doc_5.txt,attack_049
2026-08-16T09:53:50Z,0.9933848533529952,0.6893840156132167,0.4213617011523164,0.0,0.8708550812563942,0.028234436188605324,0.12751808659851957,0.8792680177358839,0.017400812716099258,0.3600247400258983,0.48026902081504586,0.0,1,C:\Users\LOQ\Downloads\Rakshak AI\ml\..\ml\..\data\dataset_runs\attack_049\doc_6.txt.encrypted,attack_049
2026-08-16T09:53:47Z,0.7562166502672221,0.10890757507074114,0.20417895912951678,0.0,0.9760113389506462,0.0031193676068879427,0.0,0.010715600182785435,0.15615798665099664,0.016958226195809226,0.5108225447958101,0.0,1,C:\Users\LOQ\Downloads\Rakshak AI\ml\..\ml\..\data\dataset_runs\attack_050\doc_0.txt.encrypted,attack_050
2026-08-16T09:53:48Z,0.969566848044953,0.21287438532007785,0.1932107612417612,0.0,0.9714783348373883,0.0,0.0,0.49847471204075106,0.0005086303934997292,0.09147712841985653,0.5657082684306312,0.021743348291586414,1,C:\Users\LOQ\Downloads\Rakshak AI\ml\..\ml\..\data\dataset_runs\attack_050\doc_1.txt.encrypted,attack_050
2026-08-16T09:53:48Z,0.9506196615455321,0.29448140334401973,0.18369322308504926,0.0,0.9526381787675716,0.024532872926904578,0.01350810639522487,0.6530228308669525,0.0,0.18261134294343426,0.5833047526401262,0.0,1,C:\Users\LOQ\Downloads\Rakshak AI\ml\..\ml\..\data\dataset_runs\attack_050\doc_2.txt.encrypted,attack_050
2026-08-16T09:53:49Z,0.9656919664382807,0.3753493832137537,0.19970073017978077,0.0,0.9850941939607787,0.0,0.004976949257446704,0.7522632566051944,0.00904941747187836,0.2657359562421004,0.55204938974059,0.0,1,C:\Users\LOQ\Downloads\Rakshak AI\ml\..\ml\..\data\dataset_runs\attack_050\doc_3.txt.encrypted,attack_050
2026-08-16T09:53:50Z,0.9886059924423298,0.5083504961280156,0.2166288052573034,0.0,0.9763095996128351,0.0,0.0,0.7815692496562062,0.0,0.3298178947787475,0.5505100973813141,0.0009705819425145088,1,C:\Users\LOQ\Downloads\Rakshak AI\ml\..\ml\..\data\dataset_runs\attack_050\doc_4.txt.encrypted,attack_050
2026-08-16T09:53:50Z,0.9752689722733702,0.5980183666773855,0.19769336230547357,0.0,1.0,0.0,0.0045787952488905905,0.8058204633726237,0.022141577169937525,0.346665856722009,0.48134889823286886,0.01157841168442312,1,C:\Users\LOQ\Downloads\Rakshak AI\ml\..\ml\..\data\dataset_runs\attack_050\doc_5.txt.encrypted,attack_050
2026-08-16T09:53:51Z,0.9395559033203057,0.716859016476461,0.361727942297777,0.0,0.8837662251822617,0.0,0.16431458864403703,0.8162771700086195,0.00077268480062749,0.44807071941191173,0.4954123304605123,0.014630913138417473,1,C:\Users\LOQ\Downloads\Rakshak AI\ml\..\ml\..\data\dataset_runs\attack_050\doc_6.txt,attack_050
2026-08-16T09:53:52Z,0.9971724672266177,0.7918337346087585,0.3695252282851762,0.0,0.8433216278606619,0.001493805340463661,0.12849470157002046,0.8893563345918717,0.0,0.5188128324655403,0.4669236307890631,0.0360483495764152,1,C:\Users\LOQ\Downloads\Rakshak AI\ml\..\ml\..\data\dataset_runs\attack_050\doc_7.txt.encrypted,attack_050
2026-08-16T09:53:53Z,1.0,0.8938840048288289,0.39925117593371506,0.0,0.7675759114955758,0.0,0.23410804635323842,0.8827211305995621,0.0014811797712622457,0.5971525371041153,0.5261125876898926,0.0,1,C:\Users\LOQ\Downloads\Rakshak AI\ml\..\ml\..\data\dataset_runs\attack_050\doc_8.txt,attack_050
2026-08-16T09:53:54Z,0.9914150955739972,0.9950195022199715,0.40003152433620826,0.0,0.7762268529496811,0.0008009376089166702,0.24101271332600802,0.8880388098602539,0.0,0.6742078360165481,0.5259085211581707,0.0014949084923652099,1,C:\Users\LOQ\Downloads\Rakshak AI\ml\..\ml\..\data\dataset_runs\attack_050\doc_9.txt.encrypted,attack_050
2026-08-16T09:53:47Z,0.9601618674776017,0.08211853590975672,0.2074671266516074,0.0,0.9744314234321422,0.0,0.0,0.9909349648621537,0.08115563155801477,0.011542413336049554,0.4809435308806854,0.002231420425578889,1,C:\Users\LOQ\Downloads\Rakshak AI\ml\..\ml\..\data\dataset_runs\attack_051\doc_0.txt.encrypted,attack_051
2026-08-16T09:53:47Z,0.9722048264912138,0.18878082484361972,0.1921221836632927,0.0,1.0,0.0,0.0,1.0,0.0,0.0,0.48750484716626313,0.018626064050225974,1,C:\Users\LOQ\Downloads\Rakshak AI\ml\..\ml\..\data\dataset_runs\attack_051\doc_1.txt.encrypted,attack_051
2026-08-16T09:53:48Z,0.7899239374926663,0.31112015531478504,0.41531175604836834,0.0,0.6786473372205909,0.0066747400759583275,0.33772795107017356,0.6409599388189194,0.0,0.10986860999261117,0.3944933244798714,0.0,1,C:\Users\LOQ\Downloads\Rakshak AI\ml\..\ml\..\data\dataset_runs\attack_051\doc_2.txt,attack_051
2026-08-16T09:53:49Z,0.9929642437514205,0.45135283598447457,0.35896549770529834,0.0,0.7502823791822194,0.0,0.25619976014861334,0.7401834528763453,0.006189515805271578,0.19897605039386096,0.5044056165134994,0.0010836280512990738,1,C:\Users\LOQ\Downloads\Rakshak AI\ml\..\ml\..\data\dataset_runs\attack_051\doc_3.txt.encrypted,attack_051
2026-08-16T09:53:50Z,0.7594119171887432,0.4928819023329382,0.43363074710121086,0.0,0.8001614152425887,0.002644249348390984,0.19041353428287427,0.5904431832193251,0.0,0.2848987971529345,0.4415455657385292,0.017636803551058674,1,C:\Users\LOQ\Downloads\Rakshak AI\ml\..\ml\..\data\dataset_runs\attack_051\doc_4.txt.encrypted,attack_051
2026-08-16T09:53:50Z,0.9714475415106542,0.6064477038036882,0.4025145032007245,0.0,0.8549224686249809,0.032018868797326745,0.18727764731863786,0.645717518846867,0.00038512508639128003,0.31929931334228134,0.5712345050471578,0.007446323966225605,1,C:\Users\LOQ\Downloads\Rakshak AI\ml\..\ml\..\data\dataset_runs\attack_051\doc_5.txt.encrypted,attack_051
2026-08-16T09:53:51Z,0.9977027216694687,0.6945300745221119,0.42590169098491654,0.0,0.8324050270616075,0.01217028897025703,0.1464976110183866,0.73830164575618,0.0,0.4062212928631288,0.5665718399336382,0.0,1,C:\Users\LOQ\Downloads\Rakshak AI\ml\..\ml\..\data\dataset_runs\attack_051\doc_6.txt.encrypted,attack_051
2026-08-16T09:53:52Z,0.9373726457343472,0.8448202901487794,0.4005934480097342,0.0,0.8528832254970846,0.0,0.12331760160140762,0.7304148139507982,0.0,0.46450552838313136,0.5301409851937742,0.0,1,C:\Users\LOQ\Downloads\Rakshak AI\ml\..\ml\..\data\dataset_runs\attack_051\doc_7.txt.encrypted,attack_051
2026-08-16T09:53:52Z,0.9800077878071703,0.9203198894618412,0.4132832480052485,0.0,0.8871896337145019,0.0,0.12100407624684745,0.7983473917143815,0.001717593039520461,0.5151969115362413,0.5177966604203755,0.025916083974756438,1,C:\Users\LOQ\Downloads\Rakshak AI\ml\..\ml\..\data\dataset_runs\attack_051\doc_8.txt.encrypted,attack_051
2026-08-16T09:53:52Z,0.7504057339249032,1.0,0.39726178660321315,0.0,0.8046828312751095,0.005667362127536254,0.19203269675315748,0.6723097510591499,0.0,0.5501196533352114,0.39628298695804964,0.004552856512835063,1,C:\Users\LOQ\Downloads\Rakshak AI\ml\..\ml\..\data\dataset_runs\attack_051\doc_9.txt,attack_051
2026-08-16T09:53:47Z,0.9726114719222225,0.13944793766652352,0.20608064812476706,0.0,0.9962452851260686,0.0,0.0,0.9620010781297125,0.14062236155349148,0.020214965425071844,0.5213215628100683,0.0,1,C:\Users\LOQ\Downloads\Rakshak AI\ml\..\ml\..\data\dataset_runs\attack_052\doc_0.txt.encrypted,attack_052
2026-08-16T09:53:48Z,1.0,0.19102474836201658,0.19220286933891584,0.0,0.9755678909616947,0.0058975485338334166,0.004774743246345189,0.9899712307008972,0.010599911395896548,0.10749032780949926,0.5106830500266287,0.006041160076139083,1,C:\Users\LOQ\Downloads\Rakshak AI\ml\..\ml\..\data\dataset_runs\attack_052\doc_1.txt.encrypted,attack_052
2026-08-16T09:53:49Z,0.9958584071134414,0.28995226152040005,0.19442519612716266,0.0,1.0,0.02147616836889686,0.024544484200902113,0.9750918071350196,0.030094833066781995,0.20702784636772628,0.5222137781653923,0.007235760087060076,1,C:\Users\LOQ\Downloads\Rakshak AI\ml\..\ml\..\data\dataset_runs\attack_052\doc_2.txt.encrypted,attack_052
2026-08-16T09:53:50Z,0.7664559896074319,0.4081285358066838,0.1782786325587927,0.0,0.9783865826001581,0.008549207609489228,0.016026061490615952,0.7204764293697322,0.038185009288817885,0.3182471550842851,0.4312685240305319,0.0,1,C:\Users\LOQ\Downloads\Rakshak AI\ml\..\ml\..\data\dataset_runs\attack_052\doc_3.txt.encrypted,attack_052
2026-08-16T09:53:51Z,0.8066696737568617,0.5105933550533641,0.1863873161109645,0.0,1.0,0.006436307931534117,0.005275485125417214,0.63278342654127,0.028723565633360832,0.4281377027046264,0.40655435611286794,0.031590354804337396,1,C:\Users\LOQ\Downloads\Rakshak AI\ml\..\ml\..\data\dataset_runs\attack_052\doc_4.txt.encrypted,attack_052
2026-08-16T09:53:52Z,1.0,0.6020266781170629,0.1946295289156414,0.0,0.9926995811538235,0.0,0.0,0.6680432241642057,0.0,0.5184776075450886,0.5354550055214334,0.0,1,C:\Users\LOQ\Downloads\Rakshak AI\ml\..\ml\..\data\dataset_runs\attack_052\doc_5.txt.encrypted,attack_052
2026-08-16T09:53:52Z,0.9468388525584193,0.7029282609059433,0.39911813858636713,0.0,0.8872396112066594,0.011903377283260573,0.15207979657471876,0.7181254789423277,0.034515475103287264,0.5847651834758343,0.5296616061988634,0.012321344309547318,1,C:\Users\LOQ\Downloads\Rakshak AI\ml\..\ml\..\data\dataset_runs\attack_052\doc_6.txt,attack_052
2026-08-16T09:53:53Z,0.969193977630692,0.7578874330022841,0.4195947783232627,0.0,0.8820690315031997,0.0,0.13579906716698303,0.7308470706460208,0.011607112525172646,0.570960985528418,0.5487906599751815,0.013048044351687793,1,C:\Users\LOQ\Downloads\Rakshak AI\ml\..\ml\..\data\dataset_runs\attack_052\doc_7.txt.encrypted,attack_052
2026-08-16T09:53:53Z,0.9705161335125981,0.8571220216540316,0.4038620992032871,0.0,0.9281667966838094,0.0,0.08781128236052205,0.8081142624859688,0.0,0.6639515695992495,0.5424218679237347,0.008355982505102383,1,C:\Users\LOQ\Downloads\Rakshak AI\ml\..\ml\..\data\dataset_runs\attack_052\doc_8.txt.encrypted,attack_052
2026-08-16T09:53:47Z,0.9754277267724762,0.05858431914749595,0.20293299451557256,0.0,1.0,0.0,0.0,0.9837890929464748,0.07187167985809621,0.0,0.49085240794922896,0.0,1,C:\Users\LOQ\Downloads\Rakshak AI\ml\..\ml\..\data\dataset_runs\attack_053\doc_0.txt.encrypted,attack_053
2026-08-16T09:53:48Z,0.8045017055707241,0.18313976898446324,0.3628664572455031,0.0,0.5007320387675527,0.0,0.4901679095310419,0.5001046261420274,0.0,0.0885841864220883,0.37759283810743294,0.023896431293506507,1,C:\Users\LOQ\Downloads\Rakshak AI\ml\..\ml\..\data\dataset_runs\attack_053\doc_1.txt,attack_053
2026-08-16T09:53:48Z,0.9886805881849394,0.3054168660873773,0.4141076666227773,0.0,0.6426716198658897,0.0,0.33203290804964847,0.6560420346881478,0.021880754522593544,0.13039802395316924,0.5308726676438924,0.0,1,C:\Users\LOQ\Downloads\Rakshak AI\ml\..\ml\..\data\dataset_runs\attack_053\doc_2.txt.encrypted,attack_053
2026-08-16T09:53:49Z,0.7806103190357189,0.36362065664233695,0.3951157673413572,0.0,0.5202904212121032,0.0,0.5011417885072784,0.4814672867657681,0.022235252854520455,0.18536049411333957,0.40889340882001274,0.03378221013758184,1,C:\Users\LOQ\Downloads\Rakshak AI\ml\..\ml\..\data\dataset_runs\attack_053\doc_3.txt,attack_053
2026-08-16T09:53:50Z,0.9932475705494892,0.5422714959859296,0.4172656515225655,0.0,0.6260657607222483,0.02031095452165597,0.4350366968989402,0.6245961977814538,0.016716401689379868,0.3212231438366997,0.5748719165873891,0.015181465687603184,1,C:\Users\LOQ\Downloads\Rakshak AI\ml\..\ml\..\data\dataset_runs\attack_053\doc_4.txt.encrypted,attack_053
2026-08-16T09:53:50Z,0.9685767636319497,0.5908923249763957,0.40826318433711395,0.0,0.6725123385079008,0.0,0.3271464819841858,0.6579319829051488,0.0,0.3312949558631256,0.5816105738098478,0.03534723565948765,1,C:\Users\LOQ\Downloads\Rakshak AI\ml\..\ml\..\data\dataset_runs\attack_053\doc_5.txt.encrypted,attack_053
2026-08-16T09:53:51Z,0.9666162163654812,0.7179381055770923,0.39203394076507897,0.0,0.7110710028231841,0.010244360158311119,0.29393031858516,0.7035970182514529,0.036001365617066454,0.43558619037375673,0.5406829985627513,0.005780252731054222,1,C:\Users\LOQ\Downloads\Rakshak AI\ml\..\ml\..\data\dataset_runs\attack_053\doc_6.txt.encrypted,attack_053
2026-08-16T09:53:52Z,0.9396814881562845,0.8162983929401125,0.39297184343148844,0.0,0.7404894683544158,0.0,0.24276969545249982,0.7496059257921126,0.0,0.5068392445353016,0.5374140757285422,0.0,1,C:\Users\LOQ\Downloads\Rakshak AI\ml\..\ml\..\data\dataset_runs\attack_053\doc_7.txt.encrypted,attack_053
2026-08-16T09:53:53Z,0.9466620858637154,0.8878142409068536,0.3945870842389214,0.0,0.7766435612777736,0.0,0.2099594308409724,0.7791711199264393,0.0,0.6612121860180518,0.552749255264396,0.0,1,C:\Users\LOQ\Downloads\Rakshak AI\ml\..\ml\..\data\dataset_runs\attack_053\doc_8.txt.encrypted,attack_053
2026-08-16T09:53:54Z,0.9610165221175876,1.0,0.37217625046229547,1.0,0.8487582605336795,0.04356331289201098,0.21668893906360137,0.7877850376803867,0.0061378313061031115,0.6726346024813983,0.5196338831402671,0.0,1,C:\Users\LOQ\Downloads\Rakshak AI\ml\..\ml\..\data\dataset_runs\attack_053\salary_2026.xlsx.encrypted,attack_053
2026-08-16T09:53:47Z,0.9797914938937992,0.10011273362423359,0.22327010310589424,0.0,0.993479228066285,0.019842135709216918,0.0054553758499599715,1.0,0.09475940779849525,0.0,0.5367359492337184,0.0,1,C:\Users\LOQ\Downloads\Rakshak AI\ml\..\ml\..\data\dataset_runs\attack_054\doc_0.txt.encrypted,attack_054
2026-08-16T09:53:48Z,0.7732772385689082,0.21563219914787146,0.18787783574006042,0.0,1.0,0.0,0.0,0.5028769647393353,0.0,0.08245313948458623,0.42115183563006076,0.005176909558822605,1,C:\Users\LOQ\Downloads\Rakshak AI\ml\..\ml\..\data\dataset_runs\attack_054\doc_1.txt.encrypted,attack_054
2026-08-16T09:53:48Z,0.8029329364302649,0.2713111778272444,0.17283291799612743,0.0,1.0,0.0,0.0033166622692827707,0.2861642730538233,0.021107077963220727,0.07673224423139242,0.45313237535254525,0.009787512451400459,1,C:\Users\LOQ\Downloads\Rakshak AI\ml\..\ml\..\data\dataset_runs\attack_054\doc_2.txt.encrypted,attack_054
2026-08-16T09:53:48Z,0.788189362914937,0.4222871004848232,0.15234552216951286,0.0,1.0,0.006042375007489439,0.0,0.28054901712049607,0.01240821081270677,0.12295407505308256,0.434024796812756,0.05009933064206714,1,C:\Users\LOQ\Downloads\Rakshak AI\ml\..\ml\..\data\dataset_runs\attack_054\doc_3.txt.encrypted,attack_054
2026-08-16T09:53:49Z,0.9861724634117233,0.49510751542178566,0.19859586870149298,0.0,1.0,0.01636587740786285,0.0,0.4325118097112682,0.022984431694441098,0.1965888662784951,0.5625226240318676,0.007696350447573682,1,C:\Users\LOQ\Downloads\Rakshak AI\ml\..\ml\..\data\dataset_runs\attack_054\doc_4.txt.encrypted,attack_054
2026-08-16T09:53:49Z,0.945627411339419,0.5764890049044172,0.19967047745012156,0.0,0.9883303103966876,0.018753442587439367,0.0,0.484181349845565,0.028442166134152357,0.22577537017341257,0.5481612538074192,0.002708951329244702,1,C:\Users\LOQ\Downloads\Rakshak AI\ml\..\ml\..\data\dataset_runs\attack_054\doc_5.txt.encrypted,attack_054
2026-08-16T09:53:50Z,0.7823120613650598,0.693151968928607,0.39407207432564995,0.0,0.8865029968581173,0.0,0.13030252707388784,0.43447119285297364,0.0,0.3234566499662457,0.4593635950750297,0.021418166441673506,1,C:\Users\LOQ\Downloads\Rakshak AI\ml\..\ml\..\data\dataset_runs\attack_054\doc_6.txt,attack_054
2026-08-16T09:53:51Z,0.9744324048984884,0.7605997803833476,0.39917744872482586,0.0,0.8698038340767257,0.0,0.11052285523764865,0.4824156518833379,0.0,0.37102263933935853,0.5098890200204761,0.0,1,C:\Users\LOQ\Downloads\Rakshak AI\ml\..\ml\..\data\dataset_runs\attack_054\doc_7.txt.encrypted,attack_054
2026-08-16T09:53:52Z,0.993068449981211,0.8991319825240189,0.41132108261558104,0.0,0.8963943209992573,0.014201781258530928,0.15389689310339574,0.5230751536165311,0.0014703583117702424,0.4585294262985913,0.5492961863525926,0.0,1,C:\Users\LOQ\Downloads\Rakshak AI\ml\..\ml\..\data\dataset_runs\attack_054\doc_8.txt.encrypted,attack_054
2026-08-16T09:53:53Z,0.7743733929267907,0.9956081470933872,0.4183448394735419,0.0,0.8885708467534754,0.0,0.10238640021420514,0.5053491855565779,0.0,0.5154309286154442,0.45296007910559394,0.0,1,C:\Users\LOQ\Downloads\Rakshak AI\ml\..\ml\..\data\dataset_runs\attack_054\doc_9.txt.encrypted,attack_054
2026-08-16T09:53:53Z,0.9600422396300476,1.0,0.42261425797706514,1.0,0.8926383702496944,0.007100938727646491,0.09331888020037146,0.5487464148146,0.021561366194654097,0.5811101551074995,0.572637844072945,0.0,1,C:\Users\LOQ\Downloads\Rakshak AI\ml\..\ml\..\data\dataset_runs\attack_054\salary_2026.xlsx.encrypted,attack_054
2026-08-16T09:53:47Z,0.7975656617856779,0.13106411276767996,0.1975139743942611,0.0,0.028519294835338257,0.0,1.0,0.057379099607371156,0.11596378120395581,0.0,0.4849301262950472,0.0,1,C:\Users\LOQ\Downloads\Rakshak AI\ml\..\ml\..\data\dataset_runs\attack_055\doc_0.txt,attack_055
2026-08-16T09:53:48Z,0.988790246607325,0.1651057234798285,0.39074297417535164,0.0,0.4949204954811966,0.0,0.48494983191773183,0.5248155791107945,0.003243982264461712,0.11780915902669145,0.5985212512290067,0.0,1,C:\Users\LOQ\Downloads\Rakshak AI\ml\..\ml\..\data\dataset_runs\attack_055\doc_1.txt.encrypted,attack_055
2026-08-16T09:53:49Z,0.9709601851671313,0.3015279247128914,0.40971651690709593,0.0,0.6775229626299267,0.0,0.3357830365697024,0.6642403442002108,0.0,0.16231140250578455,0.547476415663826,0.0031563092311265735,1,C:\Users\LOQ\Downloads\Rakshak AI\ml\..\ml\..\data\dataset_runs\attack_055\doc_2.txt.encrypted,attack_055
2026-08-16T09:53:50Z,0.9741433800577934,0.3903045938766565,0.42044527756686334,0.0,0.7663666723491789,0.01451386308469786,0.25583127100288633,0.701032122234223,0.010564837128377495,0.26981831632597963,0.49692569209144016,0.0,1,C:\Users\LOQ\Downloads\Rakshak AI\ml\..\ml\..\data\dataset_runs\attack_055\doc_3.txt.encrypted,attack_055
2026-08-16T09:53:51Z,0.9653616383211371,0.5199176078957629,0.3827500227407872,1.0,0.8238382998216318,0.0,0.21237639508690595,0.7919876977138094,0.0,0.3805417787033961,0.5643942608995531,0.01449185649692259,1,C:\Users\LOQ\Downloads\Rakshak AI\ml\..\ml\..\data\dataset_runs\attack_055\salary_2026.xlsx.encrypted,attack_055
2026-08-16T09:53:47Z,0.9465380452958023,0.10846403043396517,0.23051487248856864,0.0,1.0,0.005407636862033957,0.0,1.0,0.12184799220691883,0.024145607123498784,0.5218653462214106,0.0,1,C:\Users\LOQ\Downloads\Rakshak AI\ml\..\ml\..\data\dataset_runs\attack_056\doc_0.txt.encrypted,attack_056
2026-08-16T09:53:48Z,0.9763356623473275,0.19646134061107595,0.19784895918011322,0.0,0.9988240812154452,0.016358216485208438,0.0036152119883863356,1.0,0.0,0.0167978726702109,0.5131743527040801,0.0,1,C:\Users\LOQ\Downloads\Rakshak AI\ml\..\ml\..\data\dataset_runs\attack_056\doc_1.txt.encrypted,attack_056
2026-08-16T09:53:48Z,0.9763232155163208,0.2946767907777978,0.17836155760571185,0.0,1.0,0.02391420334851465,0.0,1.0,0.0,0.0910795467241457,0.4981361462439436,0.0,1,C:\Users\LOQ\Downloads\Rakshak AI\ml\..\ml\..\data\dataset_runs\attack_056\doc_2.txt.encrypted,attack_056
2026-08-16T09:53:48Z,0.9908684301128449,0.39537494706768084,0.1825781362690109,0.0,1.0,0.02376753460817376,0.010291543521642679,1.0,0.016211432719004843,0.15134383512603586,0.5044500834091387,0.0,1,C:\Users\LOQ\Downloads\Rakshak AI\ml\..\ml\..\data\dataset_runs\attack_056\doc_3.txt.encrypted,attack_056
2026-08-16T09:53:50Z,0.9694602687036226,0.4999441096378417,0.3812204090247908,0.0,0.8005919180398766,0.036090705334078474,0.20565944072667555,0.9763863968494273,0.022976827283952943,0.2515512064451333,0.5219959107988029,0.0,1,C:\Users\LOQ\Downloads\Rakshak AI\ml\..\ml\..\data\dataset_runs\attack_056\doc_4.txt,attack_056
2026-08-16T09:53:50Z,0.9875118481702806,0.5926850457555083,0.38180675018141347,1.0,0.8307657449410795,0.005406424834684068,0.16939803584825128,1.0,0.0,0.26455849081798105,0.469082653995425,0.0,1,C:\Users\LOQ\Downloads\Rakshak AI\ml\..\ml\..\data\dataset_runs\attack_056\salary_2026.xlsx.encrypted,attack_056
2026-08-16T09:53:47Z,0.9840316364773528,0.12041289520798139,0.21962124774684397,0.0,1.0,0.037503906955414966,0.0,0.9893433949902811,0.11335891187565783,0.0062917775401537274,0.5196440924199791,0.0,1,C:\Users\LOQ\Downloads\Rakshak AI\ml\..\ml\..\data\dataset_runs\attack_057\doc_0.txt.encrypted,attack_057
2026-08-16T09:53:48Z,1.0,0.20731613705290508,0.3825847847752868,0.0,0.4773862571356897,0.0,0.4885598924731867,0.9888746624983975,0.026769869768257678,0.045029987477895037,0.5131015145737327,0.0,1,C:\Users\LOQ\Downloads\Rakshak AI\ml\..\ml\..\data\dataset_runs\attack_057\doc_1.txt,attack_057
2026-08-16T09:53:48Z,0.975977281162023,0.2919144578701255,0.40301704416876555,0.0,0.647436864668223,0.002694582553846083,0.3317927564501301,0.9820915574845305,0.0,0.1864181903024777,0.5345612696523891,0.01426785700622579,1,C:\Users\LOQ\Downloads\Rakshak AI\ml\..\ml\..\data\dataset_runs\attack_057\doc_2.txt.encrypted,attack_057
2026-08-16T09:53:47Z,0.9605716507453632,0.1170591222367056,0.21646241302328828,0.0,1.0,0.004679324560081343,0.0,0.9998775687140256,0.0881471659604461,0.0,0.49618992308523363,0.012722358029922455,1,C:\Users\LOQ\Downloads\Rakshak AI\ml\..\ml\..\data\dataset_runs\attack_058\doc_0.txt.encrypted,attack_058
2026-08-16T09:53:48Z,0.9702551353585803,0.2139312055485117,0.17035841543549857,0.0,0.9901266472604906,0.02254458918969589,0.0,0.9869255748831125,0.0,0.09097948423590779,0.47473086498393735,0.0,1,C:\Users\LOQ\Downloads\Rakshak AI\ml\..\ml\..\data\dataset_runs\attack_058\doc_1.txt.encrypted,attack_058
2026-08-16T09:53:48Z,0.9995168718703432,0.2741096492060626,0.1791484154893239,0.0,1.0,0.015298259220147149,0.0,0.9910209715414776,0.0,0.12817438495213235,0.53123149304141,0.0,1,C:\Users\LOQ\Downloads\Rakshak AI\ml\..\ml\..\data\dataset_runs\attack_058\doc_2.txt.encrypted,attack_058
2026-08-16T09:53:50Z,0.9941746633887404,0.4296789032890904,0.1812553902162624,0.0,0.9995553068614732,0.0019968063837056352,0.011547274390757563,1.0,0.0027744435593125235,0.2561925799657764,0.5055579290606523,0.0,1,C:\Users\LOQ\Downloads\Rakshak AI\ml\..\ml\..\data\dataset_runs\attack_058\doc_3.txt.encrypted,attack_058
2026-08-16T09:53:50Z,0.9806870221531696,0.49453838387754556,0.21879111260277803,0.0,1.0,0.010938563779426118,0.0,0.9782554003384036,0.002275614758673405,0.2901159162036218,0.5025345270135678,0.0,1,C:\Users\LOQ\Downloads\Rakshak AI\ml\..\ml\..\data\dataset_runs\attack_058\doc_4.txt.encrypted,attack_058
2026-08-16T09:53:51Z,0.989235160480315,0.6056351475416805,0.3461849763885379,0.0,0.8457007845519191,0.0036022242410201646,0.15475313692857542,0.996069793383907,0.0,0.4463339747835672,0.5056434292203892,0.0,1,C:\Users\LOQ\Downloads\Rakshak AI\ml\..\ml\..\data\dataset_runs\attack_058\doc_5.txt,attack_058
2026-08-16T09:53:47Z,0.7909834544263264,0.12659612557100725,0.19077040927845432,0.0,0.9906038383805807,0.0,0.004655412655682068,0.0,0.13338820758660389,0.0,0.5273592054560955,0.016963723962570957,1,C:\Users\LOQ\Downloads\Rakshak AI\ml\..\ml\..\data\dataset_runs\attack_059\doc_0.txt.encrypted,attack_059
2026-08-16T09:53:48Z,0.9739740228415236,0.23945082716974309,0.20204986138975375,0.0,1.0,0.004764783725318491,0.0,0.4916466418551331,0.0,0.05050816078789201,0.6081955886419866,0.0,1,C:\Users\LOQ\Downloads\Rakshak AI\ml\..\ml\..\data\dataset_runs\attack_059\doc_1.txt.encrypted,attack_059
2026-08-16T09:53:49Z,0.7861607595543267,0.3165904123305484,0.4106144738027332,0.0,0.6622962467644856,0.007084512673358814,0.32750595654001713,0.347373770760539,0.019053632825872874,0.12906440363137936,0.45881877627070755,0.0,1,C:\Users\LOQ\Downloads\Rakshak AI\ml\..\ml\..\data\dataset_runs\attack_059\doc_2.txt,attack_059
2026-08-16T09:53:49Z,0.9738712783895075,0.3653893998189625,0.41100901642703264,0.0,0.7268097943141594,0.02327977062719766,0.24718356589977292,0.5299612672630664,0.010860317440644116,0.1531546105449969,0.5702972126981783,0.0,1,C:\Users\LOQ\Downloads\Rakshak AI\ml\..\ml\..\data\dataset_runs\attack_059\doc_3.txt.encrypted,attack_059
2026-08-16T09:53:50Z,0.9637346421873039,0.46180765304900107,0.42616603550264054,0.0,0.808697728722391,0.0,0.17046874684953603,0.6115848338514978,0.0,0.29844764119462425,0.5624118694483188,0.0,1,C:\Users\LOQ\Downloads\Rakshak AI\ml\..\ml\..\data\dataset_runs\attack_059\doc_4.txt.encrypted,attack_059
2026-08-16T09:53:50Z,0.9829856215359765,0.6273386238838803,0.4071115982565491,1.0,0.8218797973892008,0.0,0.16480911801594644,0.661390916803404,0.038170133938311694,0.2947127966608558,0.53041989111659,0.0,1,C:\Users\LOQ\Downloads\Rakshak AI\ml\..\ml\..\data\dataset_runs\attack_059\salary_2026.xlsx.encrypted,attack_059
2026-08-16T09:53:47Z,1.0,0.05902976914973121,0.23257455345914946,0.0,0.9985108467042964,0.0,0.009388781044342579,0.9997664750093512,0.08692487259566796,0.0,0.5063833602719565,0.05076517610017011,1,C:\Users\LOQ\Downloads\Rakshak AI\ml\..\ml\..\data\dataset_runs\attack_060\doc_0.txt.encrypted,attack_060
2026-08-16T09:53:48Z,0.9692796332538176,0.23021673267644502,0.4371710329892408,0.0,0.480209430059429,0.0,0.5148775517735066,0.9730238727363459,0.0,0.05253069271479762,0.4637815342361224,0.0011954509353418654,1,C:\Users\LOQ\Downloads\Rakshak AI\ml\..\ml\..\data\dataset_runs\attack_060\doc_1.txt,attack_060
2026-08-16T09:53:49Z,0.9421068595686916,0.30789415052428726,0.40715282279385734,0.0,0.3053162283469297,0.0005309722508722948,0.6720779983654799,0.9850091257696106,0.00999564008716527,0.15193131628889373,0.5009675497241832,0.0,1,C:\Users\LOQ\Downloads\Rakshak AI\ml\..\ml\..\data\dataset_runs\attack_060\doc_2.txt,attack_060
2026-08-16T09:53:49Z,1.0,0.40067489025266817,0.43437053424635746,0.0,0.46687201670828415,0.0,0.493008349295646,0.978430761447505,0.0,0.19742149469866196,0.5151389240923006,0.0,1,C:\Users\LOQ\Downloads\Rakshak AI\ml\..\ml\..\data\dataset_runs\attack_060\doc_3.txt.encrypted,attack_060
2026-08-16T09:53:50Z,0.9515716028405607,0.5144133046780524,0.36182983128934354,0.0,0.5902885962042564,0.017826612196313776,0.44680631419453326,1.0,0.0,0.30062399819720265,0.5023510514976713,0.0,1,C:\Users\LOQ\Downloads\Rakshak AI\ml\..\ml\..\data\dataset_runs\attack_060\doc_4.txt.encrypted,attack_060
2026-08-16T09:53:47Z,0.9739645354665436,0.09143017100929561,0.15437078754750577,0.0,0.008678152516517542,0.03178717237564993,1.0,0.9980393503140698,0.12660611744529843,0.02301702917026421,0.5010669307505087,0.03847878650454909,1,C:\Users\LOQ\Downloads\Rakshak AI\ml\..\ml\..\data\dataset_runs\attack_061\doc_0.txt,attack_061
2026-08-16T09:53:48Z,0.7816057137113218,0.18748262567948462,0.22863902334704586,0.0,0.011227432801915299,0.0,1.0,0.4838044021016396,0.0,0.03421578452709087,0.40545711170758125,0.0,1,C:\Users\LOQ\Downloads\Rakshak AI\ml\..\ml\..\data\dataset_runs\attack_061\doc_1.txt,attack_061
2026-08-16T09:53:49Z,1.0,0.3044273909806343,0.38292775332767254,0.0,0.32829678337578644,0.0,0.6692549459182178,0.63628042049427,0.00734184604017425,0.1123587126946479,0.5466705121592239,0.03410647802336052,1,C:\Users\LOQ\Downloads\Rakshak AI\ml\..\ml\..\data\dataset_runs\attack_061\doc_2.txt.encrypted,attack_061
2026-08-16T09:53:49Z,0.7743023740133399,0.41558395351000954,0.37811575376911444,0.0,0.498366250500658,0.015737850434334975,0.4942837974771097,0.4564997410337233,0.01278920320305056,0.16044915749811572,0.44156384003942595,0.008571968926157558,1,C:\Users\LOQ\Downloads\Rakshak AI\ml\..\ml\..\data\dataset_runs\attack_061\doc_3.txt.encrypted,attack_061
2026-08-16T09:53:50Z,0.9867775014101632,0.4986264643518166,0.43329207159180255,1.0,0.5837401816497637,0.008839300520408494,0.38230143850084897,0.617258469109267,0.0,0.31517671238941547,0.544872638814888,0.018466970718851197,1,C:\Users\LOQ\Downloads\Rakshak AI\ml\..\ml\..\data\dataset_runs\attack_061\salary_2026.xlsx.encrypted,attack_061
2026-08-16T09:53:47Z,0.9694205336811037,0.07414211691506617,0.214344629628256,0.0,1.0,0.001720764253366379,0.0,1.0,0.11120481797609516,0.0,0.5287971125994513,0.0,1,C:\Users\LOQ\Downloads\Rakshak AI\ml\..\ml\..\data\dataset_runs\attack_062\doc_0.txt.encrypted,attack_062
2026-08-16T09:53:48Z,1.0,0.18179482433185218,0.18437236161359558,0.0,0.9813697653813185,0.026949283498347763,0.013410527841575053,1.0,0.0,0.03664239882968439,0.499794433085119,0.021057680771781623,1,C:\Users\LOQ\Downloads\Rakshak AI\ml\..\ml\..\data\dataset_runs\attack_062\doc_1.txt.encrypted,attack_062
2026-08-16T09:53:48Z,0.9840464537973923,0.3124643621250519,0.18769486561452123,0.0,0.9750296153730703,0.0019176572749259706,0.02994593748575486,0.9987736858312977,0.0,0.1034137964031091,0.512617682131644,0.0,1,C:\Users\LOQ\Downloads\Rakshak AI\ml\..\ml\..\data\dataset_runs\attack_062\doc_2.txt.encrypted,attack_062
2026-08-16T09:53:49Z,0.9907956000950019,0.36854881905466147,0.19828132860339845,0.0,0.9742979263231262,0.0,0.0,1.0,0.021249312190386352,0.14557782514279868,0.5032634338217573,0.0,1,C:\Users\LOQ\Downloads\Rakshak AI\ml\..\ml\..\data\dataset_runs\attack_062\doc_3.txt.encrypted,attack_062
2026-08-16T09:53:49Z,0.9854431468748944,0.4921270174617293,0.1695404188954644,0.0,1.0,0.021643013910943035,0.0,1.0,0.02391583293110236,0.1870490580098217,0.5454142384808223,0.0,1,C:\Users\LOQ\Downloads\Rakshak AI\ml\..\ml\..\data\dataset_runs\attack_062\doc_4.txt.encrypted,attack_062
2026-08-16T09:53:50Z,0.9953230644466325,0.6066363043465022,0.22568872605342669,1.0,0.9921939734795543,0.0,0.0,1.0,0.0035200240018449704,0.2898453009678583,0.47327203995103717,0.02903758647452879,1,C:\Users\LOQ\Downloads\Rakshak AI\ml\..\ml\..\data\dataset_runs\attack_062\salary_2026.xlsx.encrypted,attack_062
2026-08-16T09:53:47Z,0.7669712471948985,0.082209369440993,0.20266338470961018,0.0,1.0,0.0,0.0,0.0025583100676441622,0.11370582415897314,0.0020300031034101826,0.5340611276380458,0.0,1,C:\Users\LOQ\Downloads\Rakshak AI\ml\..\ml\..\data\dataset_runs\attack_063\doc_0.txt.encrypted,attack_063
2026-08-16T09:53:48Z,1.0,0.20022312339312254,0.23155244836607922,0.0,1.0,0.0,0.025513869657516796,0.5126061769457206,0.006236179386833142,0.05524044710028155,0.6080694680413091,0.013544338066274484,1,C:\Users\LOQ\Downloads\Rakshak AI\ml\..\ml\..\data\dataset_runs\attack_063\doc_1.txt.encrypted,attack_063
2026-08-16T09:53:48Z,0.9713017777148897,0.3108058989349782,0.22806573251598777,0.0,0.9803676391203323,0.03945101915238774,0.014811009547845483,0.6724190678622123,0.0,0.10583803756663626,0.5060328951053285,0.0,1,C:\Users\LOQ\Downloads\Rakshak AI\ml\..\ml\..\data\dataset_runs\attack_063\doc_2.txt.encrypted,attack_063
2026-08-16T09:53:50Z,0.9514627580974127,0.42277399879333033,0.22179547700398844,0.0,1.0,0.009812800435029908,0.013923667302146558,0.7489858714031544,0.01587064461409562,0.24307957789308013,0.5074142998896471,0.0038849078001482102,1,C:\Users\LOQ\Downloads\Rakshak AI\ml\..\ml\..\data\dataset_runs\attack_063\doc_3.txt.encrypted,attack_063
2026-08-16T09:53:50Z,0.9483949016983763,0.5019187163063029,0.20899041131309407,0.0,0.9987742028463396,0.039597296649536415,0.002697729056139688,0.7753378830807579,0.0,0.2664251464271202,0.5188695299482299,0.04789598569555764,1,C:\Users\LOQ\Downloads\Rakshak AI\ml\..\ml\..\data\dataset_runs\attack_063\doc_4.txt.encrypted,attack_063
2026-08-16T09:53:51Z,0.9536391712525678,0.5772511063211969,0.39895394756839114,0.0,0.8168004940353827,0.014095198876109018,0.1517920119975342,0.8203916522810316,0.0,0.3411673624103347,0.5224726228688631,0.01342871878044712,1,C:\Users\LOQ\Downloads\Rakshak AI\ml\..\ml\..\data\dataset_runs\attack_063\doc_5.txt,attack_063
2026-08-16T09:53:51Z,1.0,0.7361178152609478,0.39097984583947737,0.0,0.7467593385172079,0.019603012537637587,0.2992090896132449,0.8571892712597268,0.02494959491090859,0.38280530686314307,0.5177796660371755,0.015980676370262126,1,C:\Users\LOQ\Downloads\Rakshak AI\ml\..\ml\..\data\dataset_runs\attack_063\doc_6.txt,attack_063
2026-08-16T09:53:52Z,1.0,0.7567875495156655,0.4018243060610293,0.0,0.7558400291994496,0.0039572956204903436,0.21119838626794377,0.903446986239509,0.0,0.41154147564736776,0.5521026759099784,0.0018503092014137067,1,C:\Users\LOQ\Downloads\Rakshak AI\ml\..\ml\..\data\dataset_runs\attack_063\doc_7.txt.encrypted,attack_063
2026-08-16T09:53:52Z,0.924667267964952,0.9104880269955072,0.3563880882147604,0.0,0.8241621240110713,0.0,0.18177534329272932,0.8635759633076194,0.02812788794879049,0.4830042303078241,0.542732145780344,0.0194202703702575,1,C:\Users\LOQ\Downloads\Rakshak AI\ml\..\ml\..\data\dataset_runs\attack_063\doc_8.txt.encrypted,attack_063
2026-08-16T09:53:53Z,0.9687474916733635,0.9927999287048516,0.39387781293184043,0.0,0.8109798192834186,0.0,0.20584170949909342,0.8569224121580677,0.0,0.5653379963772462,0.481932602700757,0.0,1,C:\Users\LOQ\Downloads\Rakshak AI\ml\..\ml\..\data\dataset_runs\attack_063\doc_9.txt.encrypted,attack_063
2026-08-16T09:53:47Z,0.9743883453765897,0.12580286949287536,0.2102572376064417,0.0,0.9900006372698188,0.028979444162856315,0.004673145739601382,0.9979010290841686,0.14442293299562461,0.02463861593401726,0.4965657271219095,0.0,1,C:\Users\LOQ\Downloads\Rakshak AI\ml\..\ml\..\data\dataset_runs\attack_064\doc_0.txt.encrypted,attack_064
2026-08-16T09:53:48Z,0.9693407997465184,0.18955165376262376,0.21008339333757062,0.0,0.9726752411538608,0.0,0.0,0.9810330166619182,0.0082535114229103,0.08960209260031116,0.511957428052228,0.0,1,C:\Users\LOQ\Downloads\Rakshak AI\ml\..\ml\..\data\dataset_runs\attack_064\doc_1.txt.encrypted,attack_064
2026-08-16T09:53:49Z,0.9833538177545527,0.3041770377875355,0.175386738015579,0.0,0.9877757612888821,0.029382048119896677,0.0,1.0,0.005435227078411948,0.19320382804438654,0.48911288638199685,0.0,1,C:\Users\LOQ\Downloads\Rakshak AI\ml\..\ml\..\data\dataset_runs\attack_064\doc_2.txt.encrypted,attack_064
2026-08-16T09:53:47Z,0.9754644649891228,0.1146190480298099,0.20270792156037315,0.0,1.0,0.0,0.02100652597047094,0.98135557123649,0.11423450191437073,0.009206375772982276,0.5134415600996431,0.01853180500734899,1,C:\Users\LOQ\Downloads\Rakshak AI\ml\..\ml\..\data\dataset_runs\attack_065\doc_0.txt.encrypted,attack_065
2026-08-16T09:53:48Z,0.9720241056523505,0.23253145750850907,0.21601346944776784,0.0,1.0,0.012953458169104311,0.008887876588146751,0.9802787729615413,0.0064181797725225385,0.09811466672441788,0.4804996390675572,0.0,1,C:\Users\LOQ\Downloads\Rakshak AI\ml\..\ml\..\data\dataset_runs\attack_065\doc_1.txt.encrypted,attack_065
2026-08-16T09:53:49Z,0.9930683959834117,0.31129142017660016,0.19922019059039253,0.0,1.0,0.0072969521551578195,0.0,0.9987581645667052,0.0,0.1718004086541153,0.5052284180158426,0.0032070725880225482,1,C:\Users\LOQ\Downloads\Rakshak AI\ml\..\ml\..\data\dataset_runs\attack_065\doc_2.txt.encrypted,attack_065
2026-08-16T09:53:50Z,0.9910940686253734,0.40589344687511236,0.41549638186414856,0.0,0.7649974291057005,0.0,0.2651273793688328,1.0,0.01728838828350476,0.22513994135505408,0.4950853205669712,0.032817647112362056,1,C:\Users\LOQ\Downloads\Rakshak AI\ml\..\ml\..\data\dataset_runs\attack_065\doc_3.txt,attack_065
2026-08-16T09:53:51Z,0.9942165784078257,0.5135803504298926,0.41975156228750166,0.0,0.7987089230679585,0.0,0.2016558818520445,0.9850769731337051,0.00250091441086023,0.3287052875699575,0.48868522062991265,0.0030897348523579206,1,C:\Users\LOQ\Downloads\Rakshak AI\ml\..\ml\..\data\dataset_runs\attack_065\doc_4.txt.encrypted,attack_065
2026-08-16T09:53:51Z,0.9708377964658951,0.6025291273196504,0.3908207423359584,0.0,0.8275423120929297,0.0,0.1791808193399754,1.0,0.01301475743808703,0.4262460152314222,0.5141741298832387,0.0012801586239822107,1,C:\Users\LOQ\Downloads\Rakshak AI\ml\..\ml\..\data\dataset_runs\attack_065\doc_5.txt.encrypted,attack_065
2026-08-16T09:53:52Z,0.9723324838607457,0.7118179929011083,0.36559454060413055,0.0,0.8267635031256697,0.019896032338095834,0.15142986836929176,1.0,0.0,0.4617428272881688,0.5047709803460947,0.0,1,C:\Users\LOQ\Downloads\Rakshak AI\ml\..\ml\..\data\dataset_runs\attack_065\doc_6.txt.encrypted,attack_065
2026-08-16T09:53:53Z,0.9672733647418267,0.841073972469189,0.4112805988279563,0.0,0.8760598095891726,0.0,0.13131586838296003,0.9778406366944733,0.0,0.5107472722321942,0.48578810334873707,0.0,1,C:\Users\LOQ\Downloads\Rakshak AI\ml\..\ml\..\data\dataset_runs\attack_065\doc_7.txt.encrypted,attack_065
2026-08-16T09:53:53Z,0.9785703892843799,0.8883372279868865,0.3936427291091669,0.0,0.8814902432740305,5.616660337698792e-05,0.12671133707540683,0.9874193371598438,0.01837536697522849,0.5296802279929854,0.4732495443389601,0.008949418321474618,1,C:\Users\LOQ\Downloads\Rakshak AI\ml\..\ml\..\data\dataset_runs\attack_065\doc_8.txt.encrypted,attack_065
2026-08-16T09:53:53Z,0.7609203787940504,1.0,0.4091101712647657,1.0,0.9348834996615741,0.0,0.081538225543975,1.0,0.006726931037542119,0.6259096739479222,0.4337613427661111,0.028723141642594447,1,C:\Users\LOQ\Downloads\Rakshak AI\ml\..\ml\..\data\dataset_runs\attack_065\salary_2026.xlsx.encrypted,attack_065
2026-08-16T09:53:47Z,0.9658396124809433,0.08851030005585106,0.24674849762878487,0.0,1.0,0.0005760326597996247,0.010559340890960807,1.0,0.08160909750287973,0.0,0.5072428180316607,0.0,1,C:\Users\LOQ\Downloads\Rakshak AI\ml\..\ml\..\data\dataset_runs\attack_066\doc_0.txt.encrypted,attack_066
2026-08-16T09:53:49Z,0.9640284990612474,0.1864510494126646,0.1956910101032489,0.0,1.0,0.0,0.013511843559129861,1.0,0.0006212740516094279,0.08840926280274417,0.49933537580808407,0.01996363606209447,1,C:\Users\LOQ\Downloads\Rakshak AI\ml\..\ml\..\data\dataset_runs\attack_066\doc_1.txt.encrypted,attack_066
2026-08-16T09:53:50Z,0.9690551619737394,0.26684452937722286,0.22362902733462311,0.0,0.9506938924559358,0.006847667542502789,0.0,0.9840817095286637,0.0,0.270246981908838,0.5049299341486239,0.003835243506418011,1,C:\Users\LOQ\Downloads\Rakshak AI\ml\..\ml\..\data\dataset_runs\attack_066\doc_2.txt.encrypted,attack_066
2026-08-16T09:53:50Z,0.9717225809022713,0.41086635570398,0.1844397302610021,0.0,1.0,0.005408561569073689,0.03499909585865416,0.9827161347642512,0.014388696529519282,0.29294490404833307,0.4965431406797926,0.0,1,C:\Users\LOQ\Downloads\Rakshak AI\ml\..\ml\..\data\dataset_runs\attack_066\doc_3.txt.encrypted,attack_066
2026-08-16T09:53:47Z,0.988725789154463,0.10506660578053138,0.2054075878332566,0.0,0.0,0.026138439845725576,0.9607750762147843,1.0,0.12680800159346384,0.008835864688509628,0.4958087455780791,0.0,1,C:\Users\LOQ\Downloads\Rakshak AI\ml\..\ml\..\data\dataset_runs\attack_067\doc_0.txt,attack_067
2026-08-16T09:53:48Z,0.9534872892458309,0.19467050629132956,0.3919775540617729,0.0,0.47117672129184596,0.0,0.47051363167181437,0.9935332495855975,0.0,0.03661220746099084,0.5030878636744863,0.0008934335750048348,1,C:\Users\LOQ\Downloads\Rakshak AI\ml\..\ml\..\data\dataset_runs\attack_067\doc_1.txt.encrypted,attack_067
2026-08-16T09:53:48Z,0.9829075355839897,0.2986858865736897,0.42332478485914815,0.0,0.3403804456797718,0.0,0.6819918517824062,0.9997519318385516,0.0,0.08234858597619032,0.5102549238622843,0.01655819193967611,1,C:\Users\LOQ\Downloads\Rakshak AI\ml\..\ml\..\data\dataset_runs\attack_067\doc_2.txt,attack_067
2026-08-16T09:53:49Z,1.0,0.41435694559312974,0.4052728349639257,0.0,0.5149174856275989,0.007347473086833068,0.49265247851082467,1.0,0.0,0.12729243368954307,0.520201094064958,0.005152754064291158,1,C:\Users\LOQ\Downloads\Rakshak AI\ml\..\ml\..\data\dataset_runs\attack_067\doc_3.txt.encrypted,attack_067
2026-08-16T09:53:49Z,0.9464762282184807,0.4961347712344713,0.3918742238276474,0.0,0.6342989078559506,0.0,0.3754154556766729,1.0,0.0,0.18859112419619,0.49292144871476123,0.0,1,C:\Users\LOQ\Downloads\Rakshak AI\ml\..\ml\..\data\dataset_runs\attack_067\doc_4.txt.encrypted,attack_067
2026-08-16T09:53:50Z,0.9986401293008038,0.5799127322907982,0.4314572281487378,0.0,0.7015808276690714,0.0,0.32700515694760357,1.0,0.0,0.27113408628072383,0.49723086801842453,0.0,1,C:\Users\LOQ\Downloads\Rakshak AI\ml\..\ml\..\data\dataset_runs\attack_067\doc_5.txt.encrypted,attack_067
2026-08-16T09:53:51Z,0.9825960410341744,0.7225795060106407,0.39390794773945736,0.0,0.7437130751789054,0.015793233610448817,0.30335644887811647,0.963778886020656,0.0,0.44552347124396735,0.49363615229243035,0.03393607639909337,1,C:\Users\LOQ\Downloads\Rakshak AI\ml\..\ml\..\data\dataset_runs\attack_067\doc_6.txt.encrypted,attack_067
2026-08-16T09:53:52Z,0.9538492681936968,0.8047293654224589,0.39290597243567194,0.0,0.6214394895676887,0.0148058783680238,0.42598088569931486,1.0,0.0,0.4293222235044819,0.5092422313900475,0.0,1,C:\Users\LOQ\Downloads\Rakshak AI\ml\..\ml\..\data\dataset_runs\attack_067\doc_7.txt,attack_067
2026-08-16T09:53:52Z,0.9841859361841135,0.8815994325157858,0.3992352619240818,0.0,0.6654053623485892,0.009218826011972504,0.32596178335944376,1.0,0.0,0.5051270730672885,0.4944466205391144,0.01939941748929507,1,C:\Users\LOQ\Downloads\Rakshak AI\ml\..\ml\..\data\dataset_runs\attack_067\doc_8.txt.encrypted,attack_067
2026-08-16T09:53:53Z,0.9356564632868868,1.0,0.40654301730820464,0.0,0.5772267208401174,0.015556451963092806,0.3926095558818819,1.0,0.013896204302905495,0.57040966334807,0.4920146570095881,0.010565162908133042,1,C:\Users\LOQ\Downloads\Rakshak AI\ml\..\ml\..\data\dataset_runs\attack_067\doc_9.txt,attack_067
2026-08-16T09:53:47Z,0.9405632018620701,0.12863304666722317,0.17965587396260052,0.0,1.0,0.0009063804157884746,0.0,0.9841636628419108,0.13545436056051485,0.021243957316312033,0.47441482435615967,0.0,1,C:\Users\LOQ\Downloads\Rakshak AI\ml\..\ml\..\data\dataset_runs\attack_068\doc_0.txt.encrypted,attack_068
2026-08-16T09:53:48Z,0.9674157513416961,0.1820506898348357,0.19534463419529202,0.0,0.9961563990436595,0.01589920080275432,0.03460302079882872,0.979877213198667,0.0018688839677993888,0.018374028702177598,0.5187765564628075,0.0,1,C:\Users\LOQ\Downloads\Rakshak AI\ml\..\ml\..\data\dataset_runs\attack_068\doc_1.txt.encrypted,attack_068
2026-08-16T09:53:48Z,0.975946393138397,0.3042255108825318,0.24942552376433674,0.0,1.0,0.006249900312242138,0.028777437690032843,1.0,0.0,0.10825638533182388,0.5296832994256863,0.0,1,C:\Users\LOQ\Downloads\Rakshak AI\ml\..\ml\..\data\dataset_runs\attack_068\doc_2.txt.encrypted,attack_068
2026-08-16T09:53:49Z,0.7676483500774933,0.4150103274514595,0.18458875800307453,0.0,0.9972438843669011,0.027135675032153722,0.0,0.7641830792402707,0.0,0.16277683085135847,0.43837699412748043,0.010145740267138673,1,C:\Users\LOQ\Downloads\Rakshak AI\ml\..\ml\..\data\dataset_runs\attack_068\doc_3.txt.encrypted,attack_068
2026-08-16T09:53:50Z,0.9707750976256803,0.45884098110131866,0.2129413250237589,0.0,0.9944570380725145,0.010113941614484779,0.030617361445380676,0.7814797253191091,0.0,0.23502942632209767,0.5019967440639536,0.012034471966785337,1,C:\Users\LOQ\Downloads\Rakshak AI\ml\..\ml\..\data\dataset_runs\attack_068\doc_4.txt.encrypted,attack_068
2026-08-16T09:53:50Z,0.9465872910722806,0.6127015824919718,0.18916153626404608,0.0,0.9745355721718911,0.011492356752123607,0.0,0.8502090957892809,0.0160066096699553,0.21143865239887674,0.5310171885363342,0.0,1,C:\Users\LOQ\Downloads\Rakshak AI\ml\..\ml\..\data\dataset_runs\attack_068\doc_5.txt.encrypted,attack_068
2026-08-16T09:53:51Z,0.9644565627921733,0.7083118546194377,0.21878220833211115,0.0,0.9668753271436636,0.0,0.0001106279218196897,0.8198977123538495,0.0,0.33673195008256834,0.5182655809004777,0.016762586288954426,1,C:\Users\LOQ\Downloads\Rakshak AI\ml\..\ml\..\data\dataset_runs\attack_068\doc_6.txt.encrypted,attack_068
2026-08-16T09:53:47Z,0.9893257346352612,0.08012051511169377,0.178245198107717,0.0,0.9823163251190707,0.0,0.0,0.9647018264676863,0.10482539180316428,0.023683883536780533,0.4876806627984398,0.0,1,C:\Users\LOQ\Downloads\Rakshak AI\ml\..\ml\..\data\dataset_runs\attack_069\doc_0.txt.encrypted,attack_069
2026-08-16T09:53:48Z,0.7639246195910535,0.19952190912055984,0.3904919101434047,0.0,0.48458845704364106,0.023199241658864327,0.488580530093704,0.47839995954673137,0.021761114777823016,0.07674799791749749,0.3890674501574067,0.0,1,C:\Users\LOQ\Downloads\Rakshak AI\ml\..\ml\..\data\dataset_runs\attack_069\doc_1.txt,attack_069
2026-08-16T09:53:48Z,1.0,0.3089418936142782,0.4275960208302205,0.0,0.32506971561828685,0.027830468785425406,0.6684787982707072,0.7163344890618747,0.007770806158182663,0.09376038027028491,0.5619076605811325,0.0,1,C:\Users\LOQ\Downloads\Rakshak AI\ml\..\ml\..\data\dataset_runs\attack_069\doc_2.txt,attack_069
2026-08-16T09:53:50Z,0.9965923284771466,0.3923859249036317,0.40509151913523034,1.0,0.5283466191365572,0.02921272482506077,0.49553592542720365,0.7651809202871407,0.0,0.21714466854768463,0.49910544278420266,0.0,1,C:\Users\LOQ\Downloads\Rakshak AI\ml\..\ml\..\data\dataset_runs\attack_069\salary_2026.xlsx.encrypted,attack_069
2026-08-16T09:53:48Z,0.9623845445896414,0.07730646131012434,0.18182871128394734,0.0,0.9998026770523538,0.0,0.022724032830053472,0.999771742913126,0.10916660959582007,0.0,0.5134425200518433,0.0,1,C:\Users\LOQ\Downloads\Rakshak AI\ml\..\ml\..\data\dataset_runs\attack_070\doc_0.txt.encrypted,attack_070
2026-08-16T09:53:48Z,0.9839718382661675,0.19708020995012412,0.25249846211154375,0.0,0.9567897902733031,0.0,0.0,0.9847001607960616,0.006459251565471743,0.008531800278359973,0.4832507509215241,0.0,1,C:\Users\LOQ\Downloads\Rakshak AI\ml\..\ml\..\data\dataset_runs\attack_070\doc_1.txt.encrypted,attack_070
2026-08-16T09:53:48Z,0.958762490586432,0.2659078539129993,0.1908223745287407,0.0,1.0,0.0,0.0,1.0,0.0,0.04735015104855611,0.5259984909384173,0.018900015365857947,1,C:\Users\LOQ\Downloads\Rakshak AI\ml\..\ml\..\data\dataset_runs\attack_070\doc_2.txt.encrypted,attack_070
2026-08-16T09:53:48Z,0.9979278581294105,0.425497600288884,0.1670453407080743,0.0,0.9861691479255953,0.007682482259159318,0.0034814173128018466,1.0,0.023235597973018492,0.09975894971868052,0.48388621959217376,0.0,1,C:\Users\LOQ\Downloads\Rakshak AI\ml\..\ml\..\data\dataset_runs\attack_070\doc_3.txt.encrypted,attack_070
2026-08-16T09:53:49Z,0.979723351458578,0.5174664096328887,0.1921128750808135,1.0,1.0,0.0,0.0,1.0,0.022077371719541654,0.09572006480595582,0.4875840211719021,0.013197670298324183,1,C:\Users\LOQ\Downloads\Rakshak AI\ml\..\ml\..\data\dataset_runs\attack_070\salary_2026.xlsx.encrypted,attack_070
2026-08-16T09:53:48Z,0.9487123560460249,0.1143420868194894,0.18194297822576236,0.0,0.9601724153817556,0.0,0.03589567723078077,1.0,0.08419275570993034,0.0,0.5146633258961341,0.0,1,C:\Users\LOQ\Downloads\Rakshak AI\ml\..\ml\..\data\dataset_runs\attack_071\doc_0.txt.encrypted,attack_071
2026-08-16T09:53:48Z,0.761973361591871,0.1904900030868286,0.1958878628521586,0.0,0.9943750307373845,0.0,0.00019001741417455417,0.5136667992335524,0.0,0.06584948278820556,0.3988640975959652,0.009331609328552927,1,C:\Users\LOQ\Downloads\Rakshak AI\ml\..\ml\..\data\dataset_runs\attack_071\doc_1.txt.encrypted,attack_071
2026-08-16T09:53:49Z,0.9389240489430878,0.3018334415287423,0.4009352491455541,0.0,0.6341920591436295,0.022779232355278945,0.358859458646939,0.705600008046573,0.0341846955335906,0.1387525740447165,0.5404642857318677,0.014441631927808963,1,C:\Users\LOQ\Downloads\Rakshak AI\ml\..\ml\..\data\dataset_runs\attack_071\doc_2.txt,attack_071
2026-08-16T09:53:50Z,0.9805172791833195,0.3757523998132175,0.3740077865320844,0.0,0.7794224594134926,0.01713767430429685,0.23655350394841468,0.7161185931411759,0.0,0.21881464500721917,0.5249989657476578,0.006779954000827215,1,C:\Users\LOQ\Downloads\Rakshak AI\ml\..\ml\..\data\dataset_runs\attack_071\doc_3.txt.encrypted,attack_071
2026-08-16T09:53:50Z,0.9550696469832761,0.5406161601707251,0.4093865648164565,0.0,0.8000106549397036,0.0038390763786732038,0.19886208843384562,0.8151789146115199,0.0,0.2772313496843624,0.5454296583185458,0.0,1,C:\Users\LOQ\Downloads\Rakshak AI\ml\..\ml\..\data\dataset_runs\attack_071\doc_4.txt.encrypted,attack_071
2026-08-16T09:53:51Z,0.9764402785180908,0.5928409314241978,0.4132428514203979,0.0,0.7120796238503588,0.0,0.3360722208825244,0.8549303529234658,0.0,0.2965399309773046,0.5116449951642792,0.0,1,C:\Users\LOQ\Downloads\Rakshak AI\ml\..\ml\..\data\dataset_runs\attack_071\doc_5.txt,attack_071
2026-08-16T09:53:51Z,1.0,0.6792118388502224,0.384612770769762,0.0,0.5914568801063486,0.005404808802664564,0.42687268167105513,0.895628021950927,0.0,0.3504469808525225,0.49600953442836837,0.007815279714485503,1,C:\Users\LOQ\Downloads\Rakshak AI\ml\..\ml\..\data\dataset_runs\attack_071\doc_6.txt,attack_071
2026-08-16T09:53:52Z,0.9467747333039501,0.779761057668957,0.4254311439644543,0.0,0.5920342523830215,0.025643617543682617,0.3923435814242794,0.86291783111954,0.0,0.46757194323462886,0.5211612785951992,0.0,1,C:\Users\LOQ\Downloads\Rakshak AI\ml\..\ml\..\data\dataset_runs\attack_071\doc_7.txt.encrypted,attack_071
2026-08-16T09:53:48Z,0.7905965171863246,0.09558234719691995,0.21611854396770502,0.0,0.9869621344741945,0.0,0.027216549964464435,0.0,0.12792327184392502,0.006959608635174587,0.5510597439284599,0.0,1,C:\Users\LOQ\Downloads\Rakshak AI\ml\..\ml\..\data\dataset_runs\attack_072\doc_0.txt.encrypted,attack_072
2026-08-16T09:53:48Z,0.9878386283023438,0.20314190270459231,0.20938654229787512,0.0,1.0,0.0,0.0,0.471897787594389,0.012223419861679553,0.08969238022240124,0.5981699006819738,0.0,1,C:\Users\LOQ\Downloads\Rakshak AI\ml\..\ml\..\data\dataset_runs\attack_072\doc_1.txt.encrypted,attack_072
2026-08-16T09:53:49Z,1.0,0.28720288385412407,0.1893346818008221,0.0,1.0,0.0,0.0,0.6603727075663678,0.03332555258684621,0.14704559838667414,0.532565950143252,0.0,1,C:\Users\LOQ\Downloads\Rakshak AI\ml\..\ml\..\data\dataset_runs\attack_072\doc_2.txt.encrypted,attack_072
2026-08-16T09:53:50Z,0.9634930055066718,0.3908315815112691,0.3765440130380946,0.0,0.7875375596679652,0.0,0.23579389397472272,0.7467582898512974,0.0,0.27456555003428745,0.5331070788441622,0.0,1,C:\Users\LOQ\Downloads\Rakshak AI\ml\..\ml\..\data\dataset_runs\attack_072\doc_3.txt,attack_072
2026-08-16T09:53:51Z,0.9785211233313597,0.46116818058418735,0.4516703184331379,0.0,0.8076300230463497,0.011219115633400906,0.21424696428048406,0.7787893250961287,0.0,0.3601862704825274,0.4930332640770293,0.0,1,C:\Users\LOQ\Downloads\Rakshak AI\ml\..\ml\..\data\dataset_runs\attack_072\doc_4.txt.encrypted,attack_072
2026-08-16T09:53:52Z,0.9392801778603986,0.5689799112930334,0.4042029670751592,0.0,0.839318851308081,0.0,0.16904313188490502,0.8327899059831587,0.0046404923005130905,0.38755070169078887,0.5147878988372893,0.001040530271176371,1,C:\Users\LOQ\Downloads\Rakshak AI\ml\..\ml\..\data\dataset_runs\attack_072\doc_5.txt.encrypted,attack_072
2026-08-16T09:53:53Z,0.9595052401402706,0.6838242906696842,0.41531790454420575,0.0,0.8782617615723397,0.01744196241943752,0.13538604518568656,0.8691105188014673,0.0064281106533501005,0.47930325111331107,0.5162769328804547,0.011611575973953694,1,C:\Users\LOQ\Downloads\Rakshak AI\ml\..\ml\..\data\dataset_runs\attack_072\doc_6.txt.encrypted,attack_072
2026-08-16T09:53:53Z,0.9505798897633115,0.8033160058113021,0.4254110261764573,0.0,0.9006657797888804,0.0,0.12948692198231448,0.8544087922001214,0.0,0.5848323063741583,0.529145482807683,0.005683273643032739,1,C:\Users\LOQ\Downloads\Rakshak AI\ml\..\ml\..\data\dataset_runs\attack_072\doc_7.txt.encrypted,attack_072
2026-08-16T09:53:54Z,0.987517910997907,0.90463661591064,0.40258878550500216,0.0,0.7534782646444071,0.0,0.2197345301681779,0.8784401177814145,0.0,0.5970882594697345,0.5197482080765261,0.0,1,C:\Users\LOQ\Downloads\Rakshak AI\ml\..\ml\..\data\dataset_runs\attack_072\doc_8.txt,attack_072
2026-08-16T09:53:55Z,0.7894813150277942,0.9968990955630757,0.4245732566855484,0.0,0.8276635438070508,0.0,0.19648580832979645,0.8379803232022696,0.029563391948650496,0.6886578191969481,0.4115458337523514,0.015390177183588651,1,C:\Users\LOQ\Downloads\Rakshak AI\ml\..\ml\..\data\dataset_runs\attack_072\doc_9.txt.encrypted,attack_072
2026-08-16T09:53:48Z,1.0,0.11324613496652376,0.18724489360301988,0.0,0.011034664845606817,0.020034723054174038,1.0,1.0,0.0923083066283696,0.035334709746129685,0.4746853944645773,0.0,1,C:\Users\LOQ\Downloads\Rakshak AI\ml\..\ml\..\data\dataset_runs\attack_073\doc_0.txt,attack_073
2026-08-16T09:53:48Z,0.9637208074883281,0.2041020763324414,0.4111019581867329,0.0,0.4923482055027647,0.00997412341851551,0.5011042242514029,1.0,0.004401299462925531,0.032317435233781416,0.5131258550442708,0.0035354182516670195,1,C:\Users\LOQ\Downloads\Rakshak AI\ml\..\ml\..\data\dataset_runs\attack_073\doc_1.txt.encrypted,attack_073
2026-08-16T09:53:49Z,0.9874739851533717,0.32132022482793965,0.40857016735726853,0.0,0.7179493472700651,0.013320343192221012,0.3180629888999361,1.0,0.0,0.186376227431584,0.49561489060054054,0.023728953556275783,1,C:\Users\LOQ\Downloads\Rakshak AI\ml\..\ml\..\data\dataset_runs\attack_073\doc_2.txt.encrypted,attack_073
2026-08-16T09:53:50Z,0.9956817960764313,0.4027848766534583,0.38909613796497855,0.0,0.7413290115512156,0.0,0.28358155219630565,1.0,0.0,0.2647712596266588,0.49967157331063283,0.01581287431495395,1,C:\Users\LOQ\Downloads\Rakshak AI\ml\..\ml\..\data\dataset_runs\attack_073\doc_3.txt.encrypted,attack_073
2026-08-16T09:53:51Z,0.9792060955646188,0.4956240610339677,0.37678216078961785,0.0,0.7831971105141043,0.030196664207104932,0.17733535231316427,0.9890495296280307,0.006405857016309007,0.29608992210452334,0.49650632968272684,0.02994553876329801,1,C:\Users\LOQ\Downloads\Rakshak AI\ml\..\ml\..\data\dataset_runs\attack_073\doc_4.txt.encrypted,attack_073
2026-08-16T09:53:48Z,0.9343766631437607,0.14973710419389002,0.1819774282341099,0.0,1.0,0.029357843130635844,0.0,1.0,0.10740765058813602,0.017506786940427992,0.5023898444909304,0.0,1,C:\Users\LOQ\Downloads\Rakshak AI\ml\..\ml\..\data\dataset_runs\attack_074\doc_0.txt.encrypted,attack_074
2026-08-16T09:53:48Z,0.7827616870936663,0.21689020250955965,0.4099432957111545,0.0,0.5391957863523071,0.0,0.4802436925269851,0.5102855856841866,0.015114490817294615,0.03901736610275051,0.3906342631207763,0.0,1,C:\Users\LOQ\Downloads\Rakshak AI\ml\..\ml\..\data\dataset_runs\attack_074\doc_1.txt,attack_074
2026-08-16T09:53:49Z,0.9763239886119621,0.3210811389811006,0.38489787814080256,0.0,0.6973261154283422,0.0,0.31117415764202855,0.6442295223512925,0.0280686446042251,0.13490591429884038,0.5970341342576656,0.0013449499181843463,1,C:\Users\LOQ\Downloads\Rakshak AI\ml\..\ml\..\data\dataset_runs\attack_074\doc_2.txt.encrypted,attack_074
2026-08-16T09:53:50Z,0.9845381545578201,0.379635500728594,0.3923934420727729,0.0,0.7758683188188219,0.0,0.2583758810155714,0.7697808291606366,0.0,0.1733976397688158,0.5482057768817762,0.0,1,C:\Users\LOQ\Downloads\Rakshak AI\ml\..\ml\..\data\dataset_runs\attack_074\doc_3.txt.encrypted,attack_074
2026-08-16T09:53:51Z,1.0,0.5356029626045382,0.40666787698540463,0.0,0.7917756349745295,0.009464246458144315,0.22852663161081338,0.8034547877646248,0.028472616426315066,0.29114051442423106,0.5281747058126164,0.0,1,C:\Users\LOQ\Downloads\Rakshak AI\ml\..\ml\..\data\dataset_runs\attack_074\doc_4.txt.encrypted,attack_074
2026-08-16T09:53:51Z,0.9776542214084812,0.5735976013637502,0.4107323123596492,0.0,0.8141146120933334,0.0,0.17972611167775998,0.8276982579296063,0.0,0.334733396743161,0.528416267824036,0.0,1,C:\Users\LOQ\Downloads\Rakshak AI\ml\..\ml\..\data\dataset_runs\attack_074\doc_5.txt.encrypted,attack_074
2026-08-16T09:53:51Z,1.0,0.7390392500135157,0.40870313877406705,0.0,0.8569269278029438,0.014517703075442786,0.12321039113296661,0.8492154725937222,0.0,0.37781087296822136,0.5411319756578776,0.007205208737914475,1,C:\Users\LOQ\Downloads\Rakshak AI\ml\..\ml\..\data\dataset_runs\attack_074\doc_6.txt.encrypted,attack_074
2026-08-16T09:53:52Z,0.9301286439418116,0.8015041264564815,0.41059367867321583,0.0,0.7257272836713861,0.013651842145565491,0.23446573393363787,0.8448816490401441,0.0,0.41122368004583,0.5062098297845309,0.02241762369887138,1,C:\Users\LOQ\Downloads\Rakshak AI\ml\..\ml\..\data\dataset_runs\attack_074\doc_7.txt,attack_074
2026-08-16T09:53:52Z,0.9657762407927073,0.877386643958374,0.3987935947949258,0.0,0.7863918279968691,0.01310969374388915,0.1991220460186374,0.8723175799201794,0.0,0.4528306172966303,0.5242726765204392,0.0,1,C:\Users\LOQ\Downloads\Rakshak AI\ml\..\ml\..\data\dataset_runs\attack_074\doc_8.txt.encrypted,attack_074
2026-08-16T09:53:53Z,1.0,0.971329171412893,0.37836880474381834,0.0,0.7822134276066172,0.009601633359526067,0.2214831250305145,0.8963611557240081,0.0,0.5726222608867354,0.505903232940068,0.0,1,C:\Users\LOQ\Downloads\Rakshak AI\ml\..\ml\..\data\dataset_runs\attack_074\doc_9.txt.encrypted,attack_074
2026-08-16T09:53:54Z,0.7911878608663938,0.9922060252227755,0.43395533243289114,1.0,0.8090770694399148,0.0,0.17128452916120446,0.9307047046749298,0.0,0.6226990249292389,0.4145265491049791,0.0,1,C:\Users\LOQ\Downloads\Rakshak AI\ml\..\ml\..\data\dataset_runs\attack_074\salary_2026.xlsx.encrypted,attack_074
2026-08-16T09:53:48Z,0.9895919508275302,0.08339973179339322,0.19871420587063682,0.0,1.0,0.010640293414648502,0.0,1.0,0.12965933468630725,0.02322493908916998,0.51873218924117,0.046724803112971815,1,C:\Users\LOQ\Downloads\Rakshak AI\ml\..\ml\..\data\dataset_runs\attack_075\doc_0.txt.encrypted,attack_075
2026-08-16T09:53:48Z,0.9784660069368899,0.20003580680049374,0.19200422025442568,0.0,1.0,0.004236854214191755,0.0,0.9745025128949565,0.0,0.06519534757552055,0.551812785683417,0.0,1,C:\Users\LOQ\Downloads\Rakshak AI\ml\..\ml\..\data\dataset_runs\attack_075\doc_1.txt.encrypted,attack_075
2026-08-16T09:53:48Z,0.9996227025535365,0.2768900593957184,0.2117480418496874,0.0,1.0,0.015628110715194928,0.025103611887742235,1.0,0.0014279825899433409,0.11283870287640813,0.4728247423634976,0.0,1,C:\Users\LOQ\Downloads\Rakshak AI\ml\..\ml\..\data\dataset_runs\attack_075\doc_2.txt.encrypted,attack_075
2026-08-16T09:53:49Z,0.9642904071864159,0.3988452762090282,0.21157564378441082,0.0,0.9950991796797969,0.0,0.009800388179589881,0.9777428489734423,0.0380679026810297,0.08238483795395489,0.4732238011717827,0.020640473488895146,1,C:\Users\LOQ\Downloads\Rakshak AI\ml\..\ml\..\data\dataset_runs\attack_075\doc_3.txt.encrypted,attack_075
2026-08-16T09:53:49Z,1.0,0.5141415414521193,0.1776291135758399,0.0,1.0,0.004197643971929437,0.017025865826795907,0.9802917365064373,0.03962366569598949,0.17599456556470247,0.4993572051376508,0.0,1,C:\Users\LOQ\Downloads\Rakshak AI\ml\..\ml\..\data\dataset_runs\attack_075\doc_4.txt.encrypted,attack_075
2026-08-16T09:53:50Z,0.9569855728132434,0.5708794369078437,0.19955697712306347,0.0,1.0,0.017993794181430035,0.0,0.9866229389924562,0.0,0.2230187549917216,0.4867266761999151,0.009950120369497512,1,C:\Users\LOQ\Downloads\Rakshak AI\ml\..\ml\..\data\dataset_runs\attack_075\doc_5.txt.encrypted,attack_075
2026-08-16T09:53:50Z,0.9347000714735088,0.752960177551529,0.36694204039255746,0.0,0.846183206189628,0.0,0.16628893088087923,1.0,0.0,0.2597407196140362,0.5139614231825005,0.0,1,C:\Users\LOQ\Downloads\Rakshak AI\ml\..\ml\..\data\dataset_runs\attack_075\doc_6.txt,attack_075
2026-08-16T09:53:51Z,0.9840017318011902,0.8020553434966735,0.41102694497103437,0.0,0.8618752716567643,0.0,0.12413003780595848,0.9907090919135156,0.04000982177557779,0.3614653942704797,0.47888145500958945,0.003523699953473779,1,C:\Users\LOQ\Downloads\Rakshak AI\ml\..\ml\..\data\dataset_runs\attack_075\doc_7.txt.encrypted,attack_075
2026-08-16T09:53:52Z,0.9718394516616256,0.8913098836529654,0.43633953896844335,1.0,0.9064273394333834,0.010011881881936672,0.1335339243989931,0.9602579833593166,0.0,0.40431800692716785,0.514240462427754,0.0,1,C:\Users\LOQ\Downloads\Rakshak AI\ml\..\ml\..\data\dataset_runs\attack_075\salary_2026.xlsx.encrypted,attack_075
2026-08-16T09:53:48Z,0.9865286611509584,0.0896461669902171,0.19210051749099472,0.0,1.0,0.046061175896745334,0.03882320275315917,0.9916331488548737,0.1178763272298133,0.0,0.5004908398363954,0.01923792118813404,1,C:\Users\LOQ\Downloads\Rakshak AI\ml\..\ml\..\data\dataset_runs\attack_076\doc_0.txt.encrypted,attack_076
2026-08-16T09:53:48Z,1.0,0.19720129166047473,0.15784488595098248,0.0,0.9808294475108665,0.02337216451438953,0.017063779226921923,0.9955465257400905,0.003960804468579633,0.07776053369315133,0.4947845304375121,0.012513610061015848,1,C:\Users\LOQ\Downloads\Rakshak AI\ml\..\ml\..\data\dataset_runs\attack_076\doc_1.txt.encrypted,attack_076
2026-08-16T09:53:48Z,0.9815388001991822,0.2787464274241812,0.19659208389633384,0.0,0.9959345626585953,0.015653237936673402,0.020314556746495377,0.9852908305724102,0.0,0.07401931456823506,0.49343242281287536,0.0,1,C:\Users\LOQ\Downloads\Rakshak AI\ml\..\ml\..\data\dataset_runs\attack_076\doc_2.txt.encrypted,attack_076
2026-08-16T09:53:49Z,0.9777117057352285,0.381127441860781,0.22151413853626495,0.0,0.9950640623755036,0.0,0.007912677256948613,1.0,0.0018511085474336869,0.16572500053485173,0.4900003878714124,0.0,1,C:\Users\LOQ\Downloads\Rakshak AI\ml\..\ml\..\data\dataset_runs\attack_076\doc_3.txt.encrypted,attack_076
2026-08-16T09:53:50Z,0.9503606822071087,0.5202854523696938,0.2143898784523732,0.0,0.9991888620139676,0.028070050001786858,0.0,1.0,0.0,0.2947217735829569,0.5362610779879129,0.020816916925429866,1,C:\Users\LOQ\Downloads\Rakshak AI\ml\..\ml\..\data\dataset_runs\attack_076\doc_4.txt.encrypted,attack_076
2026-08-16T09:53:51Z,0.9896888785107102,0.5978659597559478,0.21995894591573714,0.0,1.0,0.0,0.00674943920622321,1.0,0.0315196338077405,0.3147636716058881,0.4715269786234398,0.020352896547148825,1,C:\Users\LOQ\Downloads\Rakshak AI\ml\..\ml\..\data\dataset_runs\attack_076\doc_5.txt.encrypted,attack_076
2026-08-16T09:53:52Z,0.9759070252578008,0.6997209644469427,0.1958448507701573,1.0,0.9979859339307132,0.0012405330380548811,0.0,1.0,0.0,0.41346363317953094,0.5114520547301764,0.0,1,C:\Users\LOQ\Downloads\Rakshak AI\ml\..\ml\..\data\dataset_runs\attack_076\salary_2026.xlsx.encrypted,attack_076
2026-08-16T09:53:48Z,0.9866538912132882,0.1383765056822616,0.1997894913383922,0.0,0.9627825511726553,0.0,0.0052522514555539326,0.9809418483619005,0.1114986303229583,0.0,0.49199652336398647,0.0,1,C:\Users\LOQ\Downloads\Rakshak AI\ml\..\ml\..\data\dataset_runs\attack_077\doc_0.txt.encrypted,attack_077
2026-08-16T09:53:48Z,0.9850120415912166,0.19884905053983193,0.1969928181261581,0.0,0.9744264629525848,0.003621693739233371,0.004604293165977853,1.0,0.0,0.11159738112306675,0.4916199899351501,0.026010658223411445,1,C:\Users\LOQ\Downloads\Rakshak AI\ml\..\ml\..\data\dataset_runs\attack_077\doc_1.txt.encrypted,attack_077
2026-08-16T09:53:49Z,0.9731348596952681,0.28140621040202657,0.2215960728917181,0.0,1.0,0.02128976594173136,0.02857766221041185,0.9998079738500106,0.0,0.05569992005353937,0.5058853352797069,0.0035561595141671326,1,C:\Users\LOQ\Downloads\Rakshak AI\ml\..\ml\..\data\dataset_runs\attack_077\doc_2.txt.encrypted,attack_077
2026-08-16T09:53:49Z,0.8092822619478112,0.37047850798686494,0.17400510296407695,0.0,1.0,0.0,0.0,0.7467964373497896,0.01601106182710342,0.16205373965544156,0.3990492651155245,0.0,1,C:\Users\LOQ\Downloads\Rakshak AI\ml\..\ml\..\data\dataset_runs\attack_077\doc_3.txt.encrypted,attack_077
2026-08-16T09:53:50Z,0.9628640915258777,0.5428557978123423,0.18391217574397478,0.0,1.0,0.027917929341107036,0.0,0.7831442699245725,0.0,0.2317415412428741,0.5321418750392134,0.002691250810161698,1,C:\Users\LOQ\Downloads\Rakshak AI\ml\..\ml\..\data\dataset_runs\attack_077\doc_4.txt.encrypted,attack_077
2026-08-16T09:53:50Z,0.818323937521592,0.6199693054128614,0.1963923608905169,0.0,1.0,0.008337634255082566,0.004320469598894722,0.6571803981375208,0.015742482796616636,0.2568434295648997,0.39344238779452273,0.015399342984285445,1,C:\Users\LOQ\Downloads\Rakshak AI\ml\..\ml\..\data\dataset_runs\attack_077\doc_5.txt.encrypted,attack_077
2026-08-16T09:53:51Z,0.9612533055750302,0.7110003950995736,0.2275878061033673,0.0,1.0,0.0,0.0,0.7119831275492114,0.0,0.3837981228005011,0.5290290093749767,0.0,1,C:\Users\LOQ\Downloads\Rakshak AI\ml\..\ml\..\data\dataset_runs\attack_077\doc_6.txt.encrypted,attack_077
2026-08-16T09:53:52Z,0.8102796711321253,0.8092173784964187,0.4032705544393688,1.0,0.9059788112379438,0.0,0.12779536431246222,0.749190622311841,0.0,0.4181246374261808,0.44654347935337546,0.0,1,C:\Users\LOQ\Downloads\Rakshak AI\ml\..\ml\..\data\dataset_runs\attack_077\salary_2026.xlsx,attack_077
2026-08-16T09:53:48Z,0.7833732917084156,0.10198888989420113,0.19872459849816196,0.0,0.9717666779757184,0.0,0.0,0.004883557406207248,0.14451863590612915,0.007431843240345354,0.5137680092038457,0.03445740660974149,1,C:\Users\LOQ\Downloads\Rakshak AI\ml\..\ml\..\data\dataset_runs\attack_078\doc_0.txt.encrypted,attack_078
2026-08-16T09:53:49Z,0.7930879591719542,0.21216995217911344,0.40382395642942087,0.0,0.5170626893971008,0.0,0.4839288487527573,0.0,0.026114834401328686,0.07458085413381975,0.5390726905784511,0.0,1,C:\Users\LOQ\Downloads\Rakshak AI\ml\..\ml\..\data\dataset_runs\attack_078\doc_1.txt,attack_078
2026-08-16T09:53:49Z,0.9861620943483241,0.25507742029772756,0.4065877736333865,0.0,0.6971084188444417,0.007275799486595984,0.34695011905580736,0.32802485003815707,0.027355839660850007,0.13584496504671592,0.5908535474508665,0.0,1,C:\Users\LOQ\Downloads\Rakshak AI\ml\..\ml\..\data\dataset_runs\attack_078\doc_2.txt.encrypted,attack_078
2026-08-16T09:53:50Z,0.9798798830741463,0.4093515433716109,0.40053178141030293,0.0,0.7235206337280178,0.0,0.2497020497959389,0.4970440683318233,0.02295886285461031,0.2460383813985308,0.5275432566641807,0.0,1,C:\Users\LOQ\Downloads\Rakshak AI\ml\..\ml\..\data\dataset_runs\attack_078\doc_3.txt.encrypted,attack_078
2026-08-16T09:53:51Z,0.9621411332817515,0.49158630128543834,0.3588872612727014,0.0,0.5948140788292767,0.0,0.3938238007829638,0.5908095506783357,0.0,0.3539815474862481,0.5397664862856852,0.02170021542861076,1,C:\Users\LOQ\Downloads\Rakshak AI\ml\..\ml\..\data\dataset_runs\attack_078\doc_4.txt,attack_078
2026-08-16T09:53:52Z,1.0,0.5953340992989009,0.4282838448851341,0.0,0.6493264435526113,0.0,0.300429023830049,0.6746805274135058,0.0,0.42882465835225114,0.5410473076782021,0.00041519939602989447,1,C:\Users\LOQ\Downloads\Rakshak AI\ml\..\ml\..\data\dataset_runs\attack_078\doc_5.txt.encrypted,attack_078
2026-08-16T09:53:53Z,0.9939180847377502,0.6907505953352315,0.3931412023184732,0.0,0.5899430570179258,0.0,0.40469352681054505,0.6764500353732775,0.0130428604474328,0.5192031170131938,0.5483454296753043,0.009024859552630795,1,C:\Users\LOQ\Downloads\Rakshak AI\ml\..\ml\..\data\dataset_runs\attack_078\doc_6.txt,attack_078
2026-08-16T09:53:54Z,0.9956006123635187,0.8164158367546668,0.42437473816496024,0.0,0.65419054224934,0.0,0.3605945226550478,0.7601940360501681,0.0,0.5812169454888769,0.5278662802603179,0.0,1,C:\Users\LOQ\Downloads\Rakshak AI\ml\..\ml\..\data\dataset_runs\attack_078\doc_7.txt.encrypted,attack_078
2026-08-16T09:53:55Z,0.9668805065915125,0.9155017353592607,0.4485841006905696,0.0,0.6594654010702788,0.008924920378240294,0.32957167760997813,0.7705942538957208,0.0,0.6948076390984798,0.5484265320449964,0.0,1,C:\Users\LOQ\Downloads\Rakshak AI\ml\..\ml\..\data\dataset_runs\attack_078\doc_8.txt.encrypted,attack_078
2026-08-16T09:53:55Z,0.9501779248212734,1.0,0.4293966847096749,0.0,0.7010341808756251,0.0,0.3164251960361055,0.8095100493857902,0.0060518546142285185,0.7748944615318359,0.5200706795440131,0.0007959756049460724,1,C:\Users\LOQ\Downloads\Rakshak AI\ml\..\ml\..\data\dataset_runs\attack_078\doc_9.txt.encrypted,attack_078
2026-08-16T09:53:56Z,0.9930259920652728,1.0,0.40615461255820423,1.0,0.7265801929205148,0.0,0.24972096837692706,0.8041475166713823,0.0,0.7819693552015198,0.5262329082041497,0.0019733563358280103,1,C:\Users\LOQ\Downloads\Rakshak AI\ml\..\ml\..\data\dataset_runs\attack_078\salary_2026.xlsx.encrypted,attack_078
2026-08-16T09:53:48Z,0.963274317162214,0.10625844384069746,0.19770487855289257,0.0,0.996103958704142,0.003894403479923024,0.010886737989062872,1.0,0.09307485121926497,0.0,0.4838758615312003,0.014018271984016095,1,C:\Users\LOQ\Downloads\Rakshak AI\ml\..\ml\..\data\dataset_runs\attack_079\doc_0.txt.encrypted,attack_079
2026-08-16T09:53:48Z,0.9909243911721105,0.2053148855078232,0.17586102870337778,0.0,1.0,0.008827528205731568,0.0572910870337805,1.0,0.0,0.04924035045998543,0.47821274785789847,0.04314147573222101,1,C:\Users\LOQ\Downloads\Rakshak AI\ml\..\ml\..\data\dataset_runs\attack_079\doc_1.txt.encrypted,attack_079
2026-08-16T09:53:49Z,0.7652144822733152,0.29701737597761646,0.4503067883634581,0.0,0.6669855906843465,0.0,0.30652722288693196,0.6596348012825051,0.0,0.11743793743508782,0.40428172252046596,0.010336741484415095,1,C:\Users\LOQ\Downloads\Rakshak AI\ml\..\ml\..\data\dataset_runs\attack_079\doc_2.txt,attack_079
2026-08-16T09:53:50Z,0.9637541752962748,0.39933896030907107,0.6177218627825705,1.0,0.5135229931421458,0.0,0.46989837564238485,0.7508008221416468,0.008528116990548344,0.19798364876259894,0.5152071923462963,0.044299004107328004,1,C:\Users\LOQ\Downloads\Rakshak AI\ml\..\ml\..\data\dataset_runs\attack_079\salary_2026.xlsx,attack_079
